before_id,after_id,iou,before_h_m,after_h_m,delta_m,class,area_m2,reason
667,667,1.0,81.23,14.79,-66.44,COLLAPSED,34.5,lost 82% of 81.2 m
674,674,1.0,81.22,16.88,-64.34,COLLAPSED,33.8,lost 79% of 81.2 m
1136,1136,1.0,67.66,15.72,-51.94,COLLAPSED,13.0,lost 77% of 67.7 m
581,581,1.0,53.72,8.25,-45.47,COLLAPSED,44.4,lost 85% of 53.7 m
889,889,1.0,45.83,7.43,-38.4,COLLAPSED,20.3,lost 84% of 45.8 m
1182,1182,1.0,40.71,2.5,-38.21,COLLAPSED,12.2,lost 94% of 40.7 m
568,568,1.0,40.7,3.85,-36.85,COLLAPSED,45.7,lost 91% of 40.7 m
1098,1098,1.0,30.43,3.54,-26.89,COLLAPSED,13.8,lost 88% of 30.4 m
349,349,1.0,34.38,7.8,-26.58,COLLAPSED,107.4,lost 77% of 34.4 m
855,855,1.0,30.99,6.5,-24.49,COLLAPSED,21.6,lost 79% of 31.0 m
1120,1120,1.0,24.66,2.54,-22.12,COLLAPSED,13.4,lost 90% of 24.7 m
786,786,1.0,24.72,2.68,-22.04,COLLAPSED,25.8,lost 89% of 24.7 m
472,472,1.0,23.18,1.4,-21.78,COLLAPSED,64.3,lost 94% of 23.2 m
514,514,1.0,23.83,2.45,-21.38,COLLAPSED,54.9,lost 90% of 23.8 m
587,587,1.0,21.93,1.22,-20.71,COLLAPSED,43.6,lost 94% of 21.9 m
792,792,1.0,23.84,3.19,-20.65,COLLAPSED,25.4,lost 87% of 23.8 m
462,462,1.0,21.75,1.38,-20.37,COLLAPSED,67.4,lost 94% of 21.8 m
864,864,1.0,23.59,3.41,-20.18,COLLAPSED,21.2,lost 86% of 23.6 m
813,813,1.0,25.38,5.89,-19.49,COLLAPSED,23.8,lost 77% of 25.4 m
787,787,1.0,22.86,3.82,-19.04,COLLAPSED,25.8,lost 83% of 22.9 m
823,823,1.0,24.79,5.79,-19.0,COLLAPSED,23.2,lost 77% of 24.8 m
505,505,1.0,20.09,1.5,-18.59,COLLAPSED,56.4,lost 93% of 20.1 m
984,984,1.0,21.27,2.94,-18.33,COLLAPSED,17.0,lost 86% of 21.3 m
452,452,1.0,19.2,2.49,-16.71,COLLAPSED,71.7,lost 87% of 19.2 m
597,597,1.0,20.03,3.78,-16.25,COLLAPSED,42.8,lost 81% of 20.0 m
292,292,1.0,18.44,2.62,-15.82,COLLAPSED,136.9,lost 86% of 18.4 m
705,705,1.0,16.99,1.36,-15.63,COLLAPSED,30.6,lost 92% of 17.0 m
102,102,1.0,16.78,1.23,-15.55,COLLAPSED,354.1,lost 93% of 16.8 m
997,997,1.0,18.97,3.49,-15.48,COLLAPSED,16.8,lost 82% of 19.0 m
1230,1230,1.0,19.33,4.3,-15.03,COLLAPSED,11.3,lost 78% of 19.3 m
1062,1062,1.0,16.75,1.9,-14.85,COLLAPSED,14.8,lost 89% of 16.8 m
460,460,1.0,17.66,3.12,-14.54,COLLAPSED,68.9,lost 82% of 17.7 m
756,756,1.0,15.21,0.8,-14.41,COLLAPSED,27.5,lost 95% of 15.2 m
1122,1122,1.0,17.9,3.68,-14.22,COLLAPSED,13.3,lost 79% of 17.9 m
1204,1204,1.0,18.31,4.35,-13.96,COLLAPSED,11.7,lost 76% of 18.3 m
327,327,1.0,17.95,4.03,-13.92,COLLAPSED,115.3,lost 78% of 17.9 m
1006,1006,1.0,16.88,3.26,-13.62,COLLAPSED,16.5,lost 81% of 16.9 m
739,739,1.0,16.06,2.57,-13.49,COLLAPSED,28.4,lost 84% of 16.1 m
368,368,1.0,16.01,2.61,-13.4,COLLAPSED,98.3,lost 84% of 16.0 m
691,691,1.0,16.38,3.44,-12.94,COLLAPSED,32.0,lost 79% of 16.4 m
367,367,1.0,14.88,1.99,-12.89,COLLAPSED,98.8,lost 87% of 14.9 m
482,482,1.0,16.16,3.63,-12.53,COLLAPSED,62.2,lost 78% of 16.2 m
1041,1041,1.0,14.09,1.92,-12.17,COLLAPSED,15.6,lost 86% of 14.1 m
542,542,1.0,13.85,1.71,-12.14,COLLAPSED,49.9,lost 88% of 13.8 m
1128,1128,1.0,12.79,0.97,-11.82,COLLAPSED,13.2,lost 92% of 12.8 m
722,722,1.0,15.05,3.24,-11.81,COLLAPSED,29.3,lost 78% of 15.1 m
348,348,1.0,13.4,1.78,-11.62,COLLAPSED,107.7,lost 87% of 13.4 m
991,991,1.0,12.84,1.26,-11.58,COLLAPSED,16.8,lost 90% of 12.8 m
1103,1103,1.0,15.24,3.76,-11.48,COLLAPSED,13.7,lost 75% of 15.2 m
107,107,1.0,13.7,2.28,-11.42,COLLAPSED,340.8,lost 83% of 13.7 m
819,819,1.0,13.08,1.85,-11.23,COLLAPSED,23.4,lost 86% of 13.1 m
694,694,1.0,13.73,3.29,-10.44,COLLAPSED,31.8,lost 76% of 13.7 m
778,778,1.0,13.44,3.02,-10.42,COLLAPSED,26.2,lost 78% of 13.4 m
170,170,1.0,12.23,2.02,-10.21,COLLAPSED,239.3,lost 83% of 12.2 m
200,200,1.0,11.87,1.75,-10.12,COLLAPSED,212.5,lost 85% of 11.9 m
519,519,1.0,13.18,3.17,-10.01,COLLAPSED,54.3,lost 76% of 13.2 m
205,205,1.0,12.0,2.2,-9.8,COLLAPSED,206.6,lost 82% of 12.0 m
641,641,1.0,10.72,0.97,-9.75,COLLAPSED,38.0,lost 91% of 10.7 m
359,359,1.0,11.14,1.64,-9.5,COLLAPSED,101.6,lost 85% of 11.1 m
139,139,1.0,11.36,1.9,-9.46,COLLAPSED,282.6,lost 83% of 11.4 m
1029,1029,1.0,10.97,1.62,-9.35,COLLAPSED,15.8,lost 85% of 11.0 m
1164,1164,1.0,12.15,2.84,-9.31,COLLAPSED,12.5,lost 77% of 12.2 m
358,358,1.0,10.26,0.99,-9.27,COLLAPSED,102.3,lost 90% of 10.3 m
893,893,1.0,10.27,1.08,-9.19,COLLAPSED,20.2,lost 89% of 10.3 m
1022,1022,1.0,11.95,2.87,-9.08,COLLAPSED,16.0,lost 76% of 11.9 m
189,189,1.0,11.35,2.29,-9.06,COLLAPSED,219.0,lost 80% of 11.3 m
326,326,1.0,9.79,0.97,-8.82,COLLAPSED,116.5,lost 90% of 9.8 m
508,508,1.0,8.99,0.63,-8.36,COLLAPSED,55.6,lost 93% of 9.0 m
1222,1222,1.0,10.24,2.27,-7.97,COLLAPSED,11.5,lost 78% of 10.2 m
295,295,1.0,8.14,0.6,-7.54,COLLAPSED,136.2,lost 93% of 8.1 m
854,854,1.0,7.96,0.69,-7.27,COLLAPSED,21.6,lost 91% of 8.0 m
475,475,1.0,7.85,0.63,-7.22,COLLAPSED,63.4,lost 92% of 7.8 m
635,635,1.0,7.55,0.72,-6.83,COLLAPSED,38.4,lost 90% of 7.5 m
291,291,1.0,7.89,1.45,-6.44,COLLAPSED,137.4,lost 82% of 7.9 m
532,532,1.0,73.45,33.55,-39.9,PARTIAL,52.2,lost 54% of 73.5 m
669,669,1.0,82.95,53.55,-29.4,PARTIAL,34.4,lost 35% of 83.0 m
656,656,1.0,82.86,53.85,-29.01,PARTIAL,35.8,lost 35% of 82.9 m
535,535,1.0,72.47,45.22,-27.25,PARTIAL,51.8,lost 38% of 72.5 m
215,215,1.0,51.31,27.11,-24.2,PARTIAL,195.7,lost 47% of 51.3 m
1161,1161,1.0,46.23,23.79,-22.44,PARTIAL,12.5,lost 49% of 46.2 m
573,573,1.0,55.13,35.92,-19.21,PARTIAL,45.2,lost 35% of 55.1 m
875,875,1.0,45.93,27.06,-18.87,PARTIAL,20.8,lost 41% of 45.9 m
911,911,1.0,42.84,24.72,-18.12,PARTIAL,19.6,lost 42% of 42.8 m
363,363,1.0,34.16,17.62,-16.54,PARTIAL,100.4,lost 48% of 34.2 m
1097,1097,1.0,30.97,17.35,-13.62,PARTIAL,13.8,lost 44% of 31.0 m
270,270,1.0,39.75,27.76,-11.99,PARTIAL,154.7,lost 30% of 39.8 m
824,824,1.0,27.5,16.03,-11.47,PARTIAL,23.2,lost 42% of 27.5 m
886,886,1.0,31.39,20.28,-11.11,PARTIAL,20.4,lost 35% of 31.4 m
963,963,1.0,34.36,23.56,-10.8,PARTIAL,17.8,lost 31% of 34.4 m
1071,1071,1.0,18.68,8.5,-10.18,PARTIAL,14.6,lost 54% of 18.7 m
961,961,1.0,20.47,10.54,-9.93,PARTIAL,17.8,lost 49% of 20.5 m
604,604,1.0,21.72,12.2,-9.52,PARTIAL,41.7,lost 44% of 21.7 m
405,405,1.0,23.99,14.5,-9.49,PARTIAL,84.8,lost 40% of 24.0 m
515,515,1.0,18.11,8.88,-9.23,PARTIAL,54.9,lost 51% of 18.1 m
726,726,1.0,23.82,14.63,-9.19,PARTIAL,29.2,lost 39% of 23.8 m
574,574,1.0,24.65,15.65,-9.0,PARTIAL,45.2,lost 37% of 24.6 m
507,507,1.0,20.3,11.59,-8.71,PARTIAL,55.9,lost 43% of 20.3 m
624,624,1.0,18.8,10.17,-8.63,PARTIAL,39.8,lost 46% of 18.8 m
781,781,1.0,17.17,8.63,-8.54,PARTIAL,26.0,lost 50% of 17.2 m
699,699,1.0,16.69,8.22,-8.47,PARTIAL,31.2,lost 51% of 16.7 m
355,355,1.0,16.52,8.06,-8.46,PARTIAL,102.8,lost 51% of 16.5 m
341,341,1.0,24.87,16.56,-8.31,PARTIAL,110.3,lost 33% of 24.9 m
1048,1048,1.0,17.19,9.19,-8.0,PARTIAL,15.3,lost 47% of 17.2 m
246,246,1.0,19.88,11.9,-7.98,PARTIAL,167.4,lost 40% of 19.9 m
384,384,1.0,20.62,12.84,-7.78,PARTIAL,91.7,lost 38% of 20.6 m
930,930,1.0,18.23,10.51,-7.72,PARTIAL,18.9,lost 42% of 18.2 m
429,429,1.0,21.85,14.19,-7.66,PARTIAL,78.7,lost 35% of 21.9 m
564,564,1.0,21.47,13.84,-7.63,PARTIAL,45.9,lost 36% of 21.5 m
771,771,1.0,23.96,16.37,-7.59,PARTIAL,26.6,lost 32% of 24.0 m
411,411,1.0,21.22,13.69,-7.53,PARTIAL,83.2,lost 35% of 21.2 m
943,943,1.0,17.96,10.48,-7.48,PARTIAL,18.4,lost 42% of 18.0 m
485,485,1.0,14.57,7.1,-7.47,PARTIAL,61.6,lost 51% of 14.6 m
692,692,1.0,16.33,8.96,-7.37,PARTIAL,32.0,lost 45% of 16.3 m
672,672,1.0,16.04,9.13,-6.91,PARTIAL,33.9,lost 43% of 16.0 m
112,112,1.0,14.55,7.9,-6.65,PARTIAL,334.1,lost 46% of 14.6 m
188,188,1.0,12.55,6.02,-6.53,PARTIAL,219.1,lost 52% of 12.6 m
1038,1038,1.0,18.81,12.38,-6.43,PARTIAL,15.6,lost 34% of 18.8 m
140,140,1.0,13.54,7.11,-6.43,PARTIAL,277.2,lost 47% of 13.5 m
832,832,1.0,11.57,5.26,-6.31,INCONCLUSIVE,22.8,"change -6.3 m is inside the +/-6.4 m interval on the difference, and that band is wider than the 25% damage threshold (2.9 m here) -- damage cannot be ruled out at this precision"
606,606,1.0,20.44,14.25,-6.19,INCONCLUSIVE,41.1,"change -6.2 m is inside the +/-6.4 m interval on the difference, and that band is wider than the 25% damage threshold (5.1 m here) -- damage cannot be ruled out at this precision"
337,337,1.0,7.17,1.0,-6.17,INCONCLUSIVE,111.8,"change -6.2 m is inside the +/-6.4 m interval on the difference, and that band is wider than the 25% damage threshold (1.8 m here) -- damage cannot be ruled out at this precision"
301,301,1.0,7.6,1.55,-6.05,INCONCLUSIVE,130.3,"change -6.0 m is inside the +/-6.4 m interval on the difference, and that band is wider than the 25% damage threshold (1.9 m here) -- damage cannot be ruled out at this precision"
486,486,1.0,6.75,0.81,-5.94,INCONCLUSIVE,61.1,"change -5.9 m is inside the +/-6.4 m interval on the difference, and that band is wider than the 25% damage threshold (1.7 m here) -- damage cannot be ruled out at this precision"
765,765,1.0,15.27,9.35,-5.92,INCONCLUSIVE,26.9,"change -5.9 m is inside the +/-6.4 m interval on the difference, and that band is wider than the 25% damage threshold (3.8 m here) -- damage cannot be ruled out at this precision"
1189,1189,1.0,13.21,7.35,-5.86,INCONCLUSIVE,12.0,"change -5.9 m is inside the +/-6.4 m interval on the difference, and that band is wider than the 25% damage threshold (3.3 m here) -- damage cannot be ruled out at this precision"
44,44,1.0,6.47,0.61,-5.86,INCONCLUSIVE,540.1,"change -5.9 m is inside the +/-6.4 m interval on the difference, and that band is wider than the 25% damage threshold (1.6 m here) -- damage cannot be ruled out at this precision"
247,247,1.0,13.35,7.53,-5.82,INCONCLUSIVE,167.4,"change -5.8 m is inside the +/-6.4 m interval on the difference, and that band is wider than the 25% damage threshold (3.3 m here) -- damage cannot be ruled out at this precision"
262,262,1.0,7.18,1.37,-5.81,INCONCLUSIVE,158.8,"change -5.8 m is inside the +/-6.4 m interval on the difference, and that band is wider than the 25% damage threshold (1.8 m here) -- damage cannot be ruled out at this precision"
64,64,1.0,12.88,7.07,-5.81,INCONCLUSIVE,475.2,"change -5.8 m is inside the +/-6.4 m interval on the difference, and that band is wider than the 25% damage threshold (3.2 m here) -- damage cannot be ruled out at this precision"
132,132,1.0,13.06,7.27,-5.79,INCONCLUSIVE,291.8,"change -5.8 m is inside the +/-6.4 m interval on the difference, and that band is wider than the 25% damage threshold (3.3 m here) -- damage cannot be ruled out at this precision"
1213,1213,1.0,16.53,10.75,-5.78,INCONCLUSIVE,11.6,"change -5.8 m is inside the +/-6.4 m interval on the difference, and that band is wider than the 25% damage threshold (4.1 m here) -- damage cannot be ruled out at this precision"
184,184,1.0,11.99,6.26,-5.73,INCONCLUSIVE,221.6,"change -5.7 m is inside the +/-6.4 m interval on the difference, and that band is wider than the 25% damage threshold (3.0 m here) -- damage cannot be ruled out at this precision"
588,588,1.0,6.4,0.68,-5.72,INCONCLUSIVE,43.2,"change -5.7 m is inside the +/-6.4 m interval on the difference, and that band is wider than the 25% damage threshold (1.6 m here) -- damage cannot be ruled out at this precision"
208,208,1.0,13.61,8.07,-5.54,INCONCLUSIVE,204.1,"change -5.5 m is inside the +/-6.4 m interval on the difference, and that band is wider than the 25% damage threshold (3.4 m here) -- damage cannot be ruled out at this precision"
104,104,1.0,7.03,1.5,-5.53,INCONCLUSIVE,349.3,"change -5.5 m is inside the +/-6.4 m interval on the difference, and that band is wider than the 25% damage threshold (1.8 m here) -- damage cannot be ruled out at this precision"
408,408,1.0,10.0,4.63,-5.37,INCONCLUSIVE,83.9,"change -5.4 m is inside the +/-6.4 m interval on the difference, and that band is wider than the 25% damage threshold (2.5 m here) -- damage cannot be ruled out at this precision"
121,121,1.0,5.89,0.54,-5.35,INCONCLUSIVE,317.1,"change -5.3 m is inside the +/-6.4 m interval on the difference, and that band is wider than the 25% damage threshold (1.5 m here) -- damage cannot be ruled out at this precision"
1101,1101,1.0,12.47,7.21,-5.26,INCONCLUSIVE,13.7,"change -5.3 m is inside the +/-6.4 m interval on the difference, and that band is wider than the 25% damage threshold (3.1 m here) -- damage cannot be ruled out at this precision"
1012,1012,1.0,17.0,11.76,-5.24,INCONCLUSIVE,16.3,"change -5.2 m is inside the +/-6.4 m interval on the difference, and that band is wider than the 25% damage threshold (4.2 m here) -- damage cannot be ruled out at this precision"
551,551,1.0,6.59,1.35,-5.24,INCONCLUSIVE,47.9,"change -5.2 m is inside the +/-6.4 m interval on the difference, and that band is wider than the 25% damage threshold (1.6 m here) -- damage cannot be ruled out at this precision"
525,525,1.0,10.17,4.95,-5.22,INCONCLUSIVE,53.7,"change -5.2 m is inside the +/-6.4 m interval on the difference, and that band is wider than the 25% damage threshold (2.5 m here) -- damage cannot be ruled out at this precision"
646,646,1.0,15.38,10.38,-5.0,INCONCLUSIVE,36.8,"change -5.0 m is inside the +/-6.4 m interval on the difference, and that band is wider than the 25% damage threshold (3.8 m here) -- damage cannot be ruled out at this precision"
24,24,1.0,5.31,0.36,-4.95,INCONCLUSIVE,778.8,"change -4.9 m is inside the +/-6.4 m interval on the difference, and that band is wider than the 25% damage threshold (1.3 m here) -- damage cannot be ruled out at this precision"
13,13,1.0,10.8,5.85,-4.95,INCONCLUSIVE,892.5,"change -5.0 m is inside the +/-6.4 m interval on the difference, and that band is wider than the 25% damage threshold (2.7 m here) -- damage cannot be ruled out at this precision"
882,882,1.0,5.84,0.9,-4.94,INCONCLUSIVE,20.6,"change -4.9 m is inside the +/-6.4 m interval on the difference, and that band is wider than the 25% damage threshold (1.5 m here) -- damage cannot be ruled out at this precision"
1009,1009,1.0,9.41,4.57,-4.84,INCONCLUSIVE,16.4,"change -4.8 m is inside the +/-6.4 m interval on the difference, and that band is wider than the 25% damage threshold (2.4 m here) -- damage cannot be ruled out at this precision"
719,719,1.0,13.71,8.93,-4.78,INCONCLUSIVE,29.8,"change -4.8 m is inside the +/-6.4 m interval on the difference, and that band is wider than the 25% damage threshold (3.4 m here) -- damage cannot be ruled out at this precision"
1173,1173,1.0,12.28,7.68,-4.6,INCONCLUSIVE,12.3,"change -4.6 m is inside the +/-6.4 m interval on the difference, and that band is wider than the 25% damage threshold (3.1 m here) -- damage cannot be ruled out at this precision"
155,155,1.0,12.2,7.62,-4.58,INCONCLUSIVE,252.7,"change -4.6 m is inside the +/-6.4 m interval on the difference, and that band is wider than the 25% damage threshold (3.0 m here) -- damage cannot be ruled out at this precision"
258,258,1.0,11.5,7.08,-4.42,INCONCLUSIVE,161.5,"change -4.4 m is inside the +/-6.4 m interval on the difference, and that band is wider than the 25% damage threshold (2.9 m here) -- damage cannot be ruled out at this precision"
934,934,1.0,11.61,7.24,-4.37,INCONCLUSIVE,18.6,"change -4.4 m is inside the +/-6.4 m interval on the difference, and that band is wider than the 25% damage threshold (2.9 m here) -- damage cannot be ruled out at this precision"
973,973,1.0,8.37,4.05,-4.32,INCONCLUSIVE,17.3,"change -4.3 m is inside the +/-6.4 m interval on the difference, and that band is wider than the 25% damage threshold (2.1 m here) -- damage cannot be ruled out at this precision"
29,29,1.0,5.46,1.18,-4.28,INCONCLUSIVE,671.8,"change -4.3 m is inside the +/-6.4 m interval on the difference, and that band is wider than the 25% damage threshold (1.4 m here) -- damage cannot be ruled out at this precision"
23,23,1.0,4.89,0.67,-4.22,INCONCLUSIVE,799.1,"change -4.2 m is inside the +/-6.4 m interval on the difference, and that band is wider than the 25% damage threshold (1.2 m here) -- damage cannot be ruled out at this precision"
464,464,1.0,4.58,0.38,-4.2,INCONCLUSIVE,66.8,"change -4.2 m is inside the +/-6.4 m interval on the difference, and that band is wider than the 25% damage threshold (1.1 m here) -- damage cannot be ruled out at this precision"
822,822,1.0,12.75,8.62,-4.13,INCONCLUSIVE,23.3,"change -4.1 m is inside the +/-6.4 m interval on the difference, and that band is wider than the 25% damage threshold (3.2 m here) -- damage cannot be ruled out at this precision"
959,959,1.0,12.42,8.31,-4.11,INCONCLUSIVE,17.9,"change -4.1 m is inside the +/-6.4 m interval on the difference, and that band is wider than the 25% damage threshold (3.1 m here) -- damage cannot be ruled out at this precision"
96,96,1.0,8.47,4.42,-4.05,INCONCLUSIVE,364.7,"change -4.1 m is inside the +/-6.4 m interval on the difference, and that band is wider than the 25% damage threshold (2.1 m here) -- damage cannot be ruled out at this precision"
924,924,1.0,9.18,5.15,-4.03,INCONCLUSIVE,19.2,"change -4.0 m is inside the +/-6.4 m interval on the difference, and that band is wider than the 25% damage threshold (2.3 m here) -- damage cannot be ruled out at this precision"
181,181,1.0,12.0,8.03,-3.97,INCONCLUSIVE,228.5,"change -4.0 m is inside the +/-6.4 m interval on the difference, and that band is wider than the 25% damage threshold (3.0 m here) -- damage cannot be ruled out at this precision"
282,282,1.0,8.27,4.31,-3.96,INCONCLUSIVE,144.7,"change -4.0 m is inside the +/-6.4 m interval on the difference, and that band is wider than the 25% damage threshold (2.1 m here) -- damage cannot be ruled out at this precision"
57,57,1.0,12.66,8.7,-3.96,INCONCLUSIVE,491.5,"change -4.0 m is inside the +/-6.4 m interval on the difference, and that band is wider than the 25% damage threshold (3.2 m here) -- damage cannot be ruled out at this precision"
998,998,1.0,12.08,8.15,-3.93,INCONCLUSIVE,16.7,"change -3.9 m is inside the +/-6.4 m interval on the difference, and that band is wider than the 25% damage threshold (3.0 m here) -- damage cannot be ruled out at this precision"
16,16,1.0,4.63,0.7,-3.93,INCONCLUSIVE,873.9,"change -3.9 m is inside the +/-6.4 m interval on the difference, and that band is wider than the 25% damage threshold (1.2 m here) -- damage cannot be ruled out at this precision"
70,70,1.0,7.27,3.36,-3.91,INCONCLUSIVE,456.2,"change -3.9 m is inside the +/-6.4 m interval on the difference, and that band is wider than the 25% damage threshold (1.8 m here) -- damage cannot be ruled out at this precision"
1108,1108,1.0,12.41,8.6,-3.81,INCONCLUSIVE,13.6,"change -3.8 m is inside the +/-6.4 m interval on the difference, and that band is wider than the 25% damage threshold (3.1 m here) -- damage cannot be ruled out at this precision"
918,918,1.0,10.52,6.73,-3.79,INCONCLUSIVE,19.5,"change -3.8 m is inside the +/-6.4 m interval on the difference, and that band is wider than the 25% damage threshold (2.6 m here) -- damage cannot be ruled out at this precision"
8,8,1.0,4.0,0.32,-3.68,INCONCLUSIVE,1044.8,"change -3.7 m is inside the +/-6.4 m interval on the difference, and that band is wider than the 25% damage threshold (1.0 m here) -- damage cannot be ruled out at this precision"
956,956,1.0,11.62,7.96,-3.66,INCONCLUSIVE,18.1,"change -3.7 m is inside the +/-6.4 m interval on the difference, and that band is wider than the 25% damage threshold (2.9 m here) -- damage cannot be ruled out at this precision"
652,652,1.0,8.33,4.75,-3.58,INCONCLUSIVE,36.4,"change -3.6 m is inside the +/-6.4 m interval on the difference, and that band is wider than the 25% damage threshold (2.1 m here) -- damage cannot be ruled out at this precision"
476,476,1.0,3.95,0.48,-3.47,INCONCLUSIVE,63.3,"change -3.5 m is inside the +/-6.4 m interval on the difference, and that band is wider than the 25% damage threshold (1.0 m here) -- damage cannot be ruled out at this precision"
248,248,1.0,7.13,4.89,-2.24,INCONCLUSIVE,166.6,"change -2.2 m is inside the +/-6.4 m interval on the difference, and that band is wider than the 25% damage threshold (1.8 m here) -- damage cannot be ruled out at this precision"
11,11,1.0,4.11,1.92,-2.19,INCONCLUSIVE,946.3,"change -2.2 m is inside the +/-6.4 m interval on the difference, and that band is wider than the 25% damage threshold (1.0 m here) -- damage cannot be ruled out at this precision"
571,571,1.0,6.19,4.31,-1.88,INCONCLUSIVE,45.5,"change -1.9 m is inside the +/-6.4 m interval on the difference, and that band is wider than the 25% damage threshold (1.5 m here) -- damage cannot be ruled out at this precision"
533,533,1.0,6.12,4.25,-1.87,INCONCLUSIVE,52.0,"change -1.9 m is inside the +/-6.4 m interval on the difference, and that band is wider than the 25% damage threshold (1.5 m here) -- damage cannot be ruled out at this precision"
116,116,1.0,3.49,1.63,-1.86,INCONCLUSIVE,325.7,"change -1.9 m is inside the +/-6.4 m interval on the difference, and that band is wider than the 25% damage threshold (0.9 m here) -- damage cannot be ruled out at this precision"
339,339,1.0,4.43,2.97,-1.46,INCONCLUSIVE,111.5,"change -1.5 m is inside the +/-6.4 m interval on the difference, and that band is wider than the 25% damage threshold (1.1 m here) -- damage cannot be ruled out at this precision"
506,506,1.0,3.49,2.44,-1.05,INCONCLUSIVE,56.2,"change -1.1 m is inside the +/-6.4 m interval on the difference, and that band is wider than the 25% damage threshold (0.9 m here) -- damage cannot be ruled out at this precision"
1233,1233,1.0,16.37,16.37,0.0,INCONCLUSIVE,11.3,"change +0.0 m is inside the +/-6.4 m interval on the difference, and that band is wider than the 25% damage threshold (4.1 m here) -- damage cannot be ruled out at this precision"
1231,1231,1.0,18.1,18.1,0.0,INCONCLUSIVE,11.3,"change +0.0 m is inside the +/-6.4 m interval on the difference, and that band is wider than the 25% damage threshold (4.5 m here) -- damage cannot be ruled out at this precision"
1229,1229,1.0,19.77,19.77,0.0,INCONCLUSIVE,11.3,"change +0.0 m is inside the +/-6.4 m interval on the difference, and that band is wider than the 25% damage threshold (4.9 m here) -- damage cannot be ruled out at this precision"
1228,1228,1.0,19.71,19.71,0.0,INCONCLUSIVE,11.4,"change +0.0 m is inside the +/-6.4 m interval on the difference, and that band is wider than the 25% damage threshold (4.9 m here) -- damage cannot be ruled out at this precision"
1227,1227,1.0,19.49,19.49,0.0,INCONCLUSIVE,11.4,"change +0.0 m is inside the +/-6.4 m interval on the difference, and that band is wider than the 25% damage threshold (4.9 m here) -- damage cannot be ruled out at this precision"
1226,1226,1.0,15.4,15.4,0.0,INCONCLUSIVE,11.4,"change +0.0 m is inside the +/-6.4 m interval on the difference, and that band is wider than the 25% damage threshold (3.9 m here) -- damage cannot be ruled out at this precision"
1225,1225,1.0,12.51,12.51,0.0,INCONCLUSIVE,11.4,"change +0.0 m is inside the +/-6.4 m interval on the difference, and that band is wider than the 25% damage threshold (3.1 m here) -- damage cannot be ruled out at this precision"
1224,1224,1.0,20.48,20.48,0.0,INCONCLUSIVE,11.5,"change +0.0 m is inside the +/-6.4 m interval on the difference, and that band is wider than the 25% damage threshold (5.1 m here) -- damage cannot be ruled out at this precision"
1221,1221,1.0,17.14,17.14,0.0,INCONCLUSIVE,11.5,"change +0.0 m is inside the +/-6.4 m interval on the difference, and that band is wider than the 25% damage threshold (4.3 m here) -- damage cannot be ruled out at this precision"
1220,1220,1.0,14.31,14.31,0.0,INCONCLUSIVE,11.5,"change +0.0 m is inside the +/-6.4 m interval on the difference, and that band is wider than the 25% damage threshold (3.6 m here) -- damage cannot be ruled out at this precision"
1219,1219,1.0,11.12,11.12,0.0,INCONCLUSIVE,11.5,"change +0.0 m is inside the +/-6.4 m interval on the difference, and that band is wider than the 25% damage threshold (2.8 m here) -- damage cannot be ruled out at this precision"
1218,1218,1.0,6.0,6.0,0.0,INCONCLUSIVE,11.5,"change +0.0 m is inside the +/-6.4 m interval on the difference, and that band is wider than the 25% damage threshold (1.5 m here) -- damage cannot be ruled out at this precision"
1217,1217,1.0,5.62,5.62,0.0,INCONCLUSIVE,11.5,"change +0.0 m is inside the +/-6.4 m interval on the difference, and that band is wider than the 25% damage threshold (1.4 m here) -- damage cannot be ruled out at this precision"
1216,1216,1.0,19.43,19.43,0.0,INCONCLUSIVE,11.5,"change +0.0 m is inside the +/-6.4 m interval on the difference, and that band is wider than the 25% damage threshold (4.9 m here) -- damage cannot be ruled out at this precision"
1215,1215,1.0,17.11,17.11,0.0,INCONCLUSIVE,11.6,"change +0.0 m is inside the +/-6.4 m interval on the difference, and that band is wider than the 25% damage threshold (4.3 m here) -- damage cannot be ruled out at this precision"
1214,1214,1.0,6.08,6.08,0.0,INCONCLUSIVE,11.6,"change +0.0 m is inside the +/-6.4 m interval on the difference, and that band is wider than the 25% damage threshold (1.5 m here) -- damage cannot be ruled out at this precision"
1212,1212,1.0,11.56,11.56,0.0,INCONCLUSIVE,11.6,"change +0.0 m is inside the +/-6.4 m interval on the difference, and that band is wider than the 25% damage threshold (2.9 m here) -- damage cannot be ruled out at this precision"
1211,1211,1.0,24.15,24.15,0.0,INCONCLUSIVE,11.6,"change +0.0 m is inside the +/-6.4 m interval on the difference, and that band is wider than the 25% damage threshold (6.0 m here) -- damage cannot be ruled out at this precision"
1210,1210,1.0,24.23,24.23,0.0,INCONCLUSIVE,11.6,"change +0.0 m is inside the +/-6.4 m interval on the difference, and that band is wider than the 25% damage threshold (6.1 m here) -- damage cannot be ruled out at this precision"
1208,1208,1.0,10.92,10.92,0.0,INCONCLUSIVE,11.7,"change +0.0 m is inside the +/-6.4 m interval on the difference, and that band is wider than the 25% damage threshold (2.7 m here) -- damage cannot be ruled out at this precision"
1207,1207,1.0,16.03,16.03,0.0,INCONCLUSIVE,11.7,"change +0.0 m is inside the +/-6.4 m interval on the difference, and that band is wider than the 25% damage threshold (4.0 m here) -- damage cannot be ruled out at this precision"
1206,1206,1.0,24.45,24.45,0.0,INCONCLUSIVE,11.7,"change +0.0 m is inside the +/-6.4 m interval on the difference, and that band is wider than the 25% damage threshold (6.1 m here) -- damage cannot be ruled out at this precision"
1205,1205,1.0,21.71,21.71,0.0,INCONCLUSIVE,11.7,"change +0.0 m is inside the +/-6.4 m interval on the difference, and that band is wider than the 25% damage threshold (5.4 m here) -- damage cannot be ruled out at this precision"
1203,1203,1.0,5.67,5.67,0.0,INCONCLUSIVE,11.8,"change +0.0 m is inside the +/-6.4 m interval on the difference, and that band is wider than the 25% damage threshold (1.4 m here) -- damage cannot be ruled out at this precision"
1202,1202,1.0,16.34,16.34,0.0,INCONCLUSIVE,11.8,"change +0.0 m is inside the +/-6.4 m interval on the difference, and that band is wider than the 25% damage threshold (4.1 m here) -- damage cannot be ruled out at this precision"
1201,1201,1.0,19.37,19.37,0.0,INCONCLUSIVE,11.8,"change +0.0 m is inside the +/-6.4 m interval on the difference, and that band is wider than the 25% damage threshold (4.8 m here) -- damage cannot be ruled out at this precision"
1200,1200,1.0,24.53,24.53,0.0,INCONCLUSIVE,11.8,"change +0.0 m is inside the +/-6.4 m interval on the difference, and that band is wider than the 25% damage threshold (6.1 m here) -- damage cannot be ruled out at this precision"
1199,1199,1.0,14.88,14.88,0.0,INCONCLUSIVE,11.9,"change +0.0 m is inside the +/-6.4 m interval on the difference, and that band is wider than the 25% damage threshold (3.7 m here) -- damage cannot be ruled out at this precision"
1198,1198,1.0,17.89,17.89,0.0,INCONCLUSIVE,11.9,"change +0.0 m is inside the +/-6.4 m interval on the difference, and that band is wider than the 25% damage threshold (4.5 m here) -- damage cannot be ruled out at this precision"
1197,1197,1.0,12.43,12.43,0.0,INCONCLUSIVE,11.9,"change +0.0 m is inside the +/-6.4 m interval on the difference, and that band is wider than the 25% damage threshold (3.1 m here) -- damage cannot be ruled out at this precision"
1196,1196,1.0,10.03,10.03,0.0,INCONCLUSIVE,11.9,"change +0.0 m is inside the +/-6.4 m interval on the difference, and that band is wider than the 25% damage threshold (2.5 m here) -- damage cannot be ruled out at this precision"
1195,1195,1.0,16.73,16.73,0.0,INCONCLUSIVE,11.9,"change +0.0 m is inside the +/-6.4 m interval on the difference, and that band is wider than the 25% damage threshold (4.2 m here) -- damage cannot be ruled out at this precision"
1194,1194,1.0,16.8,16.8,0.0,INCONCLUSIVE,11.9,"change +0.0 m is inside the +/-6.4 m interval on the difference, and that band is wider than the 25% damage threshold (4.2 m here) -- damage cannot be ruled out at this precision"
1193,1193,1.0,20.73,20.73,0.0,INCONCLUSIVE,11.9,"change +0.0 m is inside the +/-6.4 m interval on the difference, and that band is wider than the 25% damage threshold (5.2 m here) -- damage cannot be ruled out at this precision"
1192,1192,1.0,16.21,16.21,0.0,INCONCLUSIVE,12.0,"change +0.0 m is inside the +/-6.4 m interval on the difference, and that band is wider than the 25% damage threshold (4.1 m here) -- damage cannot be ruled out at this precision"
1187,1187,1.0,13.47,13.47,0.0,INCONCLUSIVE,12.0,"change +0.0 m is inside the +/-6.4 m interval on the difference, and that band is wider than the 25% damage threshold (3.4 m here) -- damage cannot be ruled out at this precision"
1183,1183,1.0,15.91,15.91,0.0,INCONCLUSIVE,12.2,"change +0.0 m is inside the +/-6.4 m interval on the difference, and that band is wider than the 25% damage threshold (4.0 m here) -- damage cannot be ruled out at this precision"
1181,1181,1.0,13.27,13.27,0.0,INCONCLUSIVE,12.2,"change +0.0 m is inside the +/-6.4 m interval on the difference, and that band is wider than the 25% damage threshold (3.3 m here) -- damage cannot be ruled out at this precision"
1179,1179,1.0,11.99,11.99,0.0,INCONCLUSIVE,12.2,"change +0.0 m is inside the +/-6.4 m interval on the difference, and that band is wider than the 25% damage threshold (3.0 m here) -- damage cannot be ruled out at this precision"
1178,1178,1.0,15.68,15.68,0.0,INCONCLUSIVE,12.2,"change +0.0 m is inside the +/-6.4 m interval on the difference, and that band is wider than the 25% damage threshold (3.9 m here) -- damage cannot be ruled out at this precision"
1177,1177,1.0,19.5,19.5,0.0,INCONCLUSIVE,12.2,"change +0.0 m is inside the +/-6.4 m interval on the difference, and that band is wider than the 25% damage threshold (4.9 m here) -- damage cannot be ruled out at this precision"
1176,1176,1.0,19.8,19.8,0.0,INCONCLUSIVE,12.3,"change +0.0 m is inside the +/-6.4 m interval on the difference, and that band is wider than the 25% damage threshold (5.0 m here) -- damage cannot be ruled out at this precision"
1172,1172,1.0,12.58,12.58,0.0,INCONCLUSIVE,12.3,"change +0.0 m is inside the +/-6.4 m interval on the difference, and that band is wider than the 25% damage threshold (3.1 m here) -- damage cannot be ruled out at this precision"
1171,1171,1.0,19.62,19.62,0.0,INCONCLUSIVE,12.4,"change +0.0 m is inside the +/-6.4 m interval on the difference, and that band is wider than the 25% damage threshold (4.9 m here) -- damage cannot be ruled out at this precision"
1168,1168,1.0,13.01,13.01,0.0,INCONCLUSIVE,12.4,"change +0.0 m is inside the +/-6.4 m interval on the difference, and that band is wider than the 25% damage threshold (3.3 m here) -- damage cannot be ruled out at this precision"
1166,1166,1.0,11.79,11.79,0.0,INCONCLUSIVE,12.4,"change +0.0 m is inside the +/-6.4 m interval on the difference, and that band is wider than the 25% damage threshold (2.9 m here) -- damage cannot be ruled out at this precision"
1165,1165,1.0,13.31,13.31,0.0,INCONCLUSIVE,12.4,"change +0.0 m is inside the +/-6.4 m interval on the difference, and that band is wider than the 25% damage threshold (3.3 m here) -- damage cannot be ruled out at this precision"
1163,1163,1.0,25.43,25.43,0.0,INCONCLUSIVE,12.5,"change +0.0 m is inside the +/-6.4 m interval on the difference, and that band is wider than the 25% damage threshold (6.4 m here) -- damage cannot be ruled out at this precision"
1162,1162,1.0,20.09,20.09,0.0,INCONCLUSIVE,12.5,"change +0.0 m is inside the +/-6.4 m interval on the difference, and that band is wider than the 25% damage threshold (5.0 m here) -- damage cannot be ruled out at this precision"
1158,1158,1.0,11.47,11.47,0.0,INCONCLUSIVE,12.6,"change +0.0 m is inside the +/-6.4 m interval on the difference, and that band is wider than the 25% damage threshold (2.9 m here) -- damage cannot be ruled out at this precision"
1154,1154,1.0,12.89,12.89,0.0,INCONCLUSIVE,12.7,"change +0.0 m is inside the +/-6.4 m interval on the difference, and that band is wider than the 25% damage threshold (3.2 m here) -- damage cannot be ruled out at this precision"
1152,1152,1.0,23.94,23.94,0.0,INCONCLUSIVE,12.8,"change +0.0 m is inside the +/-6.4 m interval on the difference, and that band is wider than the 25% damage threshold (6.0 m here) -- damage cannot be ruled out at this precision"
1148,1148,1.0,12.2,12.2,0.0,INCONCLUSIVE,12.8,"change +0.0 m is inside the +/-6.4 m interval on the difference, and that band is wider than the 25% damage threshold (3.0 m here) -- damage cannot be ruled out at this precision"
1147,1147,1.0,10.04,10.04,0.0,INCONCLUSIVE,12.8,"change +0.0 m is inside the +/-6.4 m interval on the difference, and that band is wider than the 25% damage threshold (2.5 m here) -- damage cannot be ruled out at this precision"
1146,1146,1.0,13.04,13.04,0.0,INCONCLUSIVE,12.8,"change +0.0 m is inside the +/-6.4 m interval on the difference, and that band is wider than the 25% damage threshold (3.3 m here) -- damage cannot be ruled out at this precision"
1145,1145,1.0,23.81,23.81,0.0,INCONCLUSIVE,12.8,"change +0.0 m is inside the +/-6.4 m interval on the difference, and that band is wider than the 25% damage threshold (6.0 m here) -- damage cannot be ruled out at this precision"
1141,1141,1.0,11.78,11.78,0.0,INCONCLUSIVE,12.9,"change +0.0 m is inside the +/-6.4 m interval on the difference, and that band is wider than the 25% damage threshold (2.9 m here) -- damage cannot be ruled out at this precision"
1140,1140,1.0,11.82,11.82,0.0,INCONCLUSIVE,12.9,"change +0.0 m is inside the +/-6.4 m interval on the difference, and that band is wider than the 25% damage threshold (3.0 m here) -- damage cannot be ruled out at this precision"
1139,1139,1.0,17.02,17.02,0.0,INCONCLUSIVE,12.9,"change +0.0 m is inside the +/-6.4 m interval on the difference, and that band is wider than the 25% damage threshold (4.3 m here) -- damage cannot be ruled out at this precision"
1138,1138,1.0,12.13,12.13,0.0,INCONCLUSIVE,12.9,"change +0.0 m is inside the +/-6.4 m interval on the difference, and that band is wider than the 25% damage threshold (3.0 m here) -- damage cannot be ruled out at this precision"
1137,1137,1.0,7.7,7.7,0.0,INCONCLUSIVE,12.9,"change +0.0 m is inside the +/-6.4 m interval on the difference, and that band is wider than the 25% damage threshold (1.9 m here) -- damage cannot be ruled out at this precision"
1135,1135,1.0,24.43,24.43,0.0,INCONCLUSIVE,13.0,"change +0.0 m is inside the +/-6.4 m interval on the difference, and that band is wider than the 25% damage threshold (6.1 m here) -- damage cannot be ruled out at this precision"
1134,1134,1.0,9.56,9.56,0.0,INCONCLUSIVE,13.0,"change +0.0 m is inside the +/-6.4 m interval on the difference, and that band is wider than the 25% damage threshold (2.4 m here) -- damage cannot be ruled out at this precision"
1133,1133,1.0,24.22,24.22,0.0,INCONCLUSIVE,13.1,"change +0.0 m is inside the +/-6.4 m interval on the difference, and that band is wider than the 25% damage threshold (6.1 m here) -- damage cannot be ruled out at this precision"
1132,1132,1.0,12.39,12.39,0.0,INCONCLUSIVE,13.1,"change +0.0 m is inside the +/-6.4 m interval on the difference, and that band is wider than the 25% damage threshold (3.1 m here) -- damage cannot be ruled out at this precision"
1131,1131,1.0,19.76,19.76,0.0,INCONCLUSIVE,13.1,"change +0.0 m is inside the +/-6.4 m interval on the difference, and that band is wider than the 25% damage threshold (4.9 m here) -- damage cannot be ruled out at this precision"
1129,1129,1.0,12.29,12.29,0.0,INCONCLUSIVE,13.1,"change +0.0 m is inside the +/-6.4 m interval on the difference, and that band is wider than the 25% damage threshold (3.1 m here) -- damage cannot be ruled out at this precision"
1125,1125,1.0,10.92,10.92,0.0,INCONCLUSIVE,13.3,"change +0.0 m is inside the +/-6.4 m interval on the difference, and that band is wider than the 25% damage threshold (2.7 m here) -- damage cannot be ruled out at this precision"
1124,1124,1.0,20.72,20.72,0.0,INCONCLUSIVE,13.3,"change +0.0 m is inside the +/-6.4 m interval on the difference, and that band is wider than the 25% damage threshold (5.2 m here) -- damage cannot be ruled out at this precision"
1123,1123,1.0,18.18,18.18,0.0,INCONCLUSIVE,13.3,"change +0.0 m is inside the +/-6.4 m interval on the difference, and that band is wider than the 25% damage threshold (4.5 m here) -- damage cannot be ruled out at this precision"
1121,1121,1.0,16.46,16.46,0.0,INCONCLUSIVE,13.4,"change +0.0 m is inside the +/-6.4 m interval on the difference, and that band is wider than the 25% damage threshold (4.1 m here) -- damage cannot be ruled out at this precision"
1119,1119,1.0,21.84,21.84,0.0,INCONCLUSIVE,13.4,"change +0.0 m is inside the +/-6.4 m interval on the difference, and that band is wider than the 25% damage threshold (5.5 m here) -- damage cannot be ruled out at this precision"
1118,1118,1.0,16.28,16.28,0.0,INCONCLUSIVE,13.5,"change +0.0 m is inside the +/-6.4 m interval on the difference, and that band is wider than the 25% damage threshold (4.1 m here) -- damage cannot be ruled out at this precision"
1117,1117,1.0,12.81,12.81,0.0,INCONCLUSIVE,13.5,"change +0.0 m is inside the +/-6.4 m interval on the difference, and that band is wider than the 25% damage threshold (3.2 m here) -- damage cannot be ruled out at this precision"
1116,1116,1.0,13.72,13.72,0.0,INCONCLUSIVE,13.5,"change +0.0 m is inside the +/-6.4 m interval on the difference, and that band is wider than the 25% damage threshold (3.4 m here) -- damage cannot be ruled out at this precision"
1113,1113,1.0,23.42,23.42,0.0,INCONCLUSIVE,13.5,"change +0.0 m is inside the +/-6.4 m interval on the difference, and that band is wider than the 25% damage threshold (5.9 m here) -- damage cannot be ruled out at this precision"
1112,1112,1.0,23.1,23.1,0.0,INCONCLUSIVE,13.5,"change +0.0 m is inside the +/-6.4 m interval on the difference, and that band is wider than the 25% damage threshold (5.8 m here) -- damage cannot be ruled out at this precision"
1111,1111,1.0,13.45,13.45,0.0,INCONCLUSIVE,13.5,"change +0.0 m is inside the +/-6.4 m interval on the difference, and that band is wider than the 25% damage threshold (3.4 m here) -- damage cannot be ruled out at this precision"
1110,1110,1.0,13.52,13.52,0.0,INCONCLUSIVE,13.6,"change +0.0 m is inside the +/-6.4 m interval on the difference, and that band is wider than the 25% damage threshold (3.4 m here) -- damage cannot be ruled out at this precision"
1106,1106,1.0,12.7,12.7,0.0,INCONCLUSIVE,13.6,"change +0.0 m is inside the +/-6.4 m interval on the difference, and that band is wider than the 25% damage threshold (3.2 m here) -- damage cannot be ruled out at this precision"
1104,1104,1.0,12.8,12.8,0.0,INCONCLUSIVE,13.6,"change +0.0 m is inside the +/-6.4 m interval on the difference, and that band is wider than the 25% damage threshold (3.2 m here) -- damage cannot be ruled out at this precision"
1102,1102,1.0,13.97,13.97,0.0,INCONCLUSIVE,13.7,"change +0.0 m is inside the +/-6.4 m interval on the difference, and that band is wider than the 25% damage threshold (3.5 m here) -- damage cannot be ruled out at this precision"
1100,1100,1.0,12.69,12.69,0.0,INCONCLUSIVE,13.7,"change +0.0 m is inside the +/-6.4 m interval on the difference, and that band is wider than the 25% damage threshold (3.2 m here) -- damage cannot be ruled out at this precision"
1099,1099,1.0,15.79,15.79,0.0,INCONCLUSIVE,13.7,"change +0.0 m is inside the +/-6.4 m interval on the difference, and that band is wider than the 25% damage threshold (3.9 m here) -- damage cannot be ruled out at this precision"
1096,1096,1.0,9.83,9.83,0.0,INCONCLUSIVE,13.8,"change +0.0 m is inside the +/-6.4 m interval on the difference, and that band is wider than the 25% damage threshold (2.5 m here) -- damage cannot be ruled out at this precision"
1093,1093,1.0,14.5,14.5,0.0,INCONCLUSIVE,13.9,"change +0.0 m is inside the +/-6.4 m interval on the difference, and that band is wider than the 25% damage threshold (3.6 m here) -- damage cannot be ruled out at this precision"
1092,1092,1.0,12.32,12.32,0.0,INCONCLUSIVE,13.9,"change +0.0 m is inside the +/-6.4 m interval on the difference, and that band is wider than the 25% damage threshold (3.1 m here) -- damage cannot be ruled out at this precision"
1090,1090,1.0,9.84,9.84,0.0,INCONCLUSIVE,14.0,"change +0.0 m is inside the +/-6.4 m interval on the difference, and that band is wider than the 25% damage threshold (2.5 m here) -- damage cannot be ruled out at this precision"
1089,1089,1.0,16.36,16.36,0.0,INCONCLUSIVE,14.0,"change +0.0 m is inside the +/-6.4 m interval on the difference, and that band is wider than the 25% damage threshold (4.1 m here) -- damage cannot be ruled out at this precision"
1088,1088,1.0,10.13,10.13,0.0,INCONCLUSIVE,14.0,"change +0.0 m is inside the +/-6.4 m interval on the difference, and that band is wider than the 25% damage threshold (2.5 m here) -- damage cannot be ruled out at this precision"
1087,1087,1.0,23.34,23.34,0.0,INCONCLUSIVE,14.0,"change +0.0 m is inside the +/-6.4 m interval on the difference, and that band is wider than the 25% damage threshold (5.8 m here) -- damage cannot be ruled out at this precision"
1084,1084,1.0,9.68,9.68,0.0,INCONCLUSIVE,14.1,"change +0.0 m is inside the +/-6.4 m interval on the difference, and that band is wider than the 25% damage threshold (2.4 m here) -- damage cannot be ruled out at this precision"
1080,1080,1.0,24.36,24.36,0.0,INCONCLUSIVE,14.2,"change +0.0 m is inside the +/-6.4 m interval on the difference, and that band is wider than the 25% damage threshold (6.1 m here) -- damage cannot be ruled out at this precision"
1079,1079,1.0,19.01,19.01,0.0,INCONCLUSIVE,14.3,"change +0.0 m is inside the +/-6.4 m interval on the difference, and that band is wider than the 25% damage threshold (4.8 m here) -- damage cannot be ruled out at this precision"
1078,1078,1.0,7.33,7.33,0.0,INCONCLUSIVE,14.3,"change +0.0 m is inside the +/-6.4 m interval on the difference, and that band is wider than the 25% damage threshold (1.8 m here) -- damage cannot be ruled out at this precision"
1076,1076,1.0,12.82,12.82,0.0,INCONCLUSIVE,14.4,"change +0.0 m is inside the +/-6.4 m interval on the difference, and that band is wider than the 25% damage threshold (3.2 m here) -- damage cannot be ruled out at this precision"
1075,1075,1.0,25.46,25.46,0.0,INCONCLUSIVE,14.4,"change +0.0 m is inside the +/-6.4 m interval on the difference, and that band is wider than the 25% damage threshold (6.4 m here) -- damage cannot be ruled out at this precision"
1073,1073,1.0,15.9,15.9,0.0,INCONCLUSIVE,14.5,"change +0.0 m is inside the +/-6.4 m interval on the difference, and that band is wider than the 25% damage threshold (4.0 m here) -- damage cannot be ruled out at this precision"
1072,1072,1.0,8.05,8.05,0.0,INCONCLUSIVE,14.5,"change +0.0 m is inside the +/-6.4 m interval on the difference, and that band is wider than the 25% damage threshold (2.0 m here) -- damage cannot be ruled out at this precision"
1070,1070,1.0,8.22,8.22,0.0,INCONCLUSIVE,14.6,"change +0.0 m is inside the +/-6.4 m interval on the difference, and that band is wider than the 25% damage threshold (2.1 m here) -- damage cannot be ruled out at this precision"
1068,1068,1.0,15.16,15.16,0.0,INCONCLUSIVE,14.7,"change +0.0 m is inside the +/-6.4 m interval on the difference, and that band is wider than the 25% damage threshold (3.8 m here) -- damage cannot be ruled out at this precision"
1067,1067,1.0,17.28,17.28,0.0,INCONCLUSIVE,14.7,"change +0.0 m is inside the +/-6.4 m interval on the difference, and that band is wider than the 25% damage threshold (4.3 m here) -- damage cannot be ruled out at this precision"
1066,1066,1.0,20.27,20.27,0.0,INCONCLUSIVE,14.7,"change +0.0 m is inside the +/-6.4 m interval on the difference, and that band is wider than the 25% damage threshold (5.1 m here) -- damage cannot be ruled out at this precision"
1065,1065,1.0,17.24,17.24,0.0,INCONCLUSIVE,14.8,"change +0.0 m is inside the +/-6.4 m interval on the difference, and that band is wider than the 25% damage threshold (4.3 m here) -- damage cannot be ruled out at this precision"
1063,1063,1.0,14.33,14.33,0.0,INCONCLUSIVE,14.8,"change +0.0 m is inside the +/-6.4 m interval on the difference, and that band is wider than the 25% damage threshold (3.6 m here) -- damage cannot be ruled out at this precision"
1061,1061,1.0,6.09,6.09,0.0,INCONCLUSIVE,14.8,"change +0.0 m is inside the +/-6.4 m interval on the difference, and that band is wider than the 25% damage threshold (1.5 m here) -- damage cannot be ruled out at this precision"
1060,1060,1.0,8.4,8.4,0.0,INCONCLUSIVE,14.9,"change +0.0 m is inside the +/-6.4 m interval on the difference, and that band is wider than the 25% damage threshold (2.1 m here) -- damage cannot be ruled out at this precision"
1059,1059,1.0,17.2,17.2,0.0,INCONCLUSIVE,14.9,"change +0.0 m is inside the +/-6.4 m interval on the difference, and that band is wider than the 25% damage threshold (4.3 m here) -- damage cannot be ruled out at this precision"
1058,1058,1.0,19.08,19.08,0.0,INCONCLUSIVE,14.9,"change +0.0 m is inside the +/-6.4 m interval on the difference, and that band is wider than the 25% damage threshold (4.8 m here) -- damage cannot be ruled out at this precision"
1057,1057,1.0,17.39,17.39,0.0,INCONCLUSIVE,15.0,"change +0.0 m is inside the +/-6.4 m interval on the difference, and that band is wider than the 25% damage threshold (4.3 m here) -- damage cannot be ruled out at this precision"
1054,1054,1.0,24.83,24.83,0.0,INCONCLUSIVE,15.2,"change +0.0 m is inside the +/-6.4 m interval on the difference, and that band is wider than the 25% damage threshold (6.2 m here) -- damage cannot be ruled out at this precision"
1053,1053,1.0,18.19,18.19,0.0,INCONCLUSIVE,15.2,"change +0.0 m is inside the +/-6.4 m interval on the difference, and that band is wider than the 25% damage threshold (4.5 m here) -- damage cannot be ruled out at this precision"
1052,1052,1.0,14.44,14.44,0.0,INCONCLUSIVE,15.2,"change +0.0 m is inside the +/-6.4 m interval on the difference, and that band is wider than the 25% damage threshold (3.6 m here) -- damage cannot be ruled out at this precision"
1051,1051,1.0,19.66,19.66,0.0,INCONCLUSIVE,15.2,"change +0.0 m is inside the +/-6.4 m interval on the difference, and that band is wider than the 25% damage threshold (4.9 m here) -- damage cannot be ruled out at this precision"
1050,1050,1.0,18.51,18.51,0.0,INCONCLUSIVE,15.3,"change +0.0 m is inside the +/-6.4 m interval on the difference, and that band is wider than the 25% damage threshold (4.6 m here) -- damage cannot be ruled out at this precision"
1047,1047,1.0,10.45,10.45,0.0,INCONCLUSIVE,15.3,"change +0.0 m is inside the +/-6.4 m interval on the difference, and that band is wider than the 25% damage threshold (2.6 m here) -- damage cannot be ruled out at this precision"
1045,1045,1.0,14.66,14.66,0.0,INCONCLUSIVE,15.3,"change +0.0 m is inside the +/-6.4 m interval on the difference, and that band is wider than the 25% damage threshold (3.7 m here) -- damage cannot be ruled out at this precision"
1043,1043,1.0,25.16,25.16,0.0,INCONCLUSIVE,15.5,"change +0.0 m is inside the +/-6.4 m interval on the difference, and that band is wider than the 25% damage threshold (6.3 m here) -- damage cannot be ruled out at this precision"
1042,1042,1.0,13.11,13.11,0.0,INCONCLUSIVE,15.5,"change +0.0 m is inside the +/-6.4 m interval on the difference, and that band is wider than the 25% damage threshold (3.3 m here) -- damage cannot be ruled out at this precision"
1040,1040,1.0,13.48,13.48,0.0,INCONCLUSIVE,15.6,"change +0.0 m is inside the +/-6.4 m interval on the difference, and that band is wider than the 25% damage threshold (3.4 m here) -- damage cannot be ruled out at this precision"
1039,1039,1.0,25.49,25.49,0.0,INCONCLUSIVE,15.6,"change +0.0 m is inside the +/-6.4 m interval on the difference, and that band is wider than the 25% damage threshold (6.4 m here) -- damage cannot be ruled out at this precision"
1035,1035,1.0,8.06,8.06,0.0,INCONCLUSIVE,15.6,"change +0.0 m is inside the +/-6.4 m interval on the difference, and that band is wider than the 25% damage threshold (2.0 m here) -- damage cannot be ruled out at this precision"
1034,1034,1.0,18.31,18.31,0.0,INCONCLUSIVE,15.6,"change +0.0 m is inside the +/-6.4 m interval on the difference, and that band is wider than the 25% damage threshold (4.6 m here) -- damage cannot be ruled out at this precision"
1033,1033,1.0,15.38,15.38,0.0,INCONCLUSIVE,15.7,"change +0.0 m is inside the +/-6.4 m interval on the difference, and that band is wider than the 25% damage threshold (3.8 m here) -- damage cannot be ruled out at this precision"
1032,1032,1.0,12.4,12.4,0.0,INCONCLUSIVE,15.7,"change +0.0 m is inside the +/-6.4 m interval on the difference, and that band is wider than the 25% damage threshold (3.1 m here) -- damage cannot be ruled out at this precision"
1031,1031,1.0,16.06,16.06,0.0,INCONCLUSIVE,15.7,"change +0.0 m is inside the +/-6.4 m interval on the difference, and that band is wider than the 25% damage threshold (4.0 m here) -- damage cannot be ruled out at this precision"
1030,1030,1.0,10.51,10.51,0.0,INCONCLUSIVE,15.8,"change +0.0 m is inside the +/-6.4 m interval on the difference, and that band is wider than the 25% damage threshold (2.6 m here) -- damage cannot be ruled out at this precision"
1027,1027,1.0,18.43,18.43,0.0,INCONCLUSIVE,15.8,"change +0.0 m is inside the +/-6.4 m interval on the difference, and that band is wider than the 25% damage threshold (4.6 m here) -- damage cannot be ruled out at this precision"
1026,1026,1.0,24.79,24.79,0.0,INCONCLUSIVE,16.0,"change +0.0 m is inside the +/-6.4 m interval on the difference, and that band is wider than the 25% damage threshold (6.2 m here) -- damage cannot be ruled out at this precision"
1025,1025,1.0,17.03,17.03,0.0,INCONCLUSIVE,16.0,"change +0.0 m is inside the +/-6.4 m interval on the difference, and that band is wider than the 25% damage threshold (4.3 m here) -- damage cannot be ruled out at this precision"
1024,1024,1.0,13.75,13.75,0.0,INCONCLUSIVE,16.0,"change +0.0 m is inside the +/-6.4 m interval on the difference, and that band is wider than the 25% damage threshold (3.4 m here) -- damage cannot be ruled out at this precision"
1023,1023,1.0,8.22,8.22,0.0,INCONCLUSIVE,16.0,"change +0.0 m is inside the +/-6.4 m interval on the difference, and that band is wider than the 25% damage threshold (2.1 m here) -- damage cannot be ruled out at this precision"
1021,1021,1.0,12.92,12.92,0.0,INCONCLUSIVE,16.0,"change +0.0 m is inside the +/-6.4 m interval on the difference, and that band is wider than the 25% damage threshold (3.2 m here) -- damage cannot be ruled out at this precision"
1020,1020,1.0,18.12,18.12,0.0,INCONCLUSIVE,16.1,"change +0.0 m is inside the +/-6.4 m interval on the difference, and that band is wider than the 25% damage threshold (4.5 m here) -- damage cannot be ruled out at this precision"
1019,1019,1.0,12.38,12.38,0.0,INCONCLUSIVE,16.1,"change +0.0 m is inside the +/-6.4 m interval on the difference, and that band is wider than the 25% damage threshold (3.1 m here) -- damage cannot be ruled out at this precision"
1017,1017,1.0,17.52,17.52,0.0,INCONCLUSIVE,16.2,"change +0.0 m is inside the +/-6.4 m interval on the difference, and that band is wider than the 25% damage threshold (4.4 m here) -- damage cannot be ruled out at this precision"
1016,1016,1.0,21.92,21.92,0.0,INCONCLUSIVE,16.2,"change +0.0 m is inside the +/-6.4 m interval on the difference, and that band is wider than the 25% damage threshold (5.5 m here) -- damage cannot be ruled out at this precision"
1015,1015,1.0,10.06,10.06,0.0,INCONCLUSIVE,16.3,"change +0.0 m is inside the +/-6.4 m interval on the difference, and that band is wider than the 25% damage threshold (2.5 m here) -- damage cannot be ruled out at this precision"
1013,1013,1.0,10.37,10.37,0.0,INCONCLUSIVE,16.3,"change +0.0 m is inside the +/-6.4 m interval on the difference, and that band is wider than the 25% damage threshold (2.6 m here) -- damage cannot be ruled out at this precision"
1011,1011,1.0,20.73,20.73,0.0,INCONCLUSIVE,16.3,"change +0.0 m is inside the +/-6.4 m interval on the difference, and that band is wider than the 25% damage threshold (5.2 m here) -- damage cannot be ruled out at this precision"
1010,1010,1.0,16.51,16.51,0.0,INCONCLUSIVE,16.4,"change +0.0 m is inside the +/-6.4 m interval on the difference, and that band is wider than the 25% damage threshold (4.1 m here) -- damage cannot be ruled out at this precision"
1008,1008,1.0,18.86,18.86,0.0,INCONCLUSIVE,16.4,"change +0.0 m is inside the +/-6.4 m interval on the difference, and that band is wider than the 25% damage threshold (4.7 m here) -- damage cannot be ruled out at this precision"
1007,1007,1.0,19.15,19.15,0.0,INCONCLUSIVE,16.4,"change +0.0 m is inside the +/-6.4 m interval on the difference, and that band is wider than the 25% damage threshold (4.8 m here) -- damage cannot be ruled out at this precision"
1005,1005,1.0,7.92,7.92,0.0,INCONCLUSIVE,16.6,"change +0.0 m is inside the +/-6.4 m interval on the difference, and that band is wider than the 25% damage threshold (2.0 m here) -- damage cannot be ruled out at this precision"
1004,1004,1.0,6.78,6.78,0.0,INCONCLUSIVE,16.6,"change +0.0 m is inside the +/-6.4 m interval on the difference, and that band is wider than the 25% damage threshold (1.7 m here) -- damage cannot be ruled out at this precision"
1003,1003,1.0,23.22,23.22,0.0,INCONCLUSIVE,16.6,"change +0.0 m is inside the +/-6.4 m interval on the difference, and that band is wider than the 25% damage threshold (5.8 m here) -- damage cannot be ruled out at this precision"
1002,1002,1.0,10.59,10.59,0.0,INCONCLUSIVE,16.6,"change +0.0 m is inside the +/-6.4 m interval on the difference, and that band is wider than the 25% damage threshold (2.6 m here) -- damage cannot be ruled out at this precision"
1001,1001,1.0,14.56,14.56,0.0,INCONCLUSIVE,16.7,"change +0.0 m is inside the +/-6.4 m interval on the difference, and that band is wider than the 25% damage threshold (3.6 m here) -- damage cannot be ruled out at this precision"
1000,1000,1.0,14.29,14.29,0.0,INCONCLUSIVE,16.7,"change +0.0 m is inside the +/-6.4 m interval on the difference, and that band is wider than the 25% damage threshold (3.6 m here) -- damage cannot be ruled out at this precision"
996,996,1.0,10.92,10.92,0.0,INCONCLUSIVE,16.8,"change +0.0 m is inside the +/-6.4 m interval on the difference, and that band is wider than the 25% damage threshold (2.7 m here) -- damage cannot be ruled out at this precision"
995,995,1.0,15.62,15.62,0.0,INCONCLUSIVE,16.8,"change +0.0 m is inside the +/-6.4 m interval on the difference, and that band is wider than the 25% damage threshold (3.9 m here) -- damage cannot be ruled out at this precision"
994,994,1.0,11.43,11.43,0.0,INCONCLUSIVE,16.8,"change +0.0 m is inside the +/-6.4 m interval on the difference, and that band is wider than the 25% damage threshold (2.9 m here) -- damage cannot be ruled out at this precision"
992,992,1.0,11.89,11.89,0.0,INCONCLUSIVE,16.8,"change +0.0 m is inside the +/-6.4 m interval on the difference, and that band is wider than the 25% damage threshold (3.0 m here) -- damage cannot be ruled out at this precision"
990,990,1.0,13.12,13.12,0.0,INCONCLUSIVE,16.8,"change +0.0 m is inside the +/-6.4 m interval on the difference, and that band is wider than the 25% damage threshold (3.3 m here) -- damage cannot be ruled out at this precision"
989,989,1.0,10.87,10.87,0.0,INCONCLUSIVE,16.8,"change +0.0 m is inside the +/-6.4 m interval on the difference, and that band is wider than the 25% damage threshold (2.7 m here) -- damage cannot be ruled out at this precision"
988,988,1.0,10.9,10.9,0.0,INCONCLUSIVE,16.8,"change +0.0 m is inside the +/-6.4 m interval on the difference, and that band is wider than the 25% damage threshold (2.7 m here) -- damage cannot be ruled out at this precision"
987,987,1.0,10.9,10.9,0.0,INCONCLUSIVE,16.9,"change +0.0 m is inside the +/-6.4 m interval on the difference, and that band is wider than the 25% damage threshold (2.7 m here) -- damage cannot be ruled out at this precision"
985,985,1.0,24.21,24.21,0.0,INCONCLUSIVE,16.9,"change +0.0 m is inside the +/-6.4 m interval on the difference, and that band is wider than the 25% damage threshold (6.1 m here) -- damage cannot be ruled out at this precision"
982,982,1.0,10.95,10.95,0.0,INCONCLUSIVE,17.1,"change +0.0 m is inside the +/-6.4 m interval on the difference, and that band is wider than the 25% damage threshold (2.7 m here) -- damage cannot be ruled out at this precision"
981,981,1.0,11.57,11.57,0.0,INCONCLUSIVE,17.1,"change +0.0 m is inside the +/-6.4 m interval on the difference, and that band is wider than the 25% damage threshold (2.9 m here) -- damage cannot be ruled out at this precision"
980,980,1.0,14.5,14.5,0.0,INCONCLUSIVE,17.1,"change +0.0 m is inside the +/-6.4 m interval on the difference, and that band is wider than the 25% damage threshold (3.6 m here) -- damage cannot be ruled out at this precision"
979,979,1.0,18.53,18.53,0.0,INCONCLUSIVE,17.2,"change +0.0 m is inside the +/-6.4 m interval on the difference, and that band is wider than the 25% damage threshold (4.6 m here) -- damage cannot be ruled out at this precision"
978,978,1.0,20.07,20.07,0.0,INCONCLUSIVE,17.2,"change +0.0 m is inside the +/-6.4 m interval on the difference, and that band is wider than the 25% damage threshold (5.0 m here) -- damage cannot be ruled out at this precision"
977,977,1.0,11.39,11.39,0.0,INCONCLUSIVE,17.2,"change +0.0 m is inside the +/-6.4 m interval on the difference, and that band is wider than the 25% damage threshold (2.8 m here) -- damage cannot be ruled out at this precision"
976,976,1.0,8.53,8.53,0.0,INCONCLUSIVE,17.3,"change +0.0 m is inside the +/-6.4 m interval on the difference, and that band is wider than the 25% damage threshold (2.1 m here) -- damage cannot be ruled out at this precision"
974,974,1.0,15.79,15.79,0.0,INCONCLUSIVE,17.3,"change +0.0 m is inside the +/-6.4 m interval on the difference, and that band is wider than the 25% damage threshold (3.9 m here) -- damage cannot be ruled out at this precision"
972,972,1.0,9.49,9.49,0.0,INCONCLUSIVE,17.4,"change +0.0 m is inside the +/-6.4 m interval on the difference, and that band is wider than the 25% damage threshold (2.4 m here) -- damage cannot be ruled out at this precision"
971,971,1.0,18.23,18.23,0.0,INCONCLUSIVE,17.4,"change +0.0 m is inside the +/-6.4 m interval on the difference, and that band is wider than the 25% damage threshold (4.6 m here) -- damage cannot be ruled out at this precision"
970,970,1.0,11.13,11.13,0.0,INCONCLUSIVE,17.5,"change +0.0 m is inside the +/-6.4 m interval on the difference, and that band is wider than the 25% damage threshold (2.8 m here) -- damage cannot be ruled out at this precision"
969,969,1.0,11.76,11.76,0.0,INCONCLUSIVE,17.5,"change +0.0 m is inside the +/-6.4 m interval on the difference, and that band is wider than the 25% damage threshold (2.9 m here) -- damage cannot be ruled out at this precision"
968,968,1.0,14.15,14.15,0.0,INCONCLUSIVE,17.6,"change +0.0 m is inside the +/-6.4 m interval on the difference, and that band is wider than the 25% damage threshold (3.5 m here) -- damage cannot be ruled out at this precision"
966,966,1.0,13.79,13.79,0.0,INCONCLUSIVE,17.7,"change +0.0 m is inside the +/-6.4 m interval on the difference, and that band is wider than the 25% damage threshold (3.4 m here) -- damage cannot be ruled out at this precision"
965,965,1.0,18.28,18.28,0.0,INCONCLUSIVE,17.7,"change +0.0 m is inside the +/-6.4 m interval on the difference, and that band is wider than the 25% damage threshold (4.6 m here) -- damage cannot be ruled out at this precision"
962,962,1.0,18.89,18.89,0.0,INCONCLUSIVE,17.8,"change +0.0 m is inside the +/-6.4 m interval on the difference, and that band is wider than the 25% damage threshold (4.7 m here) -- damage cannot be ruled out at this precision"
958,958,1.0,12.05,12.05,0.0,INCONCLUSIVE,17.9,"change +0.0 m is inside the +/-6.4 m interval on the difference, and that band is wider than the 25% damage threshold (3.0 m here) -- damage cannot be ruled out at this precision"
957,957,1.0,12.88,12.88,0.0,INCONCLUSIVE,18.0,"change +0.0 m is inside the +/-6.4 m interval on the difference, and that band is wider than the 25% damage threshold (3.2 m here) -- damage cannot be ruled out at this precision"
954,954,1.0,12.87,12.87,0.0,INCONCLUSIVE,18.2,"change +0.0 m is inside the +/-6.4 m interval on the difference, and that band is wider than the 25% damage threshold (3.2 m here) -- damage cannot be ruled out at this precision"
952,952,1.0,19.67,19.67,0.0,INCONCLUSIVE,18.2,"change +0.0 m is inside the +/-6.4 m interval on the difference, and that band is wider than the 25% damage threshold (4.9 m here) -- damage cannot be ruled out at this precision"
951,951,1.0,8.67,8.67,0.0,INCONCLUSIVE,18.2,"change +0.0 m is inside the +/-6.4 m interval on the difference, and that band is wider than the 25% damage threshold (2.2 m here) -- damage cannot be ruled out at this precision"
950,950,1.0,12.69,12.69,0.0,INCONCLUSIVE,18.2,"change +0.0 m is inside the +/-6.4 m interval on the difference, and that band is wider than the 25% damage threshold (3.2 m here) -- damage cannot be ruled out at this precision"
949,949,1.0,17.32,17.32,0.0,INCONCLUSIVE,18.2,"change +0.0 m is inside the +/-6.4 m interval on the difference, and that band is wider than the 25% damage threshold (4.3 m here) -- damage cannot be ruled out at this precision"
948,948,1.0,25.34,25.34,0.0,INCONCLUSIVE,18.3,"change +0.0 m is inside the +/-6.4 m interval on the difference, and that band is wider than the 25% damage threshold (6.3 m here) -- damage cannot be ruled out at this precision"
947,947,1.0,25.19,25.19,0.0,INCONCLUSIVE,18.3,"change +0.0 m is inside the +/-6.4 m interval on the difference, and that band is wider than the 25% damage threshold (6.3 m here) -- damage cannot be ruled out at this precision"
946,946,1.0,8.73,8.73,0.0,INCONCLUSIVE,18.4,"change +0.0 m is inside the +/-6.4 m interval on the difference, and that band is wider than the 25% damage threshold (2.2 m here) -- damage cannot be ruled out at this precision"
945,945,1.0,13.3,13.3,0.0,INCONCLUSIVE,18.4,"change +0.0 m is inside the +/-6.4 m interval on the difference, and that band is wider than the 25% damage threshold (3.3 m here) -- damage cannot be ruled out at this precision"
944,944,1.0,15.15,15.15,0.0,INCONCLUSIVE,18.4,"change +0.0 m is inside the +/-6.4 m interval on the difference, and that band is wider than the 25% damage threshold (3.8 m here) -- damage cannot be ruled out at this precision"
942,942,1.0,25.21,25.21,0.0,INCONCLUSIVE,18.5,"change +0.0 m is inside the +/-6.4 m interval on the difference, and that band is wider than the 25% damage threshold (6.3 m here) -- damage cannot be ruled out at this precision"
941,941,1.0,20.77,20.77,0.0,INCONCLUSIVE,18.5,"change +0.0 m is inside the +/-6.4 m interval on the difference, and that band is wider than the 25% damage threshold (5.2 m here) -- damage cannot be ruled out at this precision"
940,940,1.0,25.41,25.41,0.0,INCONCLUSIVE,18.6,"change +0.0 m is inside the +/-6.4 m interval on the difference, and that band is wider than the 25% damage threshold (6.4 m here) -- damage cannot be ruled out at this precision"
935,935,1.0,24.95,24.95,0.0,INCONCLUSIVE,18.6,"change +0.0 m is inside the +/-6.4 m interval on the difference, and that band is wider than the 25% damage threshold (6.2 m here) -- damage cannot be ruled out at this precision"
932,932,1.0,6.89,6.89,0.0,INCONCLUSIVE,18.7,"change +0.0 m is inside the +/-6.4 m interval on the difference, and that band is wider than the 25% damage threshold (1.7 m here) -- damage cannot be ruled out at this precision"
931,931,1.0,12.06,12.06,0.0,INCONCLUSIVE,18.7,"change +0.0 m is inside the +/-6.4 m interval on the difference, and that band is wider than the 25% damage threshold (3.0 m here) -- damage cannot be ruled out at this precision"
929,929,1.0,10.44,10.44,0.0,INCONCLUSIVE,18.9,"change +0.0 m is inside the +/-6.4 m interval on the difference, and that band is wider than the 25% damage threshold (2.6 m here) -- damage cannot be ruled out at this precision"
928,928,1.0,8.85,8.85,0.0,INCONCLUSIVE,18.9,"change +0.0 m is inside the +/-6.4 m interval on the difference, and that band is wider than the 25% damage threshold (2.2 m here) -- damage cannot be ruled out at this precision"
927,927,1.0,23.07,23.07,0.0,INCONCLUSIVE,19.1,"change +0.0 m is inside the +/-6.4 m interval on the difference, and that band is wider than the 25% damage threshold (5.8 m here) -- damage cannot be ruled out at this precision"
926,926,1.0,11.17,11.17,0.0,INCONCLUSIVE,19.1,"change +0.0 m is inside the +/-6.4 m interval on the difference, and that band is wider than the 25% damage threshold (2.8 m here) -- damage cannot be ruled out at this precision"
923,923,1.0,8.78,8.78,0.0,INCONCLUSIVE,19.2,"change +0.0 m is inside the +/-6.4 m interval on the difference, and that band is wider than the 25% damage threshold (2.2 m here) -- damage cannot be ruled out at this precision"
921,921,1.0,7.9,7.9,0.0,INCONCLUSIVE,19.3,"change +0.0 m is inside the +/-6.4 m interval on the difference, and that band is wider than the 25% damage threshold (2.0 m here) -- damage cannot be ruled out at this precision"
920,920,1.0,13.68,13.68,0.0,INCONCLUSIVE,19.4,"change +0.0 m is inside the +/-6.4 m interval on the difference, and that band is wider than the 25% damage threshold (3.4 m here) -- damage cannot be ruled out at this precision"
916,916,1.0,10.8,10.8,0.0,INCONCLUSIVE,19.5,"change +0.0 m is inside the +/-6.4 m interval on the difference, and that band is wider than the 25% damage threshold (2.7 m here) -- damage cannot be ruled out at this precision"
915,915,1.0,19.83,19.83,0.0,INCONCLUSIVE,19.6,"change +0.0 m is inside the +/-6.4 m interval on the difference, and that band is wider than the 25% damage threshold (5.0 m here) -- damage cannot be ruled out at this precision"
914,914,1.0,14.76,14.76,0.0,INCONCLUSIVE,19.6,"change +0.0 m is inside the +/-6.4 m interval on the difference, and that band is wider than the 25% damage threshold (3.7 m here) -- damage cannot be ruled out at this precision"
912,912,1.0,13.18,13.18,0.0,INCONCLUSIVE,19.6,"change +0.0 m is inside the +/-6.4 m interval on the difference, and that band is wider than the 25% damage threshold (3.3 m here) -- damage cannot be ruled out at this precision"
910,910,1.0,17.02,17.02,0.0,INCONCLUSIVE,19.7,"change +0.0 m is inside the +/-6.4 m interval on the difference, and that band is wider than the 25% damage threshold (4.3 m here) -- damage cannot be ruled out at this precision"
909,909,1.0,18.03,18.03,0.0,INCONCLUSIVE,19.7,"change +0.0 m is inside the +/-6.4 m interval on the difference, and that band is wider than the 25% damage threshold (4.5 m here) -- damage cannot be ruled out at this precision"
907,907,1.0,21.22,21.22,0.0,INCONCLUSIVE,19.7,"change +0.0 m is inside the +/-6.4 m interval on the difference, and that band is wider than the 25% damage threshold (5.3 m here) -- damage cannot be ruled out at this precision"
906,906,1.0,10.81,10.81,0.0,INCONCLUSIVE,19.7,"change +0.0 m is inside the +/-6.4 m interval on the difference, and that band is wider than the 25% damage threshold (2.7 m here) -- damage cannot be ruled out at this precision"
905,905,1.0,25.5,25.5,0.0,INCONCLUSIVE,19.7,"change +0.0 m is inside the +/-6.4 m interval on the difference, and that band is wider than the 25% damage threshold (6.4 m here) -- damage cannot be ruled out at this precision"
904,904,1.0,25.3,25.3,0.0,INCONCLUSIVE,19.8,"change +0.0 m is inside the +/-6.4 m interval on the difference, and that band is wider than the 25% damage threshold (6.3 m here) -- damage cannot be ruled out at this precision"
903,903,1.0,25.41,25.41,0.0,INCONCLUSIVE,19.8,"change +0.0 m is inside the +/-6.4 m interval on the difference, and that band is wider than the 25% damage threshold (6.4 m here) -- damage cannot be ruled out at this precision"
901,901,1.0,10.99,10.99,0.0,INCONCLUSIVE,19.8,"change +0.0 m is inside the +/-6.4 m interval on the difference, and that band is wider than the 25% damage threshold (2.7 m here) -- damage cannot be ruled out at this precision"
899,899,1.0,18.66,18.66,0.0,INCONCLUSIVE,19.9,"change +0.0 m is inside the +/-6.4 m interval on the difference, and that band is wider than the 25% damage threshold (4.7 m here) -- damage cannot be ruled out at this precision"
894,894,1.0,13.38,13.38,0.0,INCONCLUSIVE,20.0,"change +0.0 m is inside the +/-6.4 m interval on the difference, and that band is wider than the 25% damage threshold (3.3 m here) -- damage cannot be ruled out at this precision"
891,891,1.0,14.75,14.75,0.0,INCONCLUSIVE,20.2,"change +0.0 m is inside the +/-6.4 m interval on the difference, and that band is wider than the 25% damage threshold (3.7 m here) -- damage cannot be ruled out at this precision"
890,890,1.0,11.2,11.2,0.0,INCONCLUSIVE,20.2,"change +0.0 m is inside the +/-6.4 m interval on the difference, and that band is wider than the 25% damage threshold (2.8 m here) -- damage cannot be ruled out at this precision"
888,888,1.0,14.21,14.21,0.0,INCONCLUSIVE,20.3,"change +0.0 m is inside the +/-6.4 m interval on the difference, and that band is wider than the 25% damage threshold (3.6 m here) -- damage cannot be ruled out at this precision"
887,887,1.0,12.46,12.46,0.0,INCONCLUSIVE,20.3,"change +0.0 m is inside the +/-6.4 m interval on the difference, and that band is wider than the 25% damage threshold (3.1 m here) -- damage cannot be ruled out at this precision"
884,884,1.0,25.49,25.49,0.0,INCONCLUSIVE,20.5,"change +0.0 m is inside the +/-6.4 m interval on the difference, and that band is wider than the 25% damage threshold (6.4 m here) -- damage cannot be ruled out at this precision"
883,883,1.0,9.18,9.18,0.0,INCONCLUSIVE,20.5,"change +0.0 m is inside the +/-6.4 m interval on the difference, and that band is wider than the 25% damage threshold (2.3 m here) -- damage cannot be ruled out at this precision"
880,880,1.0,10.7,10.7,0.0,INCONCLUSIVE,20.6,"change +0.0 m is inside the +/-6.4 m interval on the difference, and that band is wider than the 25% damage threshold (2.7 m here) -- damage cannot be ruled out at this precision"
878,878,1.0,10.44,10.44,0.0,INCONCLUSIVE,20.7,"change +0.0 m is inside the +/-6.4 m interval on the difference, and that band is wider than the 25% damage threshold (2.6 m here) -- damage cannot be ruled out at this precision"
877,877,1.0,10.8,10.8,0.0,INCONCLUSIVE,20.8,"change +0.0 m is inside the +/-6.4 m interval on the difference, and that band is wider than the 25% damage threshold (2.7 m here) -- damage cannot be ruled out at this precision"
872,872,1.0,15.29,15.29,0.0,INCONCLUSIVE,21.0,"change +0.0 m is inside the +/-6.4 m interval on the difference, and that band is wider than the 25% damage threshold (3.8 m here) -- damage cannot be ruled out at this precision"
871,871,1.0,21.66,21.66,0.0,INCONCLUSIVE,21.0,"change +0.0 m is inside the +/-6.4 m interval on the difference, and that band is wider than the 25% damage threshold (5.4 m here) -- damage cannot be ruled out at this precision"
870,870,1.0,10.1,10.1,0.0,INCONCLUSIVE,21.0,"change +0.0 m is inside the +/-6.4 m interval on the difference, and that band is wider than the 25% damage threshold (2.5 m here) -- damage cannot be ruled out at this precision"
867,867,1.0,13.85,13.85,0.0,INCONCLUSIVE,21.1,"change +0.0 m is inside the +/-6.4 m interval on the difference, and that band is wider than the 25% damage threshold (3.5 m here) -- damage cannot be ruled out at this precision"
866,866,1.0,19.01,19.01,0.0,INCONCLUSIVE,21.1,"change +0.0 m is inside the +/-6.4 m interval on the difference, and that band is wider than the 25% damage threshold (4.8 m here) -- damage cannot be ruled out at this precision"
865,865,1.0,6.43,6.43,0.0,INCONCLUSIVE,21.1,"change +0.0 m is inside the +/-6.4 m interval on the difference, and that band is wider than the 25% damage threshold (1.6 m here) -- damage cannot be ruled out at this precision"
862,862,1.0,6.9,6.9,0.0,INCONCLUSIVE,21.3,"change +0.0 m is inside the +/-6.4 m interval on the difference, and that band is wider than the 25% damage threshold (1.7 m here) -- damage cannot be ruled out at this precision"
861,861,1.0,23.95,23.95,0.0,INCONCLUSIVE,21.3,"change +0.0 m is inside the +/-6.4 m interval on the difference, and that band is wider than the 25% damage threshold (6.0 m here) -- damage cannot be ruled out at this precision"
860,860,1.0,14.92,14.92,0.0,INCONCLUSIVE,21.4,"change +0.0 m is inside the +/-6.4 m interval on the difference, and that band is wider than the 25% damage threshold (3.7 m here) -- damage cannot be ruled out at this precision"
857,857,1.0,18.3,18.3,0.0,INCONCLUSIVE,21.5,"change +0.0 m is inside the +/-6.4 m interval on the difference, and that band is wider than the 25% damage threshold (4.6 m here) -- damage cannot be ruled out at this precision"
856,856,1.0,16.39,16.39,0.0,INCONCLUSIVE,21.6,"change +0.0 m is inside the +/-6.4 m interval on the difference, and that band is wider than the 25% damage threshold (4.1 m here) -- damage cannot be ruled out at this precision"
853,853,1.0,11.04,11.04,0.0,INCONCLUSIVE,21.7,"change +0.0 m is inside the +/-6.4 m interval on the difference, and that band is wider than the 25% damage threshold (2.8 m here) -- damage cannot be ruled out at this precision"
852,852,1.0,22.77,22.77,0.0,INCONCLUSIVE,21.8,"change +0.0 m is inside the +/-6.4 m interval on the difference, and that band is wider than the 25% damage threshold (5.7 m here) -- damage cannot be ruled out at this precision"
851,851,1.0,10.56,10.56,0.0,INCONCLUSIVE,21.8,"change +0.0 m is inside the +/-6.4 m interval on the difference, and that band is wider than the 25% damage threshold (2.6 m here) -- damage cannot be ruled out at this precision"
847,847,1.0,6.16,6.16,0.0,INCONCLUSIVE,22.0,"change +0.0 m is inside the +/-6.4 m interval on the difference, and that band is wider than the 25% damage threshold (1.5 m here) -- damage cannot be ruled out at this precision"
846,846,1.0,18.03,18.03,0.0,INCONCLUSIVE,22.1,"change +0.0 m is inside the +/-6.4 m interval on the difference, and that band is wider than the 25% damage threshold (4.5 m here) -- damage cannot be ruled out at this precision"
843,843,1.0,7.34,7.34,0.0,INCONCLUSIVE,22.3,"change +0.0 m is inside the +/-6.4 m interval on the difference, and that band is wider than the 25% damage threshold (1.8 m here) -- damage cannot be ruled out at this precision"
842,842,1.0,4.44,4.44,0.0,INCONCLUSIVE,22.3,"change +0.0 m is inside the +/-6.4 m interval on the difference, and that band is wider than the 25% damage threshold (1.1 m here) -- damage cannot be ruled out at this precision"
841,841,1.0,14.46,14.46,0.0,INCONCLUSIVE,22.4,"change +0.0 m is inside the +/-6.4 m interval on the difference, and that band is wider than the 25% damage threshold (3.6 m here) -- damage cannot be ruled out at this precision"
840,840,1.0,24.77,24.77,0.0,INCONCLUSIVE,22.5,"change +0.0 m is inside the +/-6.4 m interval on the difference, and that band is wider than the 25% damage threshold (6.2 m here) -- damage cannot be ruled out at this precision"
838,838,1.0,10.58,10.58,0.0,INCONCLUSIVE,22.6,"change +0.0 m is inside the +/-6.4 m interval on the difference, and that band is wider than the 25% damage threshold (2.6 m here) -- damage cannot be ruled out at this precision"
837,837,1.0,10.82,10.82,0.0,INCONCLUSIVE,22.6,"change +0.0 m is inside the +/-6.4 m interval on the difference, and that band is wider than the 25% damage threshold (2.7 m here) -- damage cannot be ruled out at this precision"
835,835,1.0,6.18,6.18,0.0,INCONCLUSIVE,22.7,"change +0.0 m is inside the +/-6.4 m interval on the difference, and that band is wider than the 25% damage threshold (1.5 m here) -- damage cannot be ruled out at this precision"
834,834,1.0,9.75,9.75,0.0,INCONCLUSIVE,22.7,"change +0.0 m is inside the +/-6.4 m interval on the difference, and that band is wider than the 25% damage threshold (2.4 m here) -- damage cannot be ruled out at this precision"
833,833,1.0,9.79,9.79,0.0,INCONCLUSIVE,22.8,"change +0.0 m is inside the +/-6.4 m interval on the difference, and that band is wider than the 25% damage threshold (2.4 m here) -- damage cannot be ruled out at this precision"
831,831,1.0,9.83,9.83,0.0,INCONCLUSIVE,22.9,"change +0.0 m is inside the +/-6.4 m interval on the difference, and that band is wider than the 25% damage threshold (2.5 m here) -- damage cannot be ruled out at this precision"
830,830,1.0,9.83,9.83,0.0,INCONCLUSIVE,22.9,"change +0.0 m is inside the +/-6.4 m interval on the difference, and that band is wider than the 25% damage threshold (2.5 m here) -- damage cannot be ruled out at this precision"
829,829,1.0,20.65,20.65,0.0,INCONCLUSIVE,23.1,"change +0.0 m is inside the +/-6.4 m interval on the difference, and that band is wider than the 25% damage threshold (5.2 m here) -- damage cannot be ruled out at this precision"
828,828,1.0,16.3,16.3,0.0,INCONCLUSIVE,23.1,"change +0.0 m is inside the +/-6.4 m interval on the difference, and that band is wider than the 25% damage threshold (4.1 m here) -- damage cannot be ruled out at this precision"
826,826,1.0,9.55,9.55,0.0,INCONCLUSIVE,23.2,"change +0.0 m is inside the +/-6.4 m interval on the difference, and that band is wider than the 25% damage threshold (2.4 m here) -- damage cannot be ruled out at this precision"
825,825,1.0,10.1,10.1,0.0,INCONCLUSIVE,23.2,"change +0.0 m is inside the +/-6.4 m interval on the difference, and that band is wider than the 25% damage threshold (2.5 m here) -- damage cannot be ruled out at this precision"
821,821,1.0,9.61,9.61,0.0,INCONCLUSIVE,23.3,"change +0.0 m is inside the +/-6.4 m interval on the difference, and that band is wider than the 25% damage threshold (2.4 m here) -- damage cannot be ruled out at this precision"
820,820,1.0,19.38,19.38,0.0,INCONCLUSIVE,23.4,"change +0.0 m is inside the +/-6.4 m interval on the difference, and that band is wider than the 25% damage threshold (4.8 m here) -- damage cannot be ruled out at this precision"
818,818,1.0,10.61,10.61,0.0,INCONCLUSIVE,23.5,"change +0.0 m is inside the +/-6.4 m interval on the difference, and that band is wider than the 25% damage threshold (2.7 m here) -- damage cannot be ruled out at this precision"
816,816,1.0,6.8,6.8,0.0,INCONCLUSIVE,23.6,"change +0.0 m is inside the +/-6.4 m interval on the difference, and that band is wider than the 25% damage threshold (1.7 m here) -- damage cannot be ruled out at this precision"
815,815,1.0,21.92,21.92,0.0,INCONCLUSIVE,23.7,"change +0.0 m is inside the +/-6.4 m interval on the difference, and that band is wider than the 25% damage threshold (5.5 m here) -- damage cannot be ruled out at this precision"
814,814,1.0,15.51,15.51,0.0,INCONCLUSIVE,23.8,"change +0.0 m is inside the +/-6.4 m interval on the difference, and that band is wider than the 25% damage threshold (3.9 m here) -- damage cannot be ruled out at this precision"
812,812,1.0,19.81,19.81,0.0,INCONCLUSIVE,23.8,"change +0.0 m is inside the +/-6.4 m interval on the difference, and that band is wider than the 25% damage threshold (5.0 m here) -- damage cannot be ruled out at this precision"
811,811,1.0,12.98,12.98,0.0,INCONCLUSIVE,23.8,"change +0.0 m is inside the +/-6.4 m interval on the difference, and that band is wider than the 25% damage threshold (3.2 m here) -- damage cannot be ruled out at this precision"
810,810,1.0,12.94,12.94,0.0,INCONCLUSIVE,23.9,"change +0.0 m is inside the +/-6.4 m interval on the difference, and that band is wider than the 25% damage threshold (3.2 m here) -- damage cannot be ruled out at this precision"
809,809,1.0,15.37,15.37,0.0,INCONCLUSIVE,24.0,"change +0.0 m is inside the +/-6.4 m interval on the difference, and that band is wider than the 25% damage threshold (3.8 m here) -- damage cannot be ruled out at this precision"
808,808,1.0,24.43,24.43,0.0,INCONCLUSIVE,24.1,"change +0.0 m is inside the +/-6.4 m interval on the difference, and that band is wider than the 25% damage threshold (6.1 m here) -- damage cannot be ruled out at this precision"
807,807,1.0,11.25,11.25,0.0,INCONCLUSIVE,24.4,"change +0.0 m is inside the +/-6.4 m interval on the difference, and that band is wider than the 25% damage threshold (2.8 m here) -- damage cannot be ruled out at this precision"
806,806,1.0,18.03,18.03,0.0,INCONCLUSIVE,24.4,"change +0.0 m is inside the +/-6.4 m interval on the difference, and that band is wider than the 25% damage threshold (4.5 m here) -- damage cannot be ruled out at this precision"
805,805,1.0,9.87,9.87,0.0,INCONCLUSIVE,24.5,"change +0.0 m is inside the +/-6.4 m interval on the difference, and that band is wider than the 25% damage threshold (2.5 m here) -- damage cannot be ruled out at this precision"
803,803,1.0,12.2,12.2,0.0,INCONCLUSIVE,24.6,"change +0.0 m is inside the +/-6.4 m interval on the difference, and that band is wider than the 25% damage threshold (3.0 m here) -- damage cannot be ruled out at this precision"
802,802,1.0,24.93,24.93,0.0,INCONCLUSIVE,24.8,"change +0.0 m is inside the +/-6.4 m interval on the difference, and that band is wider than the 25% damage threshold (6.2 m here) -- damage cannot be ruled out at this precision"
801,801,1.0,24.08,24.08,0.0,INCONCLUSIVE,24.9,"change +0.0 m is inside the +/-6.4 m interval on the difference, and that band is wider than the 25% damage threshold (6.0 m here) -- damage cannot be ruled out at this precision"
800,800,1.0,20.8,20.8,0.0,INCONCLUSIVE,25.1,"change +0.0 m is inside the +/-6.4 m interval on the difference, and that band is wider than the 25% damage threshold (5.2 m here) -- damage cannot be ruled out at this precision"
799,799,1.0,9.83,9.83,0.0,INCONCLUSIVE,25.1,"change +0.0 m is inside the +/-6.4 m interval on the difference, and that band is wider than the 25% damage threshold (2.5 m here) -- damage cannot be ruled out at this precision"
798,798,1.0,10.25,10.25,0.0,INCONCLUSIVE,25.2,"change +0.0 m is inside the +/-6.4 m interval on the difference, and that band is wider than the 25% damage threshold (2.6 m here) -- damage cannot be ruled out at this precision"
797,797,1.0,9.94,9.94,0.0,INCONCLUSIVE,25.2,"change +0.0 m is inside the +/-6.4 m interval on the difference, and that band is wider than the 25% damage threshold (2.5 m here) -- damage cannot be ruled out at this precision"
796,796,1.0,23.09,23.09,0.0,INCONCLUSIVE,25.2,"change +0.0 m is inside the +/-6.4 m interval on the difference, and that band is wider than the 25% damage threshold (5.8 m here) -- damage cannot be ruled out at this precision"
795,795,1.0,24.16,24.16,0.0,INCONCLUSIVE,25.2,"change +0.0 m is inside the +/-6.4 m interval on the difference, and that band is wider than the 25% damage threshold (6.0 m here) -- damage cannot be ruled out at this precision"
794,794,1.0,23.34,23.34,0.0,INCONCLUSIVE,25.3,"change +0.0 m is inside the +/-6.4 m interval on the difference, and that band is wider than the 25% damage threshold (5.8 m here) -- damage cannot be ruled out at this precision"
793,793,1.0,24.3,24.3,0.0,INCONCLUSIVE,25.4,"change +0.0 m is inside the +/-6.4 m interval on the difference, and that band is wider than the 25% damage threshold (6.1 m here) -- damage cannot be ruled out at this precision"
791,791,1.0,24.26,24.26,0.0,INCONCLUSIVE,25.5,"change +0.0 m is inside the +/-6.4 m interval on the difference, and that band is wider than the 25% damage threshold (6.1 m here) -- damage cannot be ruled out at this precision"
790,790,1.0,12.08,12.08,0.0,INCONCLUSIVE,25.6,"change +0.0 m is inside the +/-6.4 m interval on the difference, and that band is wider than the 25% damage threshold (3.0 m here) -- damage cannot be ruled out at this precision"
789,789,1.0,24.31,24.31,0.0,INCONCLUSIVE,25.6,"change +0.0 m is inside the +/-6.4 m interval on the difference, and that band is wider than the 25% damage threshold (6.1 m here) -- damage cannot be ruled out at this precision"
788,788,1.0,22.85,22.85,0.0,INCONCLUSIVE,25.7,"change +0.0 m is inside the +/-6.4 m interval on the difference, and that band is wider than the 25% damage threshold (5.7 m here) -- damage cannot be ruled out at this precision"
785,785,1.0,23.01,23.01,0.0,INCONCLUSIVE,25.8,"change +0.0 m is inside the +/-6.4 m interval on the difference, and that band is wider than the 25% damage threshold (5.8 m here) -- damage cannot be ruled out at this precision"
784,784,1.0,10.77,10.77,0.0,INCONCLUSIVE,25.9,"change +0.0 m is inside the +/-6.4 m interval on the difference, and that band is wider than the 25% damage threshold (2.7 m here) -- damage cannot be ruled out at this precision"
783,783,1.0,21.64,21.64,0.0,INCONCLUSIVE,26.0,"change +0.0 m is inside the +/-6.4 m interval on the difference, and that band is wider than the 25% damage threshold (5.4 m here) -- damage cannot be ruled out at this precision"
782,782,1.0,24.71,24.71,0.0,INCONCLUSIVE,26.0,"change +0.0 m is inside the +/-6.4 m interval on the difference, and that band is wider than the 25% damage threshold (6.2 m here) -- damage cannot be ruled out at this precision"
780,780,1.0,23.96,23.96,0.0,INCONCLUSIVE,26.1,"change +0.0 m is inside the +/-6.4 m interval on the difference, and that band is wider than the 25% damage threshold (6.0 m here) -- damage cannot be ruled out at this precision"
779,779,1.0,16.49,16.49,0.0,INCONCLUSIVE,26.1,"change +0.0 m is inside the +/-6.4 m interval on the difference, and that band is wider than the 25% damage threshold (4.1 m here) -- damage cannot be ruled out at this precision"
776,776,1.0,16.8,16.8,0.0,INCONCLUSIVE,26.2,"change +0.0 m is inside the +/-6.4 m interval on the difference, and that band is wider than the 25% damage threshold (4.2 m here) -- damage cannot be ruled out at this precision"
774,774,1.0,13.63,13.63,0.0,INCONCLUSIVE,26.4,"change +0.0 m is inside the +/-6.4 m interval on the difference, and that band is wider than the 25% damage threshold (3.4 m here) -- damage cannot be ruled out at this precision"
773,773,1.0,15.9,15.9,0.0,INCONCLUSIVE,26.4,"change +0.0 m is inside the +/-6.4 m interval on the difference, and that band is wider than the 25% damage threshold (4.0 m here) -- damage cannot be ruled out at this precision"
770,770,1.0,16.39,16.39,0.0,INCONCLUSIVE,26.6,"change +0.0 m is inside the +/-6.4 m interval on the difference, and that band is wider than the 25% damage threshold (4.1 m here) -- damage cannot be ruled out at this precision"
769,769,1.0,15.39,15.39,0.0,INCONCLUSIVE,26.7,"change +0.0 m is inside the +/-6.4 m interval on the difference, and that band is wider than the 25% damage threshold (3.8 m here) -- damage cannot be ruled out at this precision"
768,768,1.0,24.48,24.48,0.0,INCONCLUSIVE,26.8,"change +0.0 m is inside the +/-6.4 m interval on the difference, and that band is wider than the 25% damage threshold (6.1 m here) -- damage cannot be ruled out at this precision"
767,767,1.0,13.24,13.24,0.0,INCONCLUSIVE,26.8,"change +0.0 m is inside the +/-6.4 m interval on the difference, and that band is wider than the 25% damage threshold (3.3 m here) -- damage cannot be ruled out at this precision"
764,764,1.0,12.87,12.87,0.0,INCONCLUSIVE,26.9,"change +0.0 m is inside the +/-6.4 m interval on the difference, and that band is wider than the 25% damage threshold (3.2 m here) -- damage cannot be ruled out at this precision"
762,762,1.0,9.46,9.46,0.0,INCONCLUSIVE,27.0,"change +0.0 m is inside the +/-6.4 m interval on the difference, and that band is wider than the 25% damage threshold (2.4 m here) -- damage cannot be ruled out at this precision"
760,760,1.0,15.15,15.15,0.0,INCONCLUSIVE,27.2,"change +0.0 m is inside the +/-6.4 m interval on the difference, and that band is wider than the 25% damage threshold (3.8 m here) -- damage cannot be ruled out at this precision"
759,759,1.0,14.91,14.91,0.0,INCONCLUSIVE,27.2,"change +0.0 m is inside the +/-6.4 m interval on the difference, and that band is wider than the 25% damage threshold (3.7 m here) -- damage cannot be ruled out at this precision"
758,758,1.0,15.44,15.44,0.0,INCONCLUSIVE,27.4,"change +0.0 m is inside the +/-6.4 m interval on the difference, and that band is wider than the 25% damage threshold (3.9 m here) -- damage cannot be ruled out at this precision"
757,757,1.0,17.1,17.1,0.0,INCONCLUSIVE,27.4,"change +0.0 m is inside the +/-6.4 m interval on the difference, and that band is wider than the 25% damage threshold (4.3 m here) -- damage cannot be ruled out at this precision"
755,755,1.0,9.86,9.86,0.0,INCONCLUSIVE,27.6,"change +0.0 m is inside the +/-6.4 m interval on the difference, and that band is wider than the 25% damage threshold (2.5 m here) -- damage cannot be ruled out at this precision"
754,754,1.0,10.76,10.76,0.0,INCONCLUSIVE,27.6,"change +0.0 m is inside the +/-6.4 m interval on the difference, and that band is wider than the 25% damage threshold (2.7 m here) -- damage cannot be ruled out at this precision"
751,751,1.0,16.41,16.41,0.0,INCONCLUSIVE,27.8,"change +0.0 m is inside the +/-6.4 m interval on the difference, and that band is wider than the 25% damage threshold (4.1 m here) -- damage cannot be ruled out at this precision"
750,750,1.0,14.13,14.13,0.0,INCONCLUSIVE,28.0,"change +0.0 m is inside the +/-6.4 m interval on the difference, and that band is wider than the 25% damage threshold (3.5 m here) -- damage cannot be ruled out at this precision"
749,749,1.0,7.96,7.96,0.0,INCONCLUSIVE,28.1,"change +0.0 m is inside the +/-6.4 m interval on the difference, and that band is wider than the 25% damage threshold (2.0 m here) -- damage cannot be ruled out at this precision"
747,747,1.0,8.25,8.25,0.0,INCONCLUSIVE,28.2,"change +0.0 m is inside the +/-6.4 m interval on the difference, and that band is wider than the 25% damage threshold (2.1 m here) -- damage cannot be ruled out at this precision"
746,746,1.0,15.09,15.09,0.0,INCONCLUSIVE,28.2,"change +0.0 m is inside the +/-6.4 m interval on the difference, and that band is wider than the 25% damage threshold (3.8 m here) -- damage cannot be ruled out at this precision"
745,745,1.0,15.24,15.24,0.0,INCONCLUSIVE,28.2,"change +0.0 m is inside the +/-6.4 m interval on the difference, and that band is wider than the 25% damage threshold (3.8 m here) -- damage cannot be ruled out at this precision"
744,744,1.0,16.84,16.84,0.0,INCONCLUSIVE,28.2,"change +0.0 m is inside the +/-6.4 m interval on the difference, and that band is wider than the 25% damage threshold (4.2 m here) -- damage cannot be ruled out at this precision"
743,743,1.0,15.1,15.1,0.0,INCONCLUSIVE,28.3,"change +0.0 m is inside the +/-6.4 m interval on the difference, and that band is wider than the 25% damage threshold (3.8 m here) -- damage cannot be ruled out at this precision"
742,742,1.0,10.28,10.28,0.0,INCONCLUSIVE,28.3,"change +0.0 m is inside the +/-6.4 m interval on the difference, and that band is wider than the 25% damage threshold (2.6 m here) -- damage cannot be ruled out at this precision"
741,741,1.0,10.96,10.96,0.0,INCONCLUSIVE,28.4,"change +0.0 m is inside the +/-6.4 m interval on the difference, and that band is wider than the 25% damage threshold (2.7 m here) -- damage cannot be ruled out at this precision"
740,740,1.0,15.42,15.42,0.0,INCONCLUSIVE,28.4,"change +0.0 m is inside the +/-6.4 m interval on the difference, and that band is wider than the 25% damage threshold (3.9 m here) -- damage cannot be ruled out at this precision"
738,738,1.0,14.9,14.9,0.0,INCONCLUSIVE,28.5,"change +0.0 m is inside the +/-6.4 m interval on the difference, and that band is wider than the 25% damage threshold (3.7 m here) -- damage cannot be ruled out at this precision"
737,737,1.0,15.84,15.84,0.0,INCONCLUSIVE,28.5,"change +0.0 m is inside the +/-6.4 m interval on the difference, and that band is wider than the 25% damage threshold (4.0 m here) -- damage cannot be ruled out at this precision"
736,736,1.0,17.27,17.27,0.0,INCONCLUSIVE,28.5,"change +0.0 m is inside the +/-6.4 m interval on the difference, and that band is wider than the 25% damage threshold (4.3 m here) -- damage cannot be ruled out at this precision"
735,735,1.0,15.31,15.31,0.0,INCONCLUSIVE,28.6,"change +0.0 m is inside the +/-6.4 m interval on the difference, and that band is wider than the 25% damage threshold (3.8 m here) -- damage cannot be ruled out at this precision"
733,733,1.0,15.09,15.09,0.0,INCONCLUSIVE,28.8,"change +0.0 m is inside the +/-6.4 m interval on the difference, and that band is wider than the 25% damage threshold (3.8 m here) -- damage cannot be ruled out at this precision"
732,732,1.0,14.7,14.7,0.0,INCONCLUSIVE,28.9,"change +0.0 m is inside the +/-6.4 m interval on the difference, and that band is wider than the 25% damage threshold (3.7 m here) -- damage cannot be ruled out at this precision"
730,730,1.0,15.07,15.07,0.0,INCONCLUSIVE,28.9,"change +0.0 m is inside the +/-6.4 m interval on the difference, and that band is wider than the 25% damage threshold (3.8 m here) -- damage cannot be ruled out at this precision"
729,729,1.0,15.39,15.39,0.0,INCONCLUSIVE,29.0,"change +0.0 m is inside the +/-6.4 m interval on the difference, and that band is wider than the 25% damage threshold (3.8 m here) -- damage cannot be ruled out at this precision"
727,727,1.0,16.0,16.0,0.0,INCONCLUSIVE,29.2,"change +0.0 m is inside the +/-6.4 m interval on the difference, and that band is wider than the 25% damage threshold (4.0 m here) -- damage cannot be ruled out at this precision"
725,725,1.0,15.33,15.33,0.0,INCONCLUSIVE,29.2,"change +0.0 m is inside the +/-6.4 m interval on the difference, and that band is wider than the 25% damage threshold (3.8 m here) -- damage cannot be ruled out at this precision"
724,724,1.0,24.12,24.12,0.0,INCONCLUSIVE,29.2,"change +0.0 m is inside the +/-6.4 m interval on the difference, and that band is wider than the 25% damage threshold (6.0 m here) -- damage cannot be ruled out at this precision"
723,723,1.0,14.98,14.98,0.0,INCONCLUSIVE,29.3,"change +0.0 m is inside the +/-6.4 m interval on the difference, and that band is wider than the 25% damage threshold (3.7 m here) -- damage cannot be ruled out at this precision"
720,720,1.0,16.69,16.69,0.0,INCONCLUSIVE,29.7,"change +0.0 m is inside the +/-6.4 m interval on the difference, and that band is wider than the 25% damage threshold (4.2 m here) -- damage cannot be ruled out at this precision"
718,718,1.0,15.56,15.56,0.0,INCONCLUSIVE,29.8,"change +0.0 m is inside the +/-6.4 m interval on the difference, and that band is wider than the 25% damage threshold (3.9 m here) -- damage cannot be ruled out at this precision"
717,717,1.0,15.17,15.17,0.0,INCONCLUSIVE,29.9,"change +0.0 m is inside the +/-6.4 m interval on the difference, and that band is wider than the 25% damage threshold (3.8 m here) -- damage cannot be ruled out at this precision"
715,715,1.0,15.79,15.79,0.0,INCONCLUSIVE,30.0,"change +0.0 m is inside the +/-6.4 m interval on the difference, and that band is wider than the 25% damage threshold (3.9 m here) -- damage cannot be ruled out at this precision"
714,714,1.0,17.76,17.76,0.0,INCONCLUSIVE,30.1,"change +0.0 m is inside the +/-6.4 m interval on the difference, and that band is wider than the 25% damage threshold (4.4 m here) -- damage cannot be ruled out at this precision"
713,713,1.0,15.05,15.05,0.0,INCONCLUSIVE,30.2,"change +0.0 m is inside the +/-6.4 m interval on the difference, and that band is wider than the 25% damage threshold (3.8 m here) -- damage cannot be ruled out at this precision"
712,712,1.0,15.77,15.77,0.0,INCONCLUSIVE,30.2,"change +0.0 m is inside the +/-6.4 m interval on the difference, and that band is wider than the 25% damage threshold (3.9 m here) -- damage cannot be ruled out at this precision"
711,711,1.0,9.96,9.96,0.0,INCONCLUSIVE,30.3,"change +0.0 m is inside the +/-6.4 m interval on the difference, and that band is wider than the 25% damage threshold (2.5 m here) -- damage cannot be ruled out at this precision"
709,709,1.0,24.38,24.38,0.0,INCONCLUSIVE,30.4,"change +0.0 m is inside the +/-6.4 m interval on the difference, and that band is wider than the 25% damage threshold (6.1 m here) -- damage cannot be ruled out at this precision"
708,708,1.0,15.89,15.89,0.0,INCONCLUSIVE,30.5,"change +0.0 m is inside the +/-6.4 m interval on the difference, and that band is wider than the 25% damage threshold (4.0 m here) -- damage cannot be ruled out at this precision"
707,707,1.0,16.53,16.53,0.0,INCONCLUSIVE,30.6,"change +0.0 m is inside the +/-6.4 m interval on the difference, and that band is wider than the 25% damage threshold (4.1 m here) -- damage cannot be ruled out at this precision"
706,706,1.0,16.14,16.14,0.0,INCONCLUSIVE,30.6,"change +0.0 m is inside the +/-6.4 m interval on the difference, and that band is wider than the 25% damage threshold (4.0 m here) -- damage cannot be ruled out at this precision"
701,701,1.0,19.37,19.37,0.0,INCONCLUSIVE,30.9,"change +0.0 m is inside the +/-6.4 m interval on the difference, and that band is wider than the 25% damage threshold (4.8 m here) -- damage cannot be ruled out at this precision"
700,700,1.0,16.23,16.23,0.0,INCONCLUSIVE,30.9,"change +0.0 m is inside the +/-6.4 m interval on the difference, and that band is wider than the 25% damage threshold (4.1 m here) -- damage cannot be ruled out at this precision"
698,698,1.0,16.52,16.52,0.0,INCONCLUSIVE,31.2,"change +0.0 m is inside the +/-6.4 m interval on the difference, and that band is wider than the 25% damage threshold (4.1 m here) -- damage cannot be ruled out at this precision"
696,696,1.0,15.02,15.02,0.0,INCONCLUSIVE,31.3,"change +0.0 m is inside the +/-6.4 m interval on the difference, and that band is wider than the 25% damage threshold (3.8 m here) -- damage cannot be ruled out at this precision"
695,695,1.0,17.61,17.61,0.0,INCONCLUSIVE,31.6,"change +0.0 m is inside the +/-6.4 m interval on the difference, and that band is wider than the 25% damage threshold (4.4 m here) -- damage cannot be ruled out at this precision"
693,693,1.0,15.65,15.65,0.0,INCONCLUSIVE,31.9,"change +0.0 m is inside the +/-6.4 m interval on the difference, and that band is wider than the 25% damage threshold (3.9 m here) -- damage cannot be ruled out at this precision"
689,689,1.0,15.85,15.85,0.0,INCONCLUSIVE,32.3,"change +0.0 m is inside the +/-6.4 m interval on the difference, and that band is wider than the 25% damage threshold (4.0 m here) -- damage cannot be ruled out at this precision"
688,688,1.0,15.6,15.6,0.0,INCONCLUSIVE,32.4,"change +0.0 m is inside the +/-6.4 m interval on the difference, and that band is wider than the 25% damage threshold (3.9 m here) -- damage cannot be ruled out at this precision"
685,685,1.0,17.04,17.04,0.0,INCONCLUSIVE,32.5,"change +0.0 m is inside the +/-6.4 m interval on the difference, and that band is wider than the 25% damage threshold (4.3 m here) -- damage cannot be ruled out at this precision"
684,684,1.0,24.79,24.79,0.0,INCONCLUSIVE,32.7,"change +0.0 m is inside the +/-6.4 m interval on the difference, and that band is wider than the 25% damage threshold (6.2 m here) -- damage cannot be ruled out at this precision"
683,683,1.0,24.63,24.63,0.0,INCONCLUSIVE,32.8,"change +0.0 m is inside the +/-6.4 m interval on the difference, and that band is wider than the 25% damage threshold (6.2 m here) -- damage cannot be ruled out at this precision"
682,682,1.0,14.65,14.65,0.0,INCONCLUSIVE,33.0,"change +0.0 m is inside the +/-6.4 m interval on the difference, and that band is wider than the 25% damage threshold (3.7 m here) -- damage cannot be ruled out at this precision"
681,681,1.0,12.1,12.1,0.0,INCONCLUSIVE,33.0,"change +0.0 m is inside the +/-6.4 m interval on the difference, and that band is wider than the 25% damage threshold (3.0 m here) -- damage cannot be ruled out at this precision"
680,680,1.0,14.15,14.15,0.0,INCONCLUSIVE,33.3,"change +0.0 m is inside the +/-6.4 m interval on the difference, and that band is wider than the 25% damage threshold (3.5 m here) -- damage cannot be ruled out at this precision"
679,679,1.0,8.44,8.44,0.0,INCONCLUSIVE,33.5,"change +0.0 m is inside the +/-6.4 m interval on the difference, and that band is wider than the 25% damage threshold (2.1 m here) -- damage cannot be ruled out at this precision"
675,675,1.0,20.23,20.23,0.0,INCONCLUSIVE,33.8,"change +0.0 m is inside the +/-6.4 m interval on the difference, and that band is wider than the 25% damage threshold (5.1 m here) -- damage cannot be ruled out at this precision"
673,673,1.0,14.97,14.97,0.0,INCONCLUSIVE,33.8,"change +0.0 m is inside the +/-6.4 m interval on the difference, and that band is wider than the 25% damage threshold (3.7 m here) -- damage cannot be ruled out at this precision"
671,671,1.0,24.42,24.42,0.0,INCONCLUSIVE,34.0,"change +0.0 m is inside the +/-6.4 m interval on the difference, and that band is wider than the 25% damage threshold (6.1 m here) -- damage cannot be ruled out at this precision"
670,670,1.0,15.37,15.37,0.0,INCONCLUSIVE,34.0,"change +0.0 m is inside the +/-6.4 m interval on the difference, and that band is wider than the 25% damage threshold (3.8 m here) -- damage cannot be ruled out at this precision"
668,668,1.0,15.27,15.27,0.0,INCONCLUSIVE,34.4,"change +0.0 m is inside the +/-6.4 m interval on the difference, and that band is wider than the 25% damage threshold (3.8 m here) -- damage cannot be ruled out at this precision"
666,666,1.0,24.59,24.59,0.0,INCONCLUSIVE,34.6,"change +0.0 m is inside the +/-6.4 m interval on the difference, and that band is wider than the 25% damage threshold (6.1 m here) -- damage cannot be ruled out at this precision"
665,665,1.0,25.53,25.53,0.0,INCONCLUSIVE,34.7,"change +0.0 m is inside the +/-6.4 m interval on the difference, and that band is wider than the 25% damage threshold (6.4 m here) -- damage cannot be ruled out at this precision"
664,664,1.0,18.57,18.57,0.0,INCONCLUSIVE,34.8,"change +0.0 m is inside the +/-6.4 m interval on the difference, and that band is wider than the 25% damage threshold (4.6 m here) -- damage cannot be ruled out at this precision"
663,663,1.0,20.76,20.76,0.0,INCONCLUSIVE,34.9,"change +0.0 m is inside the +/-6.4 m interval on the difference, and that band is wider than the 25% damage threshold (5.2 m here) -- damage cannot be ruled out at this precision"
662,662,1.0,17.37,17.37,0.0,INCONCLUSIVE,35.0,"change +0.0 m is inside the +/-6.4 m interval on the difference, and that band is wider than the 25% damage threshold (4.3 m here) -- damage cannot be ruled out at this precision"
661,661,1.0,24.71,24.71,0.0,INCONCLUSIVE,35.1,"change +0.0 m is inside the +/-6.4 m interval on the difference, and that band is wider than the 25% damage threshold (6.2 m here) -- damage cannot be ruled out at this precision"
660,660,1.0,15.67,15.67,0.0,INCONCLUSIVE,35.1,"change +0.0 m is inside the +/-6.4 m interval on the difference, and that band is wider than the 25% damage threshold (3.9 m here) -- damage cannot be ruled out at this precision"
658,658,1.0,24.85,24.85,0.0,INCONCLUSIVE,35.5,"change +0.0 m is inside the +/-6.4 m interval on the difference, and that band is wider than the 25% damage threshold (6.2 m here) -- damage cannot be ruled out at this precision"
657,657,1.0,10.96,10.96,0.0,INCONCLUSIVE,35.5,"change +0.0 m is inside the +/-6.4 m interval on the difference, and that band is wider than the 25% damage threshold (2.7 m here) -- damage cannot be ruled out at this precision"
655,655,1.0,5.49,5.49,0.0,INCONCLUSIVE,35.8,"change +0.0 m is inside the +/-6.4 m interval on the difference, and that band is wider than the 25% damage threshold (1.4 m here) -- damage cannot be ruled out at this precision"
654,654,1.0,25.49,25.49,0.0,INCONCLUSIVE,36.1,"change +0.0 m is inside the +/-6.4 m interval on the difference, and that band is wider than the 25% damage threshold (6.4 m here) -- damage cannot be ruled out at this precision"
653,653,1.0,18.98,18.98,0.0,INCONCLUSIVE,36.1,"change +0.0 m is inside the +/-6.4 m interval on the difference, and that band is wider than the 25% damage threshold (4.7 m here) -- damage cannot be ruled out at this precision"
651,651,1.0,15.93,15.93,0.0,INCONCLUSIVE,36.5,"change +0.0 m is inside the +/-6.4 m interval on the difference, and that band is wider than the 25% damage threshold (4.0 m here) -- damage cannot be ruled out at this precision"
650,650,1.0,14.08,14.08,0.0,INCONCLUSIVE,36.6,"change +0.0 m is inside the +/-6.4 m interval on the difference, and that band is wider than the 25% damage threshold (3.5 m here) -- damage cannot be ruled out at this precision"
649,649,1.0,25.0,25.0,0.0,INCONCLUSIVE,36.6,"change +0.0 m is inside the +/-6.4 m interval on the difference, and that band is wider than the 25% damage threshold (6.2 m here) -- damage cannot be ruled out at this precision"
648,648,1.0,7.81,7.81,0.0,INCONCLUSIVE,36.7,"change +0.0 m is inside the +/-6.4 m interval on the difference, and that band is wider than the 25% damage threshold (2.0 m here) -- damage cannot be ruled out at this precision"
647,647,1.0,14.88,14.88,0.0,INCONCLUSIVE,36.8,"change +0.0 m is inside the +/-6.4 m interval on the difference, and that band is wider than the 25% damage threshold (3.7 m here) -- damage cannot be ruled out at this precision"
644,644,1.0,24.76,24.76,0.0,INCONCLUSIVE,37.5,"change +0.0 m is inside the +/-6.4 m interval on the difference, and that band is wider than the 25% damage threshold (6.2 m here) -- damage cannot be ruled out at this precision"
640,640,1.0,17.65,17.65,0.0,INCONCLUSIVE,38.0,"change +0.0 m is inside the +/-6.4 m interval on the difference, and that band is wider than the 25% damage threshold (4.4 m here) -- damage cannot be ruled out at this precision"
638,638,1.0,18.74,18.74,0.0,INCONCLUSIVE,38.0,"change +0.0 m is inside the +/-6.4 m interval on the difference, and that band is wider than the 25% damage threshold (4.7 m here) -- damage cannot be ruled out at this precision"
637,637,1.0,9.51,9.51,0.0,INCONCLUSIVE,38.1,"change +0.0 m is inside the +/-6.4 m interval on the difference, and that band is wider than the 25% damage threshold (2.4 m here) -- damage cannot be ruled out at this precision"
636,636,1.0,12.12,12.12,0.0,INCONCLUSIVE,38.4,"change +0.0 m is inside the +/-6.4 m interval on the difference, and that band is wider than the 25% damage threshold (3.0 m here) -- damage cannot be ruled out at this precision"
633,633,1.0,17.83,17.83,0.0,INCONCLUSIVE,38.6,"change +0.0 m is inside the +/-6.4 m interval on the difference, and that band is wider than the 25% damage threshold (4.5 m here) -- damage cannot be ruled out at this precision"
631,631,1.0,14.6,14.6,0.0,INCONCLUSIVE,38.8,"change +0.0 m is inside the +/-6.4 m interval on the difference, and that band is wider than the 25% damage threshold (3.6 m here) -- damage cannot be ruled out at this precision"
629,629,1.0,21.6,21.6,0.0,INCONCLUSIVE,38.9,"change +0.0 m is inside the +/-6.4 m interval on the difference, and that band is wider than the 25% damage threshold (5.4 m here) -- damage cannot be ruled out at this precision"
628,628,1.0,24.96,24.96,0.0,INCONCLUSIVE,39.4,"change +0.0 m is inside the +/-6.4 m interval on the difference, and that band is wider than the 25% damage threshold (6.2 m here) -- damage cannot be ruled out at this precision"
627,627,1.0,24.86,24.86,0.0,INCONCLUSIVE,39.4,"change +0.0 m is inside the +/-6.4 m interval on the difference, and that band is wider than the 25% damage threshold (6.2 m here) -- damage cannot be ruled out at this precision"
626,626,1.0,6.62,6.62,0.0,INCONCLUSIVE,39.8,"change +0.0 m is inside the +/-6.4 m interval on the difference, and that band is wider than the 25% damage threshold (1.7 m here) -- damage cannot be ruled out at this precision"
622,622,1.0,17.06,17.06,0.0,INCONCLUSIVE,40.0,"change +0.0 m is inside the +/-6.4 m interval on the difference, and that band is wider than the 25% damage threshold (4.3 m here) -- damage cannot be ruled out at this precision"
621,621,1.0,14.4,14.4,0.0,INCONCLUSIVE,40.1,"change +0.0 m is inside the +/-6.4 m interval on the difference, and that band is wider than the 25% damage threshold (3.6 m here) -- damage cannot be ruled out at this precision"
618,618,1.0,25.27,25.27,0.0,INCONCLUSIVE,40.2,"change +0.0 m is inside the +/-6.4 m interval on the difference, and that band is wider than the 25% damage threshold (6.3 m here) -- damage cannot be ruled out at this precision"
617,617,1.0,17.11,17.11,0.0,INCONCLUSIVE,40.4,"change +0.0 m is inside the +/-6.4 m interval on the difference, and that band is wider than the 25% damage threshold (4.3 m here) -- damage cannot be ruled out at this precision"
616,616,1.0,13.52,13.52,0.0,INCONCLUSIVE,40.4,"change +0.0 m is inside the +/-6.4 m interval on the difference, and that band is wider than the 25% damage threshold (3.4 m here) -- damage cannot be ruled out at this precision"
615,615,1.0,22.14,22.14,0.0,INCONCLUSIVE,40.5,"change +0.0 m is inside the +/-6.4 m interval on the difference, and that band is wider than the 25% damage threshold (5.5 m here) -- damage cannot be ruled out at this precision"
613,613,1.0,12.22,12.22,0.0,INCONCLUSIVE,40.6,"change +0.0 m is inside the +/-6.4 m interval on the difference, and that band is wider than the 25% damage threshold (3.1 m here) -- damage cannot be ruled out at this precision"
612,612,1.0,24.72,24.72,0.0,INCONCLUSIVE,40.7,"change +0.0 m is inside the +/-6.4 m interval on the difference, and that band is wider than the 25% damage threshold (6.2 m here) -- damage cannot be ruled out at this precision"
611,611,1.0,22.48,22.48,0.0,INCONCLUSIVE,40.8,"change +0.0 m is inside the +/-6.4 m interval on the difference, and that band is wider than the 25% damage threshold (5.6 m here) -- damage cannot be ruled out at this precision"
610,610,1.0,6.85,6.85,0.0,INCONCLUSIVE,40.8,"change +0.0 m is inside the +/-6.4 m interval on the difference, and that band is wider than the 25% damage threshold (1.7 m here) -- damage cannot be ruled out at this precision"
609,609,1.0,11.92,11.92,0.0,INCONCLUSIVE,40.9,"change +0.0 m is inside the +/-6.4 m interval on the difference, and that band is wider than the 25% damage threshold (3.0 m here) -- damage cannot be ruled out at this precision"
608,608,1.0,24.85,24.85,0.0,INCONCLUSIVE,40.9,"change +0.0 m is inside the +/-6.4 m interval on the difference, and that band is wider than the 25% damage threshold (6.2 m here) -- damage cannot be ruled out at this precision"
605,605,1.0,7.91,7.91,0.0,INCONCLUSIVE,41.6,"change +0.0 m is inside the +/-6.4 m interval on the difference, and that band is wider than the 25% damage threshold (2.0 m here) -- damage cannot be ruled out at this precision"
603,603,1.0,22.3,22.3,0.0,INCONCLUSIVE,41.8,"change +0.0 m is inside the +/-6.4 m interval on the difference, and that band is wider than the 25% damage threshold (5.6 m here) -- damage cannot be ruled out at this precision"
602,602,1.0,21.28,21.28,0.0,INCONCLUSIVE,41.8,"change +0.0 m is inside the +/-6.4 m interval on the difference, and that band is wider than the 25% damage threshold (5.3 m here) -- damage cannot be ruled out at this precision"
601,601,1.0,16.77,16.77,0.0,INCONCLUSIVE,42.1,"change +0.0 m is inside the +/-6.4 m interval on the difference, and that band is wider than the 25% damage threshold (4.2 m here) -- damage cannot be ruled out at this precision"
598,598,1.0,10.43,10.43,0.0,INCONCLUSIVE,42.4,"change +0.0 m is inside the +/-6.4 m interval on the difference, and that band is wider than the 25% damage threshold (2.6 m here) -- damage cannot be ruled out at this precision"
596,596,1.0,22.02,22.02,0.0,INCONCLUSIVE,42.8,"change +0.0 m is inside the +/-6.4 m interval on the difference, and that band is wider than the 25% damage threshold (5.5 m here) -- damage cannot be ruled out at this precision"
594,594,1.0,5.31,5.31,0.0,INCONCLUSIVE,42.8,"change +0.0 m is inside the +/-6.4 m interval on the difference, and that band is wider than the 25% damage threshold (1.3 m here) -- damage cannot be ruled out at this precision"
593,593,1.0,7.88,7.88,0.0,INCONCLUSIVE,42.9,"change +0.0 m is inside the +/-6.4 m interval on the difference, and that band is wider than the 25% damage threshold (2.0 m here) -- damage cannot be ruled out at this precision"
592,592,1.0,22.02,22.02,0.0,INCONCLUSIVE,42.9,"change +0.0 m is inside the +/-6.4 m interval on the difference, and that band is wider than the 25% damage threshold (5.5 m here) -- damage cannot be ruled out at this precision"
591,591,1.0,9.58,9.58,0.0,INCONCLUSIVE,42.9,"change +0.0 m is inside the +/-6.4 m interval on the difference, and that band is wider than the 25% damage threshold (2.4 m here) -- damage cannot be ruled out at this precision"
589,589,1.0,10.04,10.04,0.0,INCONCLUSIVE,43.2,"change +0.0 m is inside the +/-6.4 m interval on the difference, and that band is wider than the 25% damage threshold (2.5 m here) -- damage cannot be ruled out at this precision"
585,585,1.0,21.1,21.1,0.0,INCONCLUSIVE,43.6,"change +0.0 m is inside the +/-6.4 m interval on the difference, and that band is wider than the 25% damage threshold (5.3 m here) -- damage cannot be ruled out at this precision"
584,584,1.0,21.5,21.5,0.0,INCONCLUSIVE,43.7,"change +0.0 m is inside the +/-6.4 m interval on the difference, and that band is wider than the 25% damage threshold (5.4 m here) -- damage cannot be ruled out at this precision"
583,583,1.0,21.96,21.96,0.0,INCONCLUSIVE,43.8,"change +0.0 m is inside the +/-6.4 m interval on the difference, and that band is wider than the 25% damage threshold (5.5 m here) -- damage cannot be ruled out at this precision"
582,582,1.0,23.18,23.18,0.0,INCONCLUSIVE,43.8,"change +0.0 m is inside the +/-6.4 m interval on the difference, and that band is wider than the 25% damage threshold (5.8 m here) -- damage cannot be ruled out at this precision"
580,580,1.0,21.88,21.88,0.0,INCONCLUSIVE,44.4,"change +0.0 m is inside the +/-6.4 m interval on the difference, and that band is wider than the 25% damage threshold (5.5 m here) -- damage cannot be ruled out at this precision"
579,579,1.0,14.98,14.98,0.0,INCONCLUSIVE,44.5,"change +0.0 m is inside the +/-6.4 m interval on the difference, and that band is wider than the 25% damage threshold (3.7 m here) -- damage cannot be ruled out at this precision"
576,576,1.0,9.55,9.55,0.0,INCONCLUSIVE,45.1,"change +0.0 m is inside the +/-6.4 m interval on the difference, and that band is wider than the 25% damage threshold (2.4 m here) -- damage cannot be ruled out at this precision"
575,575,1.0,10.0,10.0,0.0,INCONCLUSIVE,45.2,"change +0.0 m is inside the +/-6.4 m interval on the difference, and that band is wider than the 25% damage threshold (2.5 m here) -- damage cannot be ruled out at this precision"
572,572,1.0,20.66,20.66,0.0,INCONCLUSIVE,45.4,"change +0.0 m is inside the +/-6.4 m interval on the difference, and that band is wider than the 25% damage threshold (5.2 m here) -- damage cannot be ruled out at this precision"
570,570,1.0,13.91,13.91,0.0,INCONCLUSIVE,45.6,"change +0.0 m is inside the +/-6.4 m interval on the difference, and that band is wider than the 25% damage threshold (3.5 m here) -- damage cannot be ruled out at this precision"
569,569,1.0,21.47,21.47,0.0,INCONCLUSIVE,45.7,"change +0.0 m is inside the +/-6.4 m interval on the difference, and that band is wider than the 25% damage threshold (5.4 m here) -- damage cannot be ruled out at this precision"
567,567,1.0,21.05,21.05,0.0,INCONCLUSIVE,45.8,"change +0.0 m is inside the +/-6.4 m interval on the difference, and that band is wider than the 25% damage threshold (5.3 m here) -- damage cannot be ruled out at this precision"
563,563,1.0,9.61,9.61,0.0,INCONCLUSIVE,46.2,"change +0.0 m is inside the +/-6.4 m interval on the difference, and that band is wider than the 25% damage threshold (2.4 m here) -- damage cannot be ruled out at this precision"
562,562,1.0,15.53,15.53,0.0,INCONCLUSIVE,46.2,"change +0.0 m is inside the +/-6.4 m interval on the difference, and that band is wider than the 25% damage threshold (3.9 m here) -- damage cannot be ruled out at this precision"
561,561,1.0,6.04,6.04,0.0,INCONCLUSIVE,46.5,"change +0.0 m is inside the +/-6.4 m interval on the difference, and that band is wider than the 25% damage threshold (1.5 m here) -- damage cannot be ruled out at this precision"
560,560,1.0,6.95,6.95,0.0,INCONCLUSIVE,46.6,"change +0.0 m is inside the +/-6.4 m interval on the difference, and that band is wider than the 25% damage threshold (1.7 m here) -- damage cannot be ruled out at this precision"
559,559,1.0,19.58,19.58,0.0,INCONCLUSIVE,46.6,"change +0.0 m is inside the +/-6.4 m interval on the difference, and that band is wider than the 25% damage threshold (4.9 m here) -- damage cannot be ruled out at this precision"
558,558,1.0,14.44,14.44,0.0,INCONCLUSIVE,46.8,"change +0.0 m is inside the +/-6.4 m interval on the difference, and that band is wider than the 25% damage threshold (3.6 m here) -- damage cannot be ruled out at this precision"
557,557,1.0,18.69,18.69,0.0,INCONCLUSIVE,47.0,"change +0.0 m is inside the +/-6.4 m interval on the difference, and that band is wider than the 25% damage threshold (4.7 m here) -- damage cannot be ruled out at this precision"
556,556,1.0,7.04,7.04,0.0,INCONCLUSIVE,47.1,"change +0.0 m is inside the +/-6.4 m interval on the difference, and that band is wider than the 25% damage threshold (1.8 m here) -- damage cannot be ruled out at this precision"
555,555,1.0,19.36,19.36,0.0,INCONCLUSIVE,47.2,"change +0.0 m is inside the +/-6.4 m interval on the difference, and that band is wider than the 25% damage threshold (4.8 m here) -- damage cannot be ruled out at this precision"
554,554,1.0,18.46,18.46,0.0,INCONCLUSIVE,47.2,"change +0.0 m is inside the +/-6.4 m interval on the difference, and that band is wider than the 25% damage threshold (4.6 m here) -- damage cannot be ruled out at this precision"
553,553,1.0,15.61,15.61,0.0,INCONCLUSIVE,47.4,"change +0.0 m is inside the +/-6.4 m interval on the difference, and that band is wider than the 25% damage threshold (3.9 m here) -- damage cannot be ruled out at this precision"
552,552,1.0,10.18,10.18,0.0,INCONCLUSIVE,47.4,"change +0.0 m is inside the +/-6.4 m interval on the difference, and that band is wider than the 25% damage threshold (2.5 m here) -- damage cannot be ruled out at this precision"
550,550,1.0,5.41,5.41,0.0,INCONCLUSIVE,48.1,"change +0.0 m is inside the +/-6.4 m interval on the difference, and that band is wider than the 25% damage threshold (1.4 m here) -- damage cannot be ruled out at this precision"
549,549,1.0,9.23,9.23,0.0,INCONCLUSIVE,48.1,"change +0.0 m is inside the +/-6.4 m interval on the difference, and that band is wider than the 25% damage threshold (2.3 m here) -- damage cannot be ruled out at this precision"
548,548,1.0,14.43,14.43,0.0,INCONCLUSIVE,48.7,"change +0.0 m is inside the +/-6.4 m interval on the difference, and that band is wider than the 25% damage threshold (3.6 m here) -- damage cannot be ruled out at this precision"
547,547,1.0,8.15,8.15,0.0,INCONCLUSIVE,48.7,"change +0.0 m is inside the +/-6.4 m interval on the difference, and that band is wider than the 25% damage threshold (2.0 m here) -- damage cannot be ruled out at this precision"
546,546,1.0,5.85,5.85,0.0,INCONCLUSIVE,48.8,"change +0.0 m is inside the +/-6.4 m interval on the difference, and that band is wider than the 25% damage threshold (1.5 m here) -- damage cannot be ruled out at this precision"
545,545,1.0,18.95,18.95,0.0,INCONCLUSIVE,48.9,"change +0.0 m is inside the +/-6.4 m interval on the difference, and that band is wider than the 25% damage threshold (4.7 m here) -- damage cannot be ruled out at this precision"
544,544,1.0,10.28,10.28,0.0,INCONCLUSIVE,49.4,"change +0.0 m is inside the +/-6.4 m interval on the difference, and that band is wider than the 25% damage threshold (2.6 m here) -- damage cannot be ruled out at this precision"
543,543,1.0,22.63,22.63,0.0,INCONCLUSIVE,49.5,"change +0.0 m is inside the +/-6.4 m interval on the difference, and that band is wider than the 25% damage threshold (5.7 m here) -- damage cannot be ruled out at this precision"
541,541,1.0,14.66,14.66,0.0,INCONCLUSIVE,50.0,"change +0.0 m is inside the +/-6.4 m interval on the difference, and that band is wider than the 25% damage threshold (3.7 m here) -- damage cannot be ruled out at this precision"
540,540,1.0,21.23,21.23,0.0,INCONCLUSIVE,50.8,"change +0.0 m is inside the +/-6.4 m interval on the difference, and that band is wider than the 25% damage threshold (5.3 m here) -- damage cannot be ruled out at this precision"
539,539,1.0,9.96,9.96,0.0,INCONCLUSIVE,50.9,"change +0.0 m is inside the +/-6.4 m interval on the difference, and that band is wider than the 25% damage threshold (2.5 m here) -- damage cannot be ruled out at this precision"
538,538,1.0,4.44,4.44,0.0,INCONCLUSIVE,51.4,"change +0.0 m is inside the +/-6.4 m interval on the difference, and that band is wider than the 25% damage threshold (1.1 m here) -- damage cannot be ruled out at this precision"
537,537,1.0,8.5,8.5,0.0,INCONCLUSIVE,51.6,"change +0.0 m is inside the +/-6.4 m interval on the difference, and that band is wider than the 25% damage threshold (2.1 m here) -- damage cannot be ruled out at this precision"
536,536,1.0,8.27,8.27,0.0,INCONCLUSIVE,51.7,"change +0.0 m is inside the +/-6.4 m interval on the difference, and that band is wider than the 25% damage threshold (2.1 m here) -- damage cannot be ruled out at this precision"
534,534,1.0,18.69,18.69,0.0,INCONCLUSIVE,51.8,"change +0.0 m is inside the +/-6.4 m interval on the difference, and that band is wider than the 25% damage threshold (4.7 m here) -- damage cannot be ruled out at this precision"
531,531,1.0,21.12,21.12,0.0,INCONCLUSIVE,53.0,"change +0.0 m is inside the +/-6.4 m interval on the difference, and that band is wider than the 25% damage threshold (5.3 m here) -- damage cannot be ruled out at this precision"
530,530,1.0,19.76,19.76,0.0,INCONCLUSIVE,53.0,"change +0.0 m is inside the +/-6.4 m interval on the difference, and that band is wider than the 25% damage threshold (4.9 m here) -- damage cannot be ruled out at this precision"
529,529,1.0,13.1,13.1,0.0,INCONCLUSIVE,53.2,"change +0.0 m is inside the +/-6.4 m interval on the difference, and that band is wider than the 25% damage threshold (3.3 m here) -- damage cannot be ruled out at this precision"
528,528,1.0,3.97,3.97,0.0,INCONCLUSIVE,53.4,"change +0.0 m is inside the +/-6.4 m interval on the difference, and that band is wider than the 25% damage threshold (1.0 m here) -- damage cannot be ruled out at this precision"
527,527,1.0,9.43,9.43,0.0,INCONCLUSIVE,53.4,"change +0.0 m is inside the +/-6.4 m interval on the difference, and that band is wider than the 25% damage threshold (2.4 m here) -- damage cannot be ruled out at this precision"
524,524,1.0,12.97,12.97,0.0,INCONCLUSIVE,53.9,"change +0.0 m is inside the +/-6.4 m interval on the difference, and that band is wider than the 25% damage threshold (3.2 m here) -- damage cannot be ruled out at this precision"
523,523,1.0,13.08,13.08,0.0,INCONCLUSIVE,54.0,"change +0.0 m is inside the +/-6.4 m interval on the difference, and that band is wider than the 25% damage threshold (3.3 m here) -- damage cannot be ruled out at this precision"
522,522,1.0,2.87,2.87,0.0,INCONCLUSIVE,54.1,"change +0.0 m is inside the +/-6.4 m interval on the difference, and that band is wider than the 25% damage threshold (0.7 m here) -- damage cannot be ruled out at this precision"
521,521,1.0,11.29,11.29,0.0,INCONCLUSIVE,54.2,"change +0.0 m is inside the +/-6.4 m interval on the difference, and that band is wider than the 25% damage threshold (2.8 m here) -- damage cannot be ruled out at this precision"
520,520,1.0,11.25,11.25,0.0,INCONCLUSIVE,54.3,"change +0.0 m is inside the +/-6.4 m interval on the difference, and that band is wider than the 25% damage threshold (2.8 m here) -- damage cannot be ruled out at this precision"
517,517,1.0,21.55,21.55,0.0,INCONCLUSIVE,54.7,"change +0.0 m is inside the +/-6.4 m interval on the difference, and that band is wider than the 25% damage threshold (5.4 m here) -- damage cannot be ruled out at this precision"
516,516,1.0,20.45,20.45,0.0,INCONCLUSIVE,54.7,"change +0.0 m is inside the +/-6.4 m interval on the difference, and that band is wider than the 25% damage threshold (5.1 m here) -- damage cannot be ruled out at this precision"
513,513,1.0,12.39,12.39,0.0,INCONCLUSIVE,55.2,"change +0.0 m is inside the +/-6.4 m interval on the difference, and that band is wider than the 25% damage threshold (3.1 m here) -- damage cannot be ruled out at this precision"
512,512,1.0,9.38,9.38,0.0,INCONCLUSIVE,55.2,"change +0.0 m is inside the +/-6.4 m interval on the difference, and that band is wider than the 25% damage threshold (2.3 m here) -- damage cannot be ruled out at this precision"
511,511,1.0,21.21,21.21,0.0,INCONCLUSIVE,55.2,"change +0.0 m is inside the +/-6.4 m interval on the difference, and that band is wider than the 25% damage threshold (5.3 m here) -- damage cannot be ruled out at this precision"
503,503,1.0,13.02,13.02,0.0,INCONCLUSIVE,56.8,"change +0.0 m is inside the +/-6.4 m interval on the difference, and that band is wider than the 25% damage threshold (3.3 m here) -- damage cannot be ruled out at this precision"
502,502,1.0,11.94,11.94,0.0,INCONCLUSIVE,56.9,"change +0.0 m is inside the +/-6.4 m interval on the difference, and that band is wider than the 25% damage threshold (3.0 m here) -- damage cannot be ruled out at this precision"
501,501,1.0,19.21,19.21,0.0,INCONCLUSIVE,57.2,"change +0.0 m is inside the +/-6.4 m interval on the difference, and that band is wider than the 25% damage threshold (4.8 m here) -- damage cannot be ruled out at this precision"
500,500,1.0,14.97,14.97,0.0,INCONCLUSIVE,57.2,"change +0.0 m is inside the +/-6.4 m interval on the difference, and that band is wider than the 25% damage threshold (3.7 m here) -- damage cannot be ruled out at this precision"
499,499,1.0,14.32,14.32,0.0,INCONCLUSIVE,57.8,"change +0.0 m is inside the +/-6.4 m interval on the difference, and that band is wider than the 25% damage threshold (3.6 m here) -- damage cannot be ruled out at this precision"
498,498,1.0,13.0,13.0,0.0,INCONCLUSIVE,57.8,"change +0.0 m is inside the +/-6.4 m interval on the difference, and that band is wider than the 25% damage threshold (3.2 m here) -- damage cannot be ruled out at this precision"
497,497,1.0,12.42,12.42,0.0,INCONCLUSIVE,57.9,"change +0.0 m is inside the +/-6.4 m interval on the difference, and that band is wider than the 25% damage threshold (3.1 m here) -- damage cannot be ruled out at this precision"
496,496,1.0,17.81,17.81,0.0,INCONCLUSIVE,58.1,"change +0.0 m is inside the +/-6.4 m interval on the difference, and that band is wider than the 25% damage threshold (4.5 m here) -- damage cannot be ruled out at this precision"
494,494,1.0,24.96,24.96,0.0,INCONCLUSIVE,58.2,"change +0.0 m is inside the +/-6.4 m interval on the difference, and that band is wider than the 25% damage threshold (6.2 m here) -- damage cannot be ruled out at this precision"
493,493,1.0,16.28,16.28,0.0,INCONCLUSIVE,59.1,"change +0.0 m is inside the +/-6.4 m interval on the difference, and that band is wider than the 25% damage threshold (4.1 m here) -- damage cannot be ruled out at this precision"
492,492,1.0,12.05,12.05,0.0,INCONCLUSIVE,59.5,"change +0.0 m is inside the +/-6.4 m interval on the difference, and that band is wider than the 25% damage threshold (3.0 m here) -- damage cannot be ruled out at this precision"
491,491,1.0,16.91,16.91,0.0,INCONCLUSIVE,59.6,"change +0.0 m is inside the +/-6.4 m interval on the difference, and that band is wider than the 25% damage threshold (4.2 m here) -- damage cannot be ruled out at this precision"
490,490,1.0,13.89,13.89,0.0,INCONCLUSIVE,60.0,"change +0.0 m is inside the +/-6.4 m interval on the difference, and that band is wider than the 25% damage threshold (3.5 m here) -- damage cannot be ruled out at this precision"
489,489,1.0,4.09,4.09,0.0,INCONCLUSIVE,60.1,"change +0.0 m is inside the +/-6.4 m interval on the difference, and that band is wider than the 25% damage threshold (1.0 m here) -- damage cannot be ruled out at this precision"
488,488,1.0,5.27,5.27,0.0,INCONCLUSIVE,60.8,"change +0.0 m is inside the +/-6.4 m interval on the difference, and that band is wider than the 25% damage threshold (1.3 m here) -- damage cannot be ruled out at this precision"
487,487,1.0,11.22,11.22,0.0,INCONCLUSIVE,61.1,"change +0.0 m is inside the +/-6.4 m interval on the difference, and that band is wider than the 25% damage threshold (2.8 m here) -- damage cannot be ruled out at this precision"
484,484,1.0,15.07,15.07,0.0,INCONCLUSIVE,61.6,"change +0.0 m is inside the +/-6.4 m interval on the difference, and that band is wider than the 25% damage threshold (3.8 m here) -- damage cannot be ruled out at this precision"
483,483,1.0,21.64,21.64,0.0,INCONCLUSIVE,62.0,"change +0.0 m is inside the +/-6.4 m interval on the difference, and that band is wider than the 25% damage threshold (5.4 m here) -- damage cannot be ruled out at this precision"
481,481,1.0,18.11,18.11,0.0,INCONCLUSIVE,62.3,"change +0.0 m is inside the +/-6.4 m interval on the difference, and that band is wider than the 25% damage threshold (4.5 m here) -- damage cannot be ruled out at this precision"
480,480,1.0,5.13,5.13,0.0,INCONCLUSIVE,62.5,"change +0.0 m is inside the +/-6.4 m interval on the difference, and that band is wider than the 25% damage threshold (1.3 m here) -- damage cannot be ruled out at this precision"
479,479,1.0,3.6,3.6,0.0,INCONCLUSIVE,62.5,"change +0.0 m is inside the +/-6.4 m interval on the difference, and that band is wider than the 25% damage threshold (0.9 m here) -- damage cannot be ruled out at this precision"
478,478,1.0,24.44,24.44,0.0,INCONCLUSIVE,62.6,"change +0.0 m is inside the +/-6.4 m interval on the difference, and that band is wider than the 25% damage threshold (6.1 m here) -- damage cannot be ruled out at this precision"
477,477,1.0,15.2,15.2,0.0,INCONCLUSIVE,62.6,"change +0.0 m is inside the +/-6.4 m interval on the difference, and that band is wider than the 25% damage threshold (3.8 m here) -- damage cannot be ruled out at this precision"
474,474,1.0,18.49,18.49,0.0,INCONCLUSIVE,63.6,"change +0.0 m is inside the +/-6.4 m interval on the difference, and that band is wider than the 25% damage threshold (4.6 m here) -- damage cannot be ruled out at this precision"
473,473,1.0,20.2,20.2,0.0,INCONCLUSIVE,64.3,"change +0.0 m is inside the +/-6.4 m interval on the difference, and that band is wider than the 25% damage threshold (5.0 m here) -- damage cannot be ruled out at this precision"
471,471,1.0,21.25,21.25,0.0,INCONCLUSIVE,64.7,"change +0.0 m is inside the +/-6.4 m interval on the difference, and that band is wider than the 25% damage threshold (5.3 m here) -- damage cannot be ruled out at this precision"
470,470,1.0,19.62,19.62,0.0,INCONCLUSIVE,64.8,"change +0.0 m is inside the +/-6.4 m interval on the difference, and that band is wider than the 25% damage threshold (4.9 m here) -- damage cannot be ruled out at this precision"
469,469,1.0,20.61,20.61,0.0,INCONCLUSIVE,65.1,"change +0.0 m is inside the +/-6.4 m interval on the difference, and that band is wider than the 25% damage threshold (5.2 m here) -- damage cannot be ruled out at this precision"
468,468,1.0,4.58,4.58,0.0,INCONCLUSIVE,65.5,"change +0.0 m is inside the +/-6.4 m interval on the difference, and that band is wider than the 25% damage threshold (1.1 m here) -- damage cannot be ruled out at this precision"
467,467,1.0,20.14,20.14,0.0,INCONCLUSIVE,65.6,"change +0.0 m is inside the +/-6.4 m interval on the difference, and that band is wider than the 25% damage threshold (5.0 m here) -- damage cannot be ruled out at this precision"
465,465,1.0,20.12,20.12,0.0,INCONCLUSIVE,66.7,"change +0.0 m is inside the +/-6.4 m interval on the difference, and that band is wider than the 25% damage threshold (5.0 m here) -- damage cannot be ruled out at this precision"
463,463,1.0,20.18,20.18,0.0,INCONCLUSIVE,67.0,"change +0.0 m is inside the +/-6.4 m interval on the difference, and that band is wider than the 25% damage threshold (5.0 m here) -- damage cannot be ruled out at this precision"
461,461,1.0,6.83,6.83,0.0,INCONCLUSIVE,67.5,"change +0.0 m is inside the +/-6.4 m interval on the difference, and that band is wider than the 25% damage threshold (1.7 m here) -- damage cannot be ruled out at this precision"
459,459,1.0,13.46,13.46,0.0,INCONCLUSIVE,69.5,"change +0.0 m is inside the +/-6.4 m interval on the difference, and that band is wider than the 25% damage threshold (3.4 m here) -- damage cannot be ruled out at this precision"
458,458,1.0,20.68,20.68,0.0,INCONCLUSIVE,70.7,"change +0.0 m is inside the +/-6.4 m interval on the difference, and that band is wider than the 25% damage threshold (5.2 m here) -- damage cannot be ruled out at this precision"
456,456,1.0,20.74,20.74,0.0,INCONCLUSIVE,70.9,"change +0.0 m is inside the +/-6.4 m interval on the difference, and that band is wider than the 25% damage threshold (5.2 m here) -- damage cannot be ruled out at this precision"
455,455,1.0,19.24,19.24,0.0,INCONCLUSIVE,71.1,"change +0.0 m is inside the +/-6.4 m interval on the difference, and that band is wider than the 25% damage threshold (4.8 m here) -- damage cannot be ruled out at this precision"
453,453,1.0,21.12,21.12,0.0,INCONCLUSIVE,71.6,"change +0.0 m is inside the +/-6.4 m interval on the difference, and that band is wider than the 25% damage threshold (5.3 m here) -- damage cannot be ruled out at this precision"
451,451,1.0,15.92,15.92,0.0,INCONCLUSIVE,71.8,"change +0.0 m is inside the +/-6.4 m interval on the difference, and that band is wider than the 25% damage threshold (4.0 m here) -- damage cannot be ruled out at this precision"
450,450,1.0,20.51,20.51,0.0,INCONCLUSIVE,72.4,"change +0.0 m is inside the +/-6.4 m interval on the difference, and that band is wider than the 25% damage threshold (5.1 m here) -- damage cannot be ruled out at this precision"
449,449,1.0,20.43,20.43,0.0,INCONCLUSIVE,72.5,"change +0.0 m is inside the +/-6.4 m interval on the difference, and that band is wider than the 25% damage threshold (5.1 m here) -- damage cannot be ruled out at this precision"
448,448,1.0,20.19,20.19,0.0,INCONCLUSIVE,73.8,"change +0.0 m is inside the +/-6.4 m interval on the difference, and that band is wider than the 25% damage threshold (5.0 m here) -- damage cannot be ruled out at this precision"
446,446,1.0,6.67,6.67,0.0,INCONCLUSIVE,73.9,"change +0.0 m is inside the +/-6.4 m interval on the difference, and that band is wider than the 25% damage threshold (1.7 m here) -- damage cannot be ruled out at this precision"
445,445,1.0,20.9,20.9,0.0,INCONCLUSIVE,74.2,"change +0.0 m is inside the +/-6.4 m interval on the difference, and that band is wider than the 25% damage threshold (5.2 m here) -- damage cannot be ruled out at this precision"
443,443,1.0,20.56,20.56,0.0,INCONCLUSIVE,75.2,"change +0.0 m is inside the +/-6.4 m interval on the difference, and that band is wider than the 25% damage threshold (5.1 m here) -- damage cannot be ruled out at this precision"
441,441,1.0,19.28,19.28,0.0,INCONCLUSIVE,75.3,"change +0.0 m is inside the +/-6.4 m interval on the difference, and that band is wider than the 25% damage threshold (4.8 m here) -- damage cannot be ruled out at this precision"
440,440,1.0,7.66,7.66,0.0,INCONCLUSIVE,75.3,"change +0.0 m is inside the +/-6.4 m interval on the difference, and that band is wider than the 25% damage threshold (1.9 m here) -- damage cannot be ruled out at this precision"
439,439,1.0,13.38,13.38,0.0,INCONCLUSIVE,75.5,"change +0.0 m is inside the +/-6.4 m interval on the difference, and that band is wider than the 25% damage threshold (3.3 m here) -- damage cannot be ruled out at this precision"
438,438,1.0,3.83,3.83,0.0,INCONCLUSIVE,75.5,"change +0.0 m is inside the +/-6.4 m interval on the difference, and that band is wider than the 25% damage threshold (1.0 m here) -- damage cannot be ruled out at this precision"
437,437,1.0,22.34,22.34,0.0,INCONCLUSIVE,76.2,"change +0.0 m is inside the +/-6.4 m interval on the difference, and that band is wider than the 25% damage threshold (5.6 m here) -- damage cannot be ruled out at this precision"
435,435,1.0,22.13,22.13,0.0,INCONCLUSIVE,76.2,"change +0.0 m is inside the +/-6.4 m interval on the difference, and that band is wider than the 25% damage threshold (5.5 m here) -- damage cannot be ruled out at this precision"
433,433,1.0,19.66,19.66,0.0,INCONCLUSIVE,76.6,"change +0.0 m is inside the +/-6.4 m interval on the difference, and that band is wider than the 25% damage threshold (4.9 m here) -- damage cannot be ruled out at this precision"
432,432,1.0,21.46,21.46,0.0,INCONCLUSIVE,76.8,"change +0.0 m is inside the +/-6.4 m interval on the difference, and that band is wider than the 25% damage threshold (5.4 m here) -- damage cannot be ruled out at this precision"
430,430,1.0,19.03,19.03,0.0,INCONCLUSIVE,77.8,"change +0.0 m is inside the +/-6.4 m interval on the difference, and that band is wider than the 25% damage threshold (4.8 m here) -- damage cannot be ruled out at this precision"
428,428,1.0,12.81,12.81,0.0,INCONCLUSIVE,79.5,"change +0.0 m is inside the +/-6.4 m interval on the difference, and that band is wider than the 25% damage threshold (3.2 m here) -- damage cannot be ruled out at this precision"
427,427,1.0,14.94,14.94,0.0,INCONCLUSIVE,79.8,"change +0.0 m is inside the +/-6.4 m interval on the difference, and that band is wider than the 25% damage threshold (3.7 m here) -- damage cannot be ruled out at this precision"
426,426,1.0,19.73,19.73,0.0,INCONCLUSIVE,80.0,"change +0.0 m is inside the +/-6.4 m interval on the difference, and that band is wider than the 25% damage threshold (4.9 m here) -- damage cannot be ruled out at this precision"
425,425,1.0,21.33,21.33,0.0,INCONCLUSIVE,80.0,"change +0.0 m is inside the +/-6.4 m interval on the difference, and that band is wider than the 25% damage threshold (5.3 m here) -- damage cannot be ruled out at this precision"
424,424,1.0,18.96,18.96,0.0,INCONCLUSIVE,80.1,"change +0.0 m is inside the +/-6.4 m interval on the difference, and that band is wider than the 25% damage threshold (4.7 m here) -- damage cannot be ruled out at this precision"
423,423,1.0,7.81,7.81,0.0,INCONCLUSIVE,80.1,"change +0.0 m is inside the +/-6.4 m interval on the difference, and that band is wider than the 25% damage threshold (2.0 m here) -- damage cannot be ruled out at this precision"
422,422,1.0,17.17,17.17,0.0,INCONCLUSIVE,80.2,"change +0.0 m is inside the +/-6.4 m interval on the difference, and that band is wider than the 25% damage threshold (4.3 m here) -- damage cannot be ruled out at this precision"
421,421,1.0,19.65,19.65,0.0,INCONCLUSIVE,80.2,"change +0.0 m is inside the +/-6.4 m interval on the difference, and that band is wider than the 25% damage threshold (4.9 m here) -- damage cannot be ruled out at this precision"
420,420,1.0,13.05,13.05,0.0,INCONCLUSIVE,80.4,"change +0.0 m is inside the +/-6.4 m interval on the difference, and that band is wider than the 25% damage threshold (3.3 m here) -- damage cannot be ruled out at this precision"
419,419,1.0,7.55,7.55,0.0,INCONCLUSIVE,80.4,"change +0.0 m is inside the +/-6.4 m interval on the difference, and that band is wider than the 25% damage threshold (1.9 m here) -- damage cannot be ruled out at this precision"
418,418,1.0,23.83,23.83,0.0,INCONCLUSIVE,80.8,"change +0.0 m is inside the +/-6.4 m interval on the difference, and that band is wider than the 25% damage threshold (6.0 m here) -- damage cannot be ruled out at this precision"
416,416,1.0,23.87,23.87,0.0,INCONCLUSIVE,80.9,"change +0.0 m is inside the +/-6.4 m interval on the difference, and that band is wider than the 25% damage threshold (6.0 m here) -- damage cannot be ruled out at this precision"
415,415,1.0,21.6,21.6,0.0,INCONCLUSIVE,81.0,"change +0.0 m is inside the +/-6.4 m interval on the difference, and that band is wider than the 25% damage threshold (5.4 m here) -- damage cannot be ruled out at this precision"
414,414,1.0,12.74,12.74,0.0,INCONCLUSIVE,81.5,"change +0.0 m is inside the +/-6.4 m interval on the difference, and that band is wider than the 25% damage threshold (3.2 m here) -- damage cannot be ruled out at this precision"
413,413,1.0,7.91,7.91,0.0,INCONCLUSIVE,81.7,"change +0.0 m is inside the +/-6.4 m interval on the difference, and that band is wider than the 25% damage threshold (2.0 m here) -- damage cannot be ruled out at this precision"
412,412,1.0,9.24,9.24,0.0,INCONCLUSIVE,82.8,"change +0.0 m is inside the +/-6.4 m interval on the difference, and that band is wider than the 25% damage threshold (2.3 m here) -- damage cannot be ruled out at this precision"
410,410,1.0,7.14,7.14,0.0,INCONCLUSIVE,83.4,"change +0.0 m is inside the +/-6.4 m interval on the difference, and that band is wider than the 25% damage threshold (1.8 m here) -- damage cannot be ruled out at this precision"
409,409,1.0,19.68,19.68,0.0,INCONCLUSIVE,83.6,"change +0.0 m is inside the +/-6.4 m interval on the difference, and that band is wider than the 25% damage threshold (4.9 m here) -- damage cannot be ruled out at this precision"
407,407,1.0,6.41,6.41,0.0,INCONCLUSIVE,84.2,"change +0.0 m is inside the +/-6.4 m interval on the difference, and that band is wider than the 25% damage threshold (1.6 m here) -- damage cannot be ruled out at this precision"
406,406,1.0,19.73,19.73,0.0,INCONCLUSIVE,84.4,"change +0.0 m is inside the +/-6.4 m interval on the difference, and that band is wider than the 25% damage threshold (4.9 m here) -- damage cannot be ruled out at this precision"
404,404,1.0,11.6,11.6,0.0,INCONCLUSIVE,85.0,"change +0.0 m is inside the +/-6.4 m interval on the difference, and that band is wider than the 25% damage threshold (2.9 m here) -- damage cannot be ruled out at this precision"
403,403,1.0,15.95,15.95,0.0,INCONCLUSIVE,85.1,"change +0.0 m is inside the +/-6.4 m interval on the difference, and that band is wider than the 25% damage threshold (4.0 m here) -- damage cannot be ruled out at this precision"
401,401,1.0,7.31,7.31,0.0,INCONCLUSIVE,86.0,"change +0.0 m is inside the +/-6.4 m interval on the difference, and that band is wider than the 25% damage threshold (1.8 m here) -- damage cannot be ruled out at this precision"
400,400,1.0,15.38,15.38,0.0,INCONCLUSIVE,86.0,"change +0.0 m is inside the +/-6.4 m interval on the difference, and that band is wider than the 25% damage threshold (3.8 m here) -- damage cannot be ruled out at this precision"
399,399,1.0,20.27,20.27,0.0,INCONCLUSIVE,86.3,"change +0.0 m is inside the +/-6.4 m interval on the difference, and that band is wider than the 25% damage threshold (5.1 m here) -- damage cannot be ruled out at this precision"
398,398,1.0,14.3,14.3,0.0,INCONCLUSIVE,86.6,"change +0.0 m is inside the +/-6.4 m interval on the difference, and that band is wider than the 25% damage threshold (3.6 m here) -- damage cannot be ruled out at this precision"
397,397,1.0,16.42,16.42,0.0,INCONCLUSIVE,87.7,"change +0.0 m is inside the +/-6.4 m interval on the difference, and that band is wider than the 25% damage threshold (4.1 m here) -- damage cannot be ruled out at this precision"
396,396,1.0,20.42,20.42,0.0,INCONCLUSIVE,88.0,"change +0.0 m is inside the +/-6.4 m interval on the difference, and that band is wider than the 25% damage threshold (5.1 m here) -- damage cannot be ruled out at this precision"
395,395,1.0,18.99,18.99,0.0,INCONCLUSIVE,88.1,"change +0.0 m is inside the +/-6.4 m interval on the difference, and that band is wider than the 25% damage threshold (4.7 m here) -- damage cannot be ruled out at this precision"
393,393,1.0,9.43,9.43,0.0,INCONCLUSIVE,88.7,"change +0.0 m is inside the +/-6.4 m interval on the difference, and that band is wider than the 25% damage threshold (2.4 m here) -- damage cannot be ruled out at this precision"
392,392,1.0,17.77,17.77,0.0,INCONCLUSIVE,88.7,"change +0.0 m is inside the +/-6.4 m interval on the difference, and that band is wider than the 25% damage threshold (4.4 m here) -- damage cannot be ruled out at this precision"
391,391,1.0,24.65,24.65,0.0,INCONCLUSIVE,89.0,"change +0.0 m is inside the +/-6.4 m interval on the difference, and that band is wider than the 25% damage threshold (6.2 m here) -- damage cannot be ruled out at this precision"
390,390,1.0,19.7,19.7,0.0,INCONCLUSIVE,89.5,"change +0.0 m is inside the +/-6.4 m interval on the difference, and that band is wider than the 25% damage threshold (4.9 m here) -- damage cannot be ruled out at this precision"
388,388,1.0,9.0,9.0,0.0,INCONCLUSIVE,90.3,"change +0.0 m is inside the +/-6.4 m interval on the difference, and that band is wider than the 25% damage threshold (2.2 m here) -- damage cannot be ruled out at this precision"
387,387,1.0,10.62,10.62,0.0,INCONCLUSIVE,90.5,"change +0.0 m is inside the +/-6.4 m interval on the difference, and that band is wider than the 25% damage threshold (2.7 m here) -- damage cannot be ruled out at this precision"
385,385,1.0,23.66,23.66,0.0,INCONCLUSIVE,91.5,"change +0.0 m is inside the +/-6.4 m interval on the difference, and that band is wider than the 25% damage threshold (5.9 m here) -- damage cannot be ruled out at this precision"
382,382,1.0,5.05,5.05,0.0,INCONCLUSIVE,92.8,"change +0.0 m is inside the +/-6.4 m interval on the difference, and that band is wider than the 25% damage threshold (1.3 m here) -- damage cannot be ruled out at this precision"
381,381,1.0,12.94,12.94,0.0,INCONCLUSIVE,92.8,"change +0.0 m is inside the +/-6.4 m interval on the difference, and that band is wider than the 25% damage threshold (3.2 m here) -- damage cannot be ruled out at this precision"
380,380,1.0,15.85,15.85,0.0,INCONCLUSIVE,94.2,"change +0.0 m is inside the +/-6.4 m interval on the difference, and that band is wider than the 25% damage threshold (4.0 m here) -- damage cannot be ruled out at this precision"
378,378,1.0,20.89,20.89,0.0,INCONCLUSIVE,94.3,"change +0.0 m is inside the +/-6.4 m interval on the difference, and that band is wider than the 25% damage threshold (5.2 m here) -- damage cannot be ruled out at this precision"
376,376,1.0,15.45,15.45,0.0,INCONCLUSIVE,94.8,"change +0.0 m is inside the +/-6.4 m interval on the difference, and that band is wider than the 25% damage threshold (3.9 m here) -- damage cannot be ruled out at this precision"
375,375,1.0,21.51,21.51,0.0,INCONCLUSIVE,95.2,"change +0.0 m is inside the +/-6.4 m interval on the difference, and that band is wider than the 25% damage threshold (5.4 m here) -- damage cannot be ruled out at this precision"
373,373,1.0,10.57,10.57,0.0,INCONCLUSIVE,96.7,"change +0.0 m is inside the +/-6.4 m interval on the difference, and that band is wider than the 25% damage threshold (2.6 m here) -- damage cannot be ruled out at this precision"
372,372,1.0,10.44,10.44,0.0,INCONCLUSIVE,96.9,"change +0.0 m is inside the +/-6.4 m interval on the difference, and that band is wider than the 25% damage threshold (2.6 m here) -- damage cannot be ruled out at this precision"
371,371,1.0,5.78,5.78,0.0,INCONCLUSIVE,97.5,"change +0.0 m is inside the +/-6.4 m interval on the difference, and that band is wider than the 25% damage threshold (1.4 m here) -- damage cannot be ruled out at this precision"
370,370,1.0,15.93,15.93,0.0,INCONCLUSIVE,97.8,"change +0.0 m is inside the +/-6.4 m interval on the difference, and that band is wider than the 25% damage threshold (4.0 m here) -- damage cannot be ruled out at this precision"
369,369,1.0,19.1,19.1,0.0,INCONCLUSIVE,97.8,"change +0.0 m is inside the +/-6.4 m interval on the difference, and that band is wider than the 25% damage threshold (4.8 m here) -- damage cannot be ruled out at this precision"
366,366,1.0,18.37,18.37,0.0,INCONCLUSIVE,99.5,"change +0.0 m is inside the +/-6.4 m interval on the difference, and that band is wider than the 25% damage threshold (4.6 m here) -- damage cannot be ruled out at this precision"
365,365,1.0,10.25,10.25,0.0,INCONCLUSIVE,99.5,"change +0.0 m is inside the +/-6.4 m interval on the difference, and that band is wider than the 25% damage threshold (2.6 m here) -- damage cannot be ruled out at this precision"
364,364,1.0,15.96,15.96,0.0,INCONCLUSIVE,99.6,"change +0.0 m is inside the +/-6.4 m interval on the difference, and that band is wider than the 25% damage threshold (4.0 m here) -- damage cannot be ruled out at this precision"
362,362,1.0,9.67,9.67,0.0,INCONCLUSIVE,100.9,"change +0.0 m is inside the +/-6.4 m interval on the difference, and that band is wider than the 25% damage threshold (2.4 m here) -- damage cannot be ruled out at this precision"
360,360,1.0,10.24,10.24,0.0,INCONCLUSIVE,101.2,"change +0.0 m is inside the +/-6.4 m interval on the difference, and that band is wider than the 25% damage threshold (2.6 m here) -- damage cannot be ruled out at this precision"
357,357,1.0,21.89,21.89,0.0,INCONCLUSIVE,102.6,"change +0.0 m is inside the +/-6.4 m interval on the difference, and that band is wider than the 25% damage threshold (5.5 m here) -- damage cannot be ruled out at this precision"
356,356,1.0,13.15,13.15,0.0,INCONCLUSIVE,102.8,"change +0.0 m is inside the +/-6.4 m interval on the difference, and that band is wider than the 25% damage threshold (3.3 m here) -- damage cannot be ruled out at this precision"
354,354,1.0,5.7,5.7,0.0,INCONCLUSIVE,102.9,"change +0.0 m is inside the +/-6.4 m interval on the difference, and that band is wider than the 25% damage threshold (1.4 m here) -- damage cannot be ruled out at this precision"
353,353,1.0,12.79,12.79,0.0,INCONCLUSIVE,103.1,"change +0.0 m is inside the +/-6.4 m interval on the difference, and that band is wider than the 25% damage threshold (3.2 m here) -- damage cannot be ruled out at this precision"
352,352,1.0,15.0,15.0,0.0,INCONCLUSIVE,103.3,"change +0.0 m is inside the +/-6.4 m interval on the difference, and that band is wider than the 25% damage threshold (3.8 m here) -- damage cannot be ruled out at this precision"
351,351,1.0,15.73,15.73,0.0,INCONCLUSIVE,104.1,"change +0.0 m is inside the +/-6.4 m interval on the difference, and that band is wider than the 25% damage threshold (3.9 m here) -- damage cannot be ruled out at this precision"
350,350,1.0,15.8,15.8,0.0,INCONCLUSIVE,106.3,"change +0.0 m is inside the +/-6.4 m interval on the difference, and that band is wider than the 25% damage threshold (4.0 m here) -- damage cannot be ruled out at this precision"
347,347,1.0,15.5,15.5,0.0,INCONCLUSIVE,107.7,"change +0.0 m is inside the +/-6.4 m interval on the difference, and that band is wider than the 25% damage threshold (3.9 m here) -- damage cannot be ruled out at this precision"
346,346,1.0,17.0,17.0,0.0,INCONCLUSIVE,108.1,"change +0.0 m is inside the +/-6.4 m interval on the difference, and that band is wider than the 25% damage threshold (4.2 m here) -- damage cannot be ruled out at this precision"
345,345,1.0,12.86,12.86,0.0,INCONCLUSIVE,109.2,"change +0.0 m is inside the +/-6.4 m interval on the difference, and that band is wider than the 25% damage threshold (3.2 m here) -- damage cannot be ruled out at this precision"
344,344,1.0,6.31,6.31,0.0,INCONCLUSIVE,109.5,"change +0.0 m is inside the +/-6.4 m interval on the difference, and that band is wider than the 25% damage threshold (1.6 m here) -- damage cannot be ruled out at this precision"
342,342,1.0,11.9,11.9,0.0,INCONCLUSIVE,110.0,"change +0.0 m is inside the +/-6.4 m interval on the difference, and that band is wider than the 25% damage threshold (3.0 m here) -- damage cannot be ruled out at this precision"
340,340,1.0,2.3,2.3,0.0,INCONCLUSIVE,110.7,"change +0.0 m is inside the +/-6.4 m interval on the difference, and that band is wider than the 25% damage threshold (0.6 m here) -- damage cannot be ruled out at this precision"
338,338,1.0,14.01,14.01,0.0,INCONCLUSIVE,111.6,"change +0.0 m is inside the +/-6.4 m interval on the difference, and that band is wider than the 25% damage threshold (3.5 m here) -- damage cannot be ruled out at this precision"
336,336,1.0,21.28,21.28,0.0,INCONCLUSIVE,112.3,"change +0.0 m is inside the +/-6.4 m interval on the difference, and that band is wider than the 25% damage threshold (5.3 m here) -- damage cannot be ruled out at this precision"
335,335,1.0,17.68,17.68,0.0,INCONCLUSIVE,112.7,"change +0.0 m is inside the +/-6.4 m interval on the difference, and that band is wider than the 25% damage threshold (4.4 m here) -- damage cannot be ruled out at this precision"
334,334,1.0,3.31,3.31,0.0,INCONCLUSIVE,112.8,"change +0.0 m is inside the +/-6.4 m interval on the difference, and that band is wider than the 25% damage threshold (0.8 m here) -- damage cannot be ruled out at this precision"
333,333,1.0,20.74,20.74,0.0,INCONCLUSIVE,113.0,"change +0.0 m is inside the +/-6.4 m interval on the difference, and that band is wider than the 25% damage threshold (5.2 m here) -- damage cannot be ruled out at this precision"
331,331,1.0,20.23,20.23,0.0,INCONCLUSIVE,114.2,"change +0.0 m is inside the +/-6.4 m interval on the difference, and that band is wider than the 25% damage threshold (5.1 m here) -- damage cannot be ruled out at this precision"
330,330,1.0,10.91,10.91,0.0,INCONCLUSIVE,114.3,"change +0.0 m is inside the +/-6.4 m interval on the difference, and that band is wider than the 25% damage threshold (2.7 m here) -- damage cannot be ruled out at this precision"
328,328,1.0,4.87,4.87,0.0,INCONCLUSIVE,115.2,"change +0.0 m is inside the +/-6.4 m interval on the difference, and that band is wider than the 25% damage threshold (1.2 m here) -- damage cannot be ruled out at this precision"
325,325,1.0,3.37,3.37,0.0,INCONCLUSIVE,116.6,"change +0.0 m is inside the +/-6.4 m interval on the difference, and that band is wider than the 25% damage threshold (0.8 m here) -- damage cannot be ruled out at this precision"
324,324,1.0,22.27,22.27,0.0,INCONCLUSIVE,116.8,"change +0.0 m is inside the +/-6.4 m interval on the difference, and that band is wider than the 25% damage threshold (5.6 m here) -- damage cannot be ruled out at this precision"
323,323,1.0,3.43,3.43,0.0,INCONCLUSIVE,116.9,"change +0.0 m is inside the +/-6.4 m interval on the difference, and that band is wider than the 25% damage threshold (0.9 m here) -- damage cannot be ruled out at this precision"
322,322,1.0,3.34,3.34,0.0,INCONCLUSIVE,117.0,"change +0.0 m is inside the +/-6.4 m interval on the difference, and that band is wider than the 25% damage threshold (0.8 m here) -- damage cannot be ruled out at this precision"
321,321,1.0,4.08,4.08,0.0,INCONCLUSIVE,117.2,"change +0.0 m is inside the +/-6.4 m interval on the difference, and that band is wider than the 25% damage threshold (1.0 m here) -- damage cannot be ruled out at this precision"
320,320,1.0,21.9,21.9,0.0,INCONCLUSIVE,117.5,"change +0.0 m is inside the +/-6.4 m interval on the difference, and that band is wider than the 25% damage threshold (5.5 m here) -- damage cannot be ruled out at this precision"
319,319,1.0,8.35,8.35,0.0,INCONCLUSIVE,118.5,"change +0.0 m is inside the +/-6.4 m interval on the difference, and that band is wider than the 25% damage threshold (2.1 m here) -- damage cannot be ruled out at this precision"
318,318,1.0,8.18,8.18,0.0,INCONCLUSIVE,118.8,"change +0.0 m is inside the +/-6.4 m interval on the difference, and that band is wider than the 25% damage threshold (2.0 m here) -- damage cannot be ruled out at this precision"
317,317,1.0,11.19,11.19,0.0,INCONCLUSIVE,119.6,"change +0.0 m is inside the +/-6.4 m interval on the difference, and that band is wider than the 25% damage threshold (2.8 m here) -- damage cannot be ruled out at this precision"
316,316,1.0,13.28,13.28,0.0,INCONCLUSIVE,120.6,"change +0.0 m is inside the +/-6.4 m interval on the difference, and that band is wider than the 25% damage threshold (3.3 m here) -- damage cannot be ruled out at this precision"
315,315,1.0,13.62,13.62,0.0,INCONCLUSIVE,121.0,"change +0.0 m is inside the +/-6.4 m interval on the difference, and that band is wider than the 25% damage threshold (3.4 m here) -- damage cannot be ruled out at this precision"
314,314,1.0,14.36,14.36,0.0,INCONCLUSIVE,121.1,"change +0.0 m is inside the +/-6.4 m interval on the difference, and that band is wider than the 25% damage threshold (3.6 m here) -- damage cannot be ruled out at this precision"
313,313,1.0,7.25,7.25,0.0,INCONCLUSIVE,121.4,"change +0.0 m is inside the +/-6.4 m interval on the difference, and that band is wider than the 25% damage threshold (1.8 m here) -- damage cannot be ruled out at this precision"
312,312,1.0,17.08,17.08,0.0,INCONCLUSIVE,121.8,"change +0.0 m is inside the +/-6.4 m interval on the difference, and that band is wider than the 25% damage threshold (4.3 m here) -- damage cannot be ruled out at this precision"
311,311,1.0,10.15,10.15,0.0,INCONCLUSIVE,123.2,"change +0.0 m is inside the +/-6.4 m interval on the difference, and that band is wider than the 25% damage threshold (2.5 m here) -- damage cannot be ruled out at this precision"
310,310,1.0,3.16,3.16,0.0,INCONCLUSIVE,123.3,"change +0.0 m is inside the +/-6.4 m interval on the difference, and that band is wider than the 25% damage threshold (0.8 m here) -- damage cannot be ruled out at this precision"
309,309,1.0,3.15,3.15,0.0,INCONCLUSIVE,126.8,"change +0.0 m is inside the +/-6.4 m interval on the difference, and that band is wider than the 25% damage threshold (0.8 m here) -- damage cannot be ruled out at this precision"
308,308,1.0,4.04,4.04,0.0,INCONCLUSIVE,127.8,"change +0.0 m is inside the +/-6.4 m interval on the difference, and that band is wider than the 25% damage threshold (1.0 m here) -- damage cannot be ruled out at this precision"
307,307,1.0,8.13,8.13,0.0,INCONCLUSIVE,128.2,"change +0.0 m is inside the +/-6.4 m interval on the difference, and that band is wider than the 25% damage threshold (2.0 m here) -- damage cannot be ruled out at this precision"
306,306,1.0,15.87,15.87,0.0,INCONCLUSIVE,128.2,"change +0.0 m is inside the +/-6.4 m interval on the difference, and that band is wider than the 25% damage threshold (4.0 m here) -- damage cannot be ruled out at this precision"
305,305,1.0,21.89,21.89,0.0,INCONCLUSIVE,128.6,"change +0.0 m is inside the +/-6.4 m interval on the difference, and that band is wider than the 25% damage threshold (5.5 m here) -- damage cannot be ruled out at this precision"
304,304,1.0,17.71,17.71,0.0,INCONCLUSIVE,129.3,"change +0.0 m is inside the +/-6.4 m interval on the difference, and that band is wider than the 25% damage threshold (4.4 m here) -- damage cannot be ruled out at this precision"
303,303,1.0,9.64,9.64,0.0,INCONCLUSIVE,130.0,"change +0.0 m is inside the +/-6.4 m interval on the difference, and that band is wider than the 25% damage threshold (2.4 m here) -- damage cannot be ruled out at this precision"
302,302,1.0,10.36,10.36,0.0,INCONCLUSIVE,130.2,"change +0.0 m is inside the +/-6.4 m interval on the difference, and that band is wider than the 25% damage threshold (2.6 m here) -- damage cannot be ruled out at this precision"
300,300,1.0,8.21,8.21,0.0,INCONCLUSIVE,131.7,"change +0.0 m is inside the +/-6.4 m interval on the difference, and that band is wider than the 25% damage threshold (2.1 m here) -- damage cannot be ruled out at this precision"
299,299,1.0,2.4,2.4,0.0,INCONCLUSIVE,132.0,"change +0.0 m is inside the +/-6.4 m interval on the difference, and that band is wider than the 25% damage threshold (0.6 m here) -- damage cannot be ruled out at this precision"
298,298,1.0,12.59,12.59,0.0,INCONCLUSIVE,133.7,"change +0.0 m is inside the +/-6.4 m interval on the difference, and that band is wider than the 25% damage threshold (3.1 m here) -- damage cannot be ruled out at this precision"
297,297,1.0,4.72,4.72,0.0,INCONCLUSIVE,134.3,"change +0.0 m is inside the +/-6.4 m interval on the difference, and that band is wider than the 25% damage threshold (1.2 m here) -- damage cannot be ruled out at this precision"
296,296,1.0,8.03,8.03,0.0,INCONCLUSIVE,135.1,"change +0.0 m is inside the +/-6.4 m interval on the difference, and that band is wider than the 25% damage threshold (2.0 m here) -- damage cannot be ruled out at this precision"
294,294,1.0,18.11,18.11,0.0,INCONCLUSIVE,136.4,"change +0.0 m is inside the +/-6.4 m interval on the difference, and that band is wider than the 25% damage threshold (4.5 m here) -- damage cannot be ruled out at this precision"
293,293,1.0,18.7,18.7,0.0,INCONCLUSIVE,136.8,"change +0.0 m is inside the +/-6.4 m interval on the difference, and that band is wider than the 25% damage threshold (4.7 m here) -- damage cannot be ruled out at this precision"
290,290,1.0,22.37,22.37,0.0,INCONCLUSIVE,138.6,"change +0.0 m is inside the +/-6.4 m interval on the difference, and that band is wider than the 25% damage threshold (5.6 m here) -- damage cannot be ruled out at this precision"
289,289,1.0,3.06,3.06,0.0,INCONCLUSIVE,139.6,"change +0.0 m is inside the +/-6.4 m interval on the difference, and that band is wider than the 25% damage threshold (0.8 m here) -- damage cannot be ruled out at this precision"
288,288,1.0,4.22,4.22,0.0,INCONCLUSIVE,140.2,"change +0.0 m is inside the +/-6.4 m interval on the difference, and that band is wider than the 25% damage threshold (1.1 m here) -- damage cannot be ruled out at this precision"
287,287,1.0,5.79,5.79,0.0,INCONCLUSIVE,141.8,"change +0.0 m is inside the +/-6.4 m interval on the difference, and that band is wider than the 25% damage threshold (1.4 m here) -- damage cannot be ruled out at this precision"
286,286,1.0,8.26,8.26,0.0,INCONCLUSIVE,142.2,"change +0.0 m is inside the +/-6.4 m interval on the difference, and that band is wider than the 25% damage threshold (2.1 m here) -- damage cannot be ruled out at this precision"
285,285,1.0,21.03,21.03,0.0,INCONCLUSIVE,142.5,"change +0.0 m is inside the +/-6.4 m interval on the difference, and that band is wider than the 25% damage threshold (5.3 m here) -- damage cannot be ruled out at this precision"
284,284,1.0,19.74,19.74,0.0,INCONCLUSIVE,143.1,"change +0.0 m is inside the +/-6.4 m interval on the difference, and that band is wider than the 25% damage threshold (4.9 m here) -- damage cannot be ruled out at this precision"
283,283,1.0,7.67,7.67,0.0,INCONCLUSIVE,143.6,"change +0.0 m is inside the +/-6.4 m interval on the difference, and that band is wider than the 25% damage threshold (1.9 m here) -- damage cannot be ruled out at this precision"
281,281,1.0,19.71,19.71,0.0,INCONCLUSIVE,146.7,"change +0.0 m is inside the +/-6.4 m interval on the difference, and that band is wider than the 25% damage threshold (4.9 m here) -- damage cannot be ruled out at this precision"
280,280,1.0,21.43,21.43,0.0,INCONCLUSIVE,147.2,"change +0.0 m is inside the +/-6.4 m interval on the difference, and that band is wider than the 25% damage threshold (5.4 m here) -- damage cannot be ruled out at this precision"
279,279,1.0,18.52,18.52,0.0,INCONCLUSIVE,147.3,"change +0.0 m is inside the +/-6.4 m interval on the difference, and that band is wider than the 25% damage threshold (4.6 m here) -- damage cannot be ruled out at this precision"
278,278,1.0,6.48,6.48,0.0,INCONCLUSIVE,148.1,"change +0.0 m is inside the +/-6.4 m interval on the difference, and that band is wider than the 25% damage threshold (1.6 m here) -- damage cannot be ruled out at this precision"
277,277,1.0,11.1,11.1,0.0,INCONCLUSIVE,148.4,"change +0.0 m is inside the +/-6.4 m interval on the difference, and that band is wider than the 25% damage threshold (2.8 m here) -- damage cannot be ruled out at this precision"
276,276,1.0,8.75,8.75,0.0,INCONCLUSIVE,148.5,"change +0.0 m is inside the +/-6.4 m interval on the difference, and that band is wider than the 25% damage threshold (2.2 m here) -- damage cannot be ruled out at this precision"
275,275,1.0,11.29,11.29,0.0,INCONCLUSIVE,148.9,"change +0.0 m is inside the +/-6.4 m interval on the difference, and that band is wider than the 25% damage threshold (2.8 m here) -- damage cannot be ruled out at this precision"
274,274,1.0,13.41,13.41,0.0,INCONCLUSIVE,150.6,"change +0.0 m is inside the +/-6.4 m interval on the difference, and that band is wider than the 25% damage threshold (3.4 m here) -- damage cannot be ruled out at this precision"
273,273,1.0,8.29,8.29,0.0,INCONCLUSIVE,151.3,"change +0.0 m is inside the +/-6.4 m interval on the difference, and that band is wider than the 25% damage threshold (2.1 m here) -- damage cannot be ruled out at this precision"
272,272,1.0,11.5,11.5,0.0,INCONCLUSIVE,151.6,"change +0.0 m is inside the +/-6.4 m interval on the difference, and that band is wider than the 25% damage threshold (2.9 m here) -- damage cannot be ruled out at this precision"
271,271,1.0,6.76,6.76,0.0,INCONCLUSIVE,152.2,"change +0.0 m is inside the +/-6.4 m interval on the difference, and that band is wider than the 25% damage threshold (1.7 m here) -- damage cannot be ruled out at this precision"
268,268,1.0,6.03,6.03,0.0,INCONCLUSIVE,154.8,"change +0.0 m is inside the +/-6.4 m interval on the difference, and that band is wider than the 25% damage threshold (1.5 m here) -- damage cannot be ruled out at this precision"
267,267,1.0,14.3,14.3,0.0,INCONCLUSIVE,154.8,"change +0.0 m is inside the +/-6.4 m interval on the difference, and that band is wider than the 25% damage threshold (3.6 m here) -- damage cannot be ruled out at this precision"
266,266,1.0,8.41,8.41,0.0,INCONCLUSIVE,156.1,"change +0.0 m is inside the +/-6.4 m interval on the difference, and that band is wider than the 25% damage threshold (2.1 m here) -- damage cannot be ruled out at this precision"
265,265,1.0,5.61,5.61,0.0,INCONCLUSIVE,156.6,"change +0.0 m is inside the +/-6.4 m interval on the difference, and that band is wider than the 25% damage threshold (1.4 m here) -- damage cannot be ruled out at this precision"
264,264,1.0,7.42,7.42,0.0,INCONCLUSIVE,158.1,"change +0.0 m is inside the +/-6.4 m interval on the difference, and that band is wider than the 25% damage threshold (1.9 m here) -- damage cannot be ruled out at this precision"
263,263,1.0,10.87,10.87,0.0,INCONCLUSIVE,158.2,"change +0.0 m is inside the +/-6.4 m interval on the difference, and that band is wider than the 25% damage threshold (2.7 m here) -- damage cannot be ruled out at this precision"
261,261,1.0,7.06,7.06,0.0,INCONCLUSIVE,159.8,"change +0.0 m is inside the +/-6.4 m interval on the difference, and that band is wider than the 25% damage threshold (1.8 m here) -- damage cannot be ruled out at this precision"
260,260,1.0,7.65,7.65,0.0,INCONCLUSIVE,160.4,"change +0.0 m is inside the +/-6.4 m interval on the difference, and that band is wider than the 25% damage threshold (1.9 m here) -- damage cannot be ruled out at this precision"
259,259,1.0,18.74,18.74,0.0,INCONCLUSIVE,160.4,"change +0.0 m is inside the +/-6.4 m interval on the difference, and that band is wider than the 25% damage threshold (4.7 m here) -- damage cannot be ruled out at this precision"
257,257,1.0,7.66,7.66,0.0,INCONCLUSIVE,162.1,"change +0.0 m is inside the +/-6.4 m interval on the difference, and that band is wider than the 25% damage threshold (1.9 m here) -- damage cannot be ruled out at this precision"
256,256,1.0,13.37,13.37,0.0,INCONCLUSIVE,162.2,"change +0.0 m is inside the +/-6.4 m interval on the difference, and that band is wider than the 25% damage threshold (3.3 m here) -- damage cannot be ruled out at this precision"
255,255,1.0,19.89,19.89,0.0,INCONCLUSIVE,162.3,"change +0.0 m is inside the +/-6.4 m interval on the difference, and that band is wider than the 25% damage threshold (5.0 m here) -- damage cannot be ruled out at this precision"
253,253,1.0,13.59,13.59,0.0,INCONCLUSIVE,162.7,"change +0.0 m is inside the +/-6.4 m interval on the difference, and that band is wider than the 25% damage threshold (3.4 m here) -- damage cannot be ruled out at this precision"
252,252,1.0,12.97,12.97,0.0,INCONCLUSIVE,164.2,"change +0.0 m is inside the +/-6.4 m interval on the difference, and that band is wider than the 25% damage threshold (3.2 m here) -- damage cannot be ruled out at this precision"
251,251,1.0,7.38,7.38,0.0,INCONCLUSIVE,164.4,"change +0.0 m is inside the +/-6.4 m interval on the difference, and that band is wider than the 25% damage threshold (1.8 m here) -- damage cannot be ruled out at this precision"
250,250,1.0,13.89,13.89,0.0,INCONCLUSIVE,166.3,"change +0.0 m is inside the +/-6.4 m interval on the difference, and that band is wider than the 25% damage threshold (3.5 m here) -- damage cannot be ruled out at this precision"
249,249,1.0,7.44,7.44,0.0,INCONCLUSIVE,166.3,"change +0.0 m is inside the +/-6.4 m interval on the difference, and that band is wider than the 25% damage threshold (1.9 m here) -- damage cannot be ruled out at this precision"
245,245,1.0,19.33,19.33,0.0,INCONCLUSIVE,171.3,"change +0.0 m is inside the +/-6.4 m interval on the difference, and that band is wider than the 25% damage threshold (4.8 m here) -- damage cannot be ruled out at this precision"
244,244,1.0,10.87,10.87,0.0,INCONCLUSIVE,171.4,"change +0.0 m is inside the +/-6.4 m interval on the difference, and that band is wider than the 25% damage threshold (2.7 m here) -- damage cannot be ruled out at this precision"
243,243,1.0,7.34,7.34,0.0,INCONCLUSIVE,173.0,"change +0.0 m is inside the +/-6.4 m interval on the difference, and that band is wider than the 25% damage threshold (1.8 m here) -- damage cannot be ruled out at this precision"
242,242,1.0,18.4,18.4,0.0,INCONCLUSIVE,173.9,"change +0.0 m is inside the +/-6.4 m interval on the difference, and that band is wider than the 25% damage threshold (4.6 m here) -- damage cannot be ruled out at this precision"
241,241,1.0,18.81,18.81,0.0,INCONCLUSIVE,174.8,"change +0.0 m is inside the +/-6.4 m interval on the difference, and that band is wider than the 25% damage threshold (4.7 m here) -- damage cannot be ruled out at this precision"
240,240,1.0,5.76,5.76,0.0,INCONCLUSIVE,175.1,"change +0.0 m is inside the +/-6.4 m interval on the difference, and that band is wider than the 25% damage threshold (1.4 m here) -- damage cannot be ruled out at this precision"
239,239,1.0,6.8,6.8,0.0,INCONCLUSIVE,175.2,"change +0.0 m is inside the +/-6.4 m interval on the difference, and that band is wider than the 25% damage threshold (1.7 m here) -- damage cannot be ruled out at this precision"
238,238,1.0,8.22,8.22,0.0,INCONCLUSIVE,175.5,"change +0.0 m is inside the +/-6.4 m interval on the difference, and that band is wider than the 25% damage threshold (2.1 m here) -- damage cannot be ruled out at this precision"
237,237,1.0,14.24,14.24,0.0,INCONCLUSIVE,176.7,"change +0.0 m is inside the +/-6.4 m interval on the difference, and that band is wider than the 25% damage threshold (3.6 m here) -- damage cannot be ruled out at this precision"
236,236,1.0,6.81,6.81,0.0,INCONCLUSIVE,177.3,"change +0.0 m is inside the +/-6.4 m interval on the difference, and that band is wider than the 25% damage threshold (1.7 m here) -- damage cannot be ruled out at this precision"
235,235,1.0,6.13,6.13,0.0,INCONCLUSIVE,177.6,"change +0.0 m is inside the +/-6.4 m interval on the difference, and that band is wider than the 25% damage threshold (1.5 m here) -- damage cannot be ruled out at this precision"
234,234,1.0,4.74,4.74,0.0,INCONCLUSIVE,178.1,"change +0.0 m is inside the +/-6.4 m interval on the difference, and that band is wider than the 25% damage threshold (1.2 m here) -- damage cannot be ruled out at this precision"
233,233,1.0,19.66,19.66,0.0,INCONCLUSIVE,178.2,"change +0.0 m is inside the +/-6.4 m interval on the difference, and that band is wider than the 25% damage threshold (4.9 m here) -- damage cannot be ruled out at this precision"
232,232,1.0,18.51,18.51,0.0,INCONCLUSIVE,178.5,"change +0.0 m is inside the +/-6.4 m interval on the difference, and that band is wider than the 25% damage threshold (4.6 m here) -- damage cannot be ruled out at this precision"
231,231,1.0,8.73,8.73,0.0,INCONCLUSIVE,181.2,"change +0.0 m is inside the +/-6.4 m interval on the difference, and that band is wider than the 25% damage threshold (2.2 m here) -- damage cannot be ruled out at this precision"
230,230,1.0,4.18,4.18,0.0,INCONCLUSIVE,181.3,"change +0.0 m is inside the +/-6.4 m interval on the difference, and that band is wider than the 25% damage threshold (1.0 m here) -- damage cannot be ruled out at this precision"
229,229,1.0,19.08,19.08,0.0,INCONCLUSIVE,185.1,"change +0.0 m is inside the +/-6.4 m interval on the difference, and that band is wider than the 25% damage threshold (4.8 m here) -- damage cannot be ruled out at this precision"
228,228,1.0,8.58,8.58,0.0,INCONCLUSIVE,187.7,"change +0.0 m is inside the +/-6.4 m interval on the difference, and that band is wider than the 25% damage threshold (2.1 m here) -- damage cannot be ruled out at this precision"
227,227,1.0,11.62,11.62,0.0,INCONCLUSIVE,188.3,"change +0.0 m is inside the +/-6.4 m interval on the difference, and that band is wider than the 25% damage threshold (2.9 m here) -- damage cannot be ruled out at this precision"
226,226,1.0,11.65,11.65,0.0,INCONCLUSIVE,189.3,"change +0.0 m is inside the +/-6.4 m interval on the difference, and that band is wider than the 25% damage threshold (2.9 m here) -- damage cannot be ruled out at this precision"
224,224,1.0,6.8,6.8,0.0,INCONCLUSIVE,189.8,"change +0.0 m is inside the +/-6.4 m interval on the difference, and that band is wider than the 25% damage threshold (1.7 m here) -- damage cannot be ruled out at this precision"
223,223,1.0,6.89,6.89,0.0,INCONCLUSIVE,191.3,"change +0.0 m is inside the +/-6.4 m interval on the difference, and that band is wider than the 25% damage threshold (1.7 m here) -- damage cannot be ruled out at this precision"
222,222,1.0,11.9,11.9,0.0,INCONCLUSIVE,191.3,"change +0.0 m is inside the +/-6.4 m interval on the difference, and that band is wider than the 25% damage threshold (3.0 m here) -- damage cannot be ruled out at this precision"
221,221,1.0,12.08,12.08,0.0,INCONCLUSIVE,191.8,"change +0.0 m is inside the +/-6.4 m interval on the difference, and that band is wider than the 25% damage threshold (3.0 m here) -- damage cannot be ruled out at this precision"
220,220,1.0,13.27,13.27,0.0,INCONCLUSIVE,192.0,"change +0.0 m is inside the +/-6.4 m interval on the difference, and that band is wider than the 25% damage threshold (3.3 m here) -- damage cannot be ruled out at this precision"
219,219,1.0,6.41,6.41,0.0,INCONCLUSIVE,193.8,"change +0.0 m is inside the +/-6.4 m interval on the difference, and that band is wider than the 25% damage threshold (1.6 m here) -- damage cannot be ruled out at this precision"
218,218,1.0,13.75,13.75,0.0,INCONCLUSIVE,194.0,"change +0.0 m is inside the +/-6.4 m interval on the difference, and that band is wider than the 25% damage threshold (3.4 m here) -- damage cannot be ruled out at this precision"
217,217,1.0,14.26,14.26,0.0,INCONCLUSIVE,194.4,"change +0.0 m is inside the +/-6.4 m interval on the difference, and that band is wider than the 25% damage threshold (3.6 m here) -- damage cannot be ruled out at this precision"
216,216,1.0,11.78,11.78,0.0,INCONCLUSIVE,195.5,"change +0.0 m is inside the +/-6.4 m interval on the difference, and that band is wider than the 25% damage threshold (2.9 m here) -- damage cannot be ruled out at this precision"
214,214,1.0,12.13,12.13,0.0,INCONCLUSIVE,197.2,"change +0.0 m is inside the +/-6.4 m interval on the difference, and that band is wider than the 25% damage threshold (3.0 m here) -- damage cannot be ruled out at this precision"
213,213,1.0,11.67,11.67,0.0,INCONCLUSIVE,197.5,"change +0.0 m is inside the +/-6.4 m interval on the difference, and that band is wider than the 25% damage threshold (2.9 m here) -- damage cannot be ruled out at this precision"
212,212,1.0,23.81,23.81,0.0,INCONCLUSIVE,198.0,"change +0.0 m is inside the +/-6.4 m interval on the difference, and that band is wider than the 25% damage threshold (6.0 m here) -- damage cannot be ruled out at this precision"
211,211,1.0,20.27,20.27,0.0,INCONCLUSIVE,202.1,"change +0.0 m is inside the +/-6.4 m interval on the difference, and that band is wider than the 25% damage threshold (5.1 m here) -- damage cannot be ruled out at this precision"
210,210,1.0,11.18,11.18,0.0,INCONCLUSIVE,202.9,"change +0.0 m is inside the +/-6.4 m interval on the difference, and that band is wider than the 25% damage threshold (2.8 m here) -- damage cannot be ruled out at this precision"
209,209,1.0,12.29,12.29,0.0,INCONCLUSIVE,203.1,"change +0.0 m is inside the +/-6.4 m interval on the difference, and that band is wider than the 25% damage threshold (3.1 m here) -- damage cannot be ruled out at this precision"
207,207,1.0,12.63,12.63,0.0,INCONCLUSIVE,206.4,"change +0.0 m is inside the +/-6.4 m interval on the difference, and that band is wider than the 25% damage threshold (3.2 m here) -- damage cannot be ruled out at this precision"
206,206,1.0,11.67,11.67,0.0,INCONCLUSIVE,206.6,"change +0.0 m is inside the +/-6.4 m interval on the difference, and that band is wider than the 25% damage threshold (2.9 m here) -- damage cannot be ruled out at this precision"
204,204,1.0,7.36,7.36,0.0,INCONCLUSIVE,207.5,"change +0.0 m is inside the +/-6.4 m interval on the difference, and that band is wider than the 25% damage threshold (1.8 m here) -- damage cannot be ruled out at this precision"
203,203,1.0,3.81,3.81,0.0,INCONCLUSIVE,209.7,"change +0.0 m is inside the +/-6.4 m interval on the difference, and that band is wider than the 25% damage threshold (1.0 m here) -- damage cannot be ruled out at this precision"
202,202,1.0,13.45,13.45,0.0,INCONCLUSIVE,209.7,"change +0.0 m is inside the +/-6.4 m interval on the difference, and that band is wider than the 25% damage threshold (3.4 m here) -- damage cannot be ruled out at this precision"
201,201,1.0,11.79,11.79,0.0,INCONCLUSIVE,210.3,"change +0.0 m is inside the +/-6.4 m interval on the difference, and that band is wider than the 25% damage threshold (2.9 m here) -- damage cannot be ruled out at this precision"
198,198,1.0,11.72,11.72,0.0,INCONCLUSIVE,215.5,"change +0.0 m is inside the +/-6.4 m interval on the difference, and that band is wider than the 25% damage threshold (2.9 m here) -- damage cannot be ruled out at this precision"
197,197,1.0,14.6,14.6,0.0,INCONCLUSIVE,215.7,"change +0.0 m is inside the +/-6.4 m interval on the difference, and that band is wider than the 25% damage threshold (3.6 m here) -- damage cannot be ruled out at this precision"
196,196,1.0,10.76,10.76,0.0,INCONCLUSIVE,216.3,"change +0.0 m is inside the +/-6.4 m interval on the difference, and that band is wider than the 25% damage threshold (2.7 m here) -- damage cannot be ruled out at this precision"
195,195,1.0,13.59,13.59,0.0,INCONCLUSIVE,216.6,"change +0.0 m is inside the +/-6.4 m interval on the difference, and that band is wider than the 25% damage threshold (3.4 m here) -- damage cannot be ruled out at this precision"
194,194,1.0,10.98,10.98,0.0,INCONCLUSIVE,217.3,"change +0.0 m is inside the +/-6.4 m interval on the difference, and that band is wider than the 25% damage threshold (2.7 m here) -- damage cannot be ruled out at this precision"
192,192,1.0,11.63,11.63,0.0,INCONCLUSIVE,218.0,"change +0.0 m is inside the +/-6.4 m interval on the difference, and that band is wider than the 25% damage threshold (2.9 m here) -- damage cannot be ruled out at this precision"
191,191,1.0,11.94,11.94,0.0,INCONCLUSIVE,218.1,"change +0.0 m is inside the +/-6.4 m interval on the difference, and that band is wider than the 25% damage threshold (3.0 m here) -- damage cannot be ruled out at this precision"
190,190,1.0,12.17,12.17,0.0,INCONCLUSIVE,218.8,"change +0.0 m is inside the +/-6.4 m interval on the difference, and that band is wider than the 25% damage threshold (3.0 m here) -- damage cannot be ruled out at this precision"
187,187,1.0,21.81,21.81,0.0,INCONCLUSIVE,219.6,"change +0.0 m is inside the +/-6.4 m interval on the difference, and that band is wider than the 25% damage threshold (5.5 m here) -- damage cannot be ruled out at this precision"
186,186,1.0,12.22,12.22,0.0,INCONCLUSIVE,219.8,"change +0.0 m is inside the +/-6.4 m interval on the difference, and that band is wider than the 25% damage threshold (3.1 m here) -- damage cannot be ruled out at this precision"
185,185,1.0,11.67,11.67,0.0,INCONCLUSIVE,220.2,"change +0.0 m is inside the +/-6.4 m interval on the difference, and that band is wider than the 25% damage threshold (2.9 m here) -- damage cannot be ruled out at this precision"
183,183,1.0,11.69,11.69,0.0,INCONCLUSIVE,221.8,"change +0.0 m is inside the +/-6.4 m interval on the difference, and that band is wider than the 25% damage threshold (2.9 m here) -- damage cannot be ruled out at this precision"
182,182,1.0,12.36,12.36,0.0,INCONCLUSIVE,223.3,"change +0.0 m is inside the +/-6.4 m interval on the difference, and that band is wider than the 25% damage threshold (3.1 m here) -- damage cannot be ruled out at this precision"
180,180,1.0,13.15,13.15,0.0,INCONCLUSIVE,229.4,"change +0.0 m is inside the +/-6.4 m interval on the difference, and that band is wider than the 25% damage threshold (3.3 m here) -- damage cannot be ruled out at this precision"
179,179,1.0,12.34,12.34,0.0,INCONCLUSIVE,230.0,"change +0.0 m is inside the +/-6.4 m interval on the difference, and that band is wider than the 25% damage threshold (3.1 m here) -- damage cannot be ruled out at this precision"
178,178,1.0,11.41,11.41,0.0,INCONCLUSIVE,234.9,"change +0.0 m is inside the +/-6.4 m interval on the difference, and that band is wider than the 25% damage threshold (2.9 m here) -- damage cannot be ruled out at this precision"
177,177,1.0,12.96,12.96,0.0,INCONCLUSIVE,235.8,"change +0.0 m is inside the +/-6.4 m interval on the difference, and that band is wider than the 25% damage threshold (3.2 m here) -- damage cannot be ruled out at this precision"
176,176,1.0,13.47,13.47,0.0,INCONCLUSIVE,236.0,"change +0.0 m is inside the +/-6.4 m interval on the difference, and that band is wider than the 25% damage threshold (3.4 m here) -- damage cannot be ruled out at this precision"
175,175,1.0,5.06,5.06,0.0,INCONCLUSIVE,237.0,"change +0.0 m is inside the +/-6.4 m interval on the difference, and that band is wider than the 25% damage threshold (1.3 m here) -- damage cannot be ruled out at this precision"
174,174,1.0,11.9,11.9,0.0,INCONCLUSIVE,238.3,"change +0.0 m is inside the +/-6.4 m interval on the difference, and that band is wider than the 25% damage threshold (3.0 m here) -- damage cannot be ruled out at this precision"
173,173,1.0,10.84,10.84,0.0,INCONCLUSIVE,238.4,"change +0.0 m is inside the +/-6.4 m interval on the difference, and that band is wider than the 25% damage threshold (2.7 m here) -- damage cannot be ruled out at this precision"
172,172,1.0,5.55,5.55,0.0,INCONCLUSIVE,238.8,"change +0.0 m is inside the +/-6.4 m interval on the difference, and that band is wider than the 25% damage threshold (1.4 m here) -- damage cannot be ruled out at this precision"
171,171,1.0,12.34,12.34,0.0,INCONCLUSIVE,239.1,"change +0.0 m is inside the +/-6.4 m interval on the difference, and that band is wider than the 25% damage threshold (3.1 m here) -- damage cannot be ruled out at this precision"
169,169,1.0,13.13,13.13,0.0,INCONCLUSIVE,241.8,"change +0.0 m is inside the +/-6.4 m interval on the difference, and that band is wider than the 25% damage threshold (3.3 m here) -- damage cannot be ruled out at this precision"
168,168,1.0,16.61,16.61,0.0,INCONCLUSIVE,242.8,"change +0.0 m is inside the +/-6.4 m interval on the difference, and that band is wider than the 25% damage threshold (4.2 m here) -- damage cannot be ruled out at this precision"
167,167,1.0,6.55,6.55,0.0,INCONCLUSIVE,242.9,"change +0.0 m is inside the +/-6.4 m interval on the difference, and that band is wider than the 25% damage threshold (1.6 m here) -- damage cannot be ruled out at this precision"
166,166,1.0,12.08,12.08,0.0,INCONCLUSIVE,243.0,"change +0.0 m is inside the +/-6.4 m interval on the difference, and that band is wider than the 25% damage threshold (3.0 m here) -- damage cannot be ruled out at this precision"
165,165,1.0,14.47,14.47,0.0,INCONCLUSIVE,243.5,"change +0.0 m is inside the +/-6.4 m interval on the difference, and that band is wider than the 25% damage threshold (3.6 m here) -- damage cannot be ruled out at this precision"
164,164,1.0,12.35,12.35,0.0,INCONCLUSIVE,243.5,"change +0.0 m is inside the +/-6.4 m interval on the difference, and that band is wider than the 25% damage threshold (3.1 m here) -- damage cannot be ruled out at this precision"
163,163,1.0,18.77,18.77,0.0,INCONCLUSIVE,245.4,"change +0.0 m is inside the +/-6.4 m interval on the difference, and that band is wider than the 25% damage threshold (4.7 m here) -- damage cannot be ruled out at this precision"
162,162,1.0,12.75,12.75,0.0,INCONCLUSIVE,248.0,"change +0.0 m is inside the +/-6.4 m interval on the difference, and that band is wider than the 25% damage threshold (3.2 m here) -- damage cannot be ruled out at this precision"
161,161,1.0,15.8,15.8,0.0,INCONCLUSIVE,248.6,"change +0.0 m is inside the +/-6.4 m interval on the difference, and that band is wider than the 25% damage threshold (4.0 m here) -- damage cannot be ruled out at this precision"
160,160,1.0,22.78,22.78,0.0,INCONCLUSIVE,249.2,"change +0.0 m is inside the +/-6.4 m interval on the difference, and that band is wider than the 25% damage threshold (5.7 m here) -- damage cannot be ruled out at this precision"
159,159,1.0,11.33,11.33,0.0,INCONCLUSIVE,251.0,"change +0.0 m is inside the +/-6.4 m interval on the difference, and that band is wider than the 25% damage threshold (2.8 m here) -- damage cannot be ruled out at this precision"
158,158,1.0,12.49,12.49,0.0,INCONCLUSIVE,251.0,"change +0.0 m is inside the +/-6.4 m interval on the difference, and that band is wider than the 25% damage threshold (3.1 m here) -- damage cannot be ruled out at this precision"
157,157,1.0,13.67,13.67,0.0,INCONCLUSIVE,252.3,"change +0.0 m is inside the +/-6.4 m interval on the difference, and that band is wider than the 25% damage threshold (3.4 m here) -- damage cannot be ruled out at this precision"
156,156,1.0,12.95,12.95,0.0,INCONCLUSIVE,252.6,"change +0.0 m is inside the +/-6.4 m interval on the difference, and that band is wider than the 25% damage threshold (3.2 m here) -- damage cannot be ruled out at this precision"
154,154,1.0,12.4,12.4,0.0,INCONCLUSIVE,253.2,"change +0.0 m is inside the +/-6.4 m interval on the difference, and that band is wider than the 25% damage threshold (3.1 m here) -- damage cannot be ruled out at this precision"
153,153,1.0,12.7,12.7,0.0,INCONCLUSIVE,256.6,"change +0.0 m is inside the +/-6.4 m interval on the difference, and that band is wider than the 25% damage threshold (3.2 m here) -- damage cannot be ruled out at this precision"
152,152,1.0,12.68,12.68,0.0,INCONCLUSIVE,257.7,"change +0.0 m is inside the +/-6.4 m interval on the difference, and that band is wider than the 25% damage threshold (3.2 m here) -- damage cannot be ruled out at this precision"
151,151,1.0,5.84,5.84,0.0,INCONCLUSIVE,259.6,"change +0.0 m is inside the +/-6.4 m interval on the difference, and that band is wider than the 25% damage threshold (1.5 m here) -- damage cannot be ruled out at this precision"
150,150,1.0,11.32,11.32,0.0,INCONCLUSIVE,261.4,"change +0.0 m is inside the +/-6.4 m interval on the difference, and that band is wider than the 25% damage threshold (2.8 m here) -- damage cannot be ruled out at this precision"
149,149,1.0,11.9,11.9,0.0,INCONCLUSIVE,262.0,"change +0.0 m is inside the +/-6.4 m interval on the difference, and that band is wider than the 25% damage threshold (3.0 m here) -- damage cannot be ruled out at this precision"
148,148,1.0,7.61,7.61,0.0,INCONCLUSIVE,264.1,"change +0.0 m is inside the +/-6.4 m interval on the difference, and that band is wider than the 25% damage threshold (1.9 m here) -- damage cannot be ruled out at this precision"
147,147,1.0,12.6,12.6,0.0,INCONCLUSIVE,265.2,"change +0.0 m is inside the +/-6.4 m interval on the difference, and that band is wider than the 25% damage threshold (3.1 m here) -- damage cannot be ruled out at this precision"
146,146,1.0,13.31,13.31,0.0,INCONCLUSIVE,272.2,"change +0.0 m is inside the +/-6.4 m interval on the difference, and that band is wider than the 25% damage threshold (3.3 m here) -- damage cannot be ruled out at this precision"
145,145,1.0,13.8,13.8,0.0,INCONCLUSIVE,272.2,"change +0.0 m is inside the +/-6.4 m interval on the difference, and that band is wider than the 25% damage threshold (3.5 m here) -- damage cannot be ruled out at this precision"
144,144,1.0,13.48,13.48,0.0,INCONCLUSIVE,273.4,"change +0.0 m is inside the +/-6.4 m interval on the difference, and that band is wider than the 25% damage threshold (3.4 m here) -- damage cannot be ruled out at this precision"
143,143,1.0,14.41,14.41,0.0,INCONCLUSIVE,275.9,"change +0.0 m is inside the +/-6.4 m interval on the difference, and that band is wider than the 25% damage threshold (3.6 m here) -- damage cannot be ruled out at this precision"
142,142,1.0,11.43,11.43,0.0,INCONCLUSIVE,275.9,"change +0.0 m is inside the +/-6.4 m interval on the difference, and that band is wider than the 25% damage threshold (2.9 m here) -- damage cannot be ruled out at this precision"
141,141,1.0,12.79,12.79,0.0,INCONCLUSIVE,277.1,"change +0.0 m is inside the +/-6.4 m interval on the difference, and that band is wider than the 25% damage threshold (3.2 m here) -- damage cannot be ruled out at this precision"
138,138,1.0,20.4,20.4,0.0,INCONCLUSIVE,284.7,"change +0.0 m is inside the +/-6.4 m interval on the difference, and that band is wider than the 25% damage threshold (5.1 m here) -- damage cannot be ruled out at this precision"
137,137,1.0,12.78,12.78,0.0,INCONCLUSIVE,286.8,"change +0.0 m is inside the +/-6.4 m interval on the difference, and that band is wider than the 25% damage threshold (3.2 m here) -- damage cannot be ruled out at this precision"
136,136,1.0,12.17,12.17,0.0,INCONCLUSIVE,287.9,"change +0.0 m is inside the +/-6.4 m interval on the difference, and that band is wider than the 25% damage threshold (3.0 m here) -- damage cannot be ruled out at this precision"
135,135,1.0,13.42,13.42,0.0,INCONCLUSIVE,288.8,"change +0.0 m is inside the +/-6.4 m interval on the difference, and that band is wider than the 25% damage threshold (3.4 m here) -- damage cannot be ruled out at this precision"
134,134,1.0,13.66,13.66,0.0,INCONCLUSIVE,288.9,"change +0.0 m is inside the +/-6.4 m interval on the difference, and that band is wider than the 25% damage threshold (3.4 m here) -- damage cannot be ruled out at this precision"
133,133,1.0,13.42,13.42,0.0,INCONCLUSIVE,289.7,"change +0.0 m is inside the +/-6.4 m interval on the difference, and that band is wider than the 25% damage threshold (3.4 m here) -- damage cannot be ruled out at this precision"
131,131,1.0,12.29,12.29,0.0,INCONCLUSIVE,295.6,"change +0.0 m is inside the +/-6.4 m interval on the difference, and that band is wider than the 25% damage threshold (3.1 m here) -- damage cannot be ruled out at this precision"
130,130,1.0,12.87,12.87,0.0,INCONCLUSIVE,299.3,"change +0.0 m is inside the +/-6.4 m interval on the difference, and that band is wider than the 25% damage threshold (3.2 m here) -- damage cannot be ruled out at this precision"
129,129,1.0,16.11,16.11,0.0,INCONCLUSIVE,303.8,"change +0.0 m is inside the +/-6.4 m interval on the difference, and that band is wider than the 25% damage threshold (4.0 m here) -- damage cannot be ruled out at this precision"
128,128,1.0,12.52,12.52,0.0,INCONCLUSIVE,305.0,"change +0.0 m is inside the +/-6.4 m interval on the difference, and that band is wider than the 25% damage threshold (3.1 m here) -- damage cannot be ruled out at this precision"
127,127,1.0,12.05,12.05,0.0,INCONCLUSIVE,308.3,"change +0.0 m is inside the +/-6.4 m interval on the difference, and that band is wider than the 25% damage threshold (3.0 m here) -- damage cannot be ruled out at this precision"
126,126,1.0,14.27,14.27,0.0,INCONCLUSIVE,309.3,"change +0.0 m is inside the +/-6.4 m interval on the difference, and that band is wider than the 25% damage threshold (3.6 m here) -- damage cannot be ruled out at this precision"
125,125,1.0,15.31,15.31,0.0,INCONCLUSIVE,309.6,"change +0.0 m is inside the +/-6.4 m interval on the difference, and that band is wider than the 25% damage threshold (3.8 m here) -- damage cannot be ruled out at this precision"
124,124,1.0,12.64,12.64,0.0,INCONCLUSIVE,310.7,"change +0.0 m is inside the +/-6.4 m interval on the difference, and that band is wider than the 25% damage threshold (3.2 m here) -- damage cannot be ruled out at this precision"
123,123,1.0,13.38,13.38,0.0,INCONCLUSIVE,315.4,"change +0.0 m is inside the +/-6.4 m interval on the difference, and that band is wider than the 25% damage threshold (3.3 m here) -- damage cannot be ruled out at this precision"
122,122,1.0,11.65,11.65,0.0,INCONCLUSIVE,315.5,"change +0.0 m is inside the +/-6.4 m interval on the difference, and that band is wider than the 25% damage threshold (2.9 m here) -- damage cannot be ruled out at this precision"
120,120,1.0,7.83,7.83,0.0,INCONCLUSIVE,320.8,"change +0.0 m is inside the +/-6.4 m interval on the difference, and that band is wider than the 25% damage threshold (2.0 m here) -- damage cannot be ruled out at this precision"
119,119,1.0,7.26,7.26,0.0,INCONCLUSIVE,322.7,"change +0.0 m is inside the +/-6.4 m interval on the difference, and that band is wider than the 25% damage threshold (1.8 m here) -- damage cannot be ruled out at this precision"
118,118,1.0,14.54,14.54,0.0,INCONCLUSIVE,324.0,"change +0.0 m is inside the +/-6.4 m interval on the difference, and that band is wider than the 25% damage threshold (3.6 m here) -- damage cannot be ruled out at this precision"
117,117,1.0,12.6,12.6,0.0,INCONCLUSIVE,325.7,"change +0.0 m is inside the +/-6.4 m interval on the difference, and that band is wider than the 25% damage threshold (3.1 m here) -- damage cannot be ruled out at this precision"
115,115,1.0,7.41,7.41,0.0,INCONCLUSIVE,330.0,"change +0.0 m is inside the +/-6.4 m interval on the difference, and that band is wider than the 25% damage threshold (1.9 m here) -- damage cannot be ruled out at this precision"
114,114,1.0,7.3,7.3,0.0,INCONCLUSIVE,333.3,"change +0.0 m is inside the +/-6.4 m interval on the difference, and that band is wider than the 25% damage threshold (1.8 m here) -- damage cannot be ruled out at this precision"
113,113,1.0,4.42,4.42,0.0,INCONCLUSIVE,333.8,"change +0.0 m is inside the +/-6.4 m interval on the difference, and that band is wider than the 25% damage threshold (1.1 m here) -- damage cannot be ruled out at this precision"
111,111,1.0,13.23,13.23,0.0,INCONCLUSIVE,334.2,"change +0.0 m is inside the +/-6.4 m interval on the difference, and that band is wider than the 25% damage threshold (3.3 m here) -- damage cannot be ruled out at this precision"
110,110,1.0,5.96,5.96,0.0,INCONCLUSIVE,336.5,"change +0.0 m is inside the +/-6.4 m interval on the difference, and that band is wider than the 25% damage threshold (1.5 m here) -- damage cannot be ruled out at this precision"
109,109,1.0,14.49,14.49,0.0,INCONCLUSIVE,337.6,"change +0.0 m is inside the +/-6.4 m interval on the difference, and that band is wider than the 25% damage threshold (3.6 m here) -- damage cannot be ruled out at this precision"
108,108,1.0,7.34,7.34,0.0,INCONCLUSIVE,340.3,"change +0.0 m is inside the +/-6.4 m interval on the difference, and that band is wider than the 25% damage threshold (1.8 m here) -- damage cannot be ruled out at this precision"
106,106,1.0,7.43,7.43,0.0,INCONCLUSIVE,342.9,"change +0.0 m is inside the +/-6.4 m interval on the difference, and that band is wider than the 25% damage threshold (1.9 m here) -- damage cannot be ruled out at this precision"
105,105,1.0,7.44,7.44,0.0,INCONCLUSIVE,346.8,"change +0.0 m is inside the +/-6.4 m interval on the difference, and that band is wider than the 25% damage threshold (1.9 m here) -- damage cannot be ruled out at this precision"
103,103,1.0,12.49,12.49,0.0,INCONCLUSIVE,353.2,"change +0.0 m is inside the +/-6.4 m interval on the difference, and that band is wider than the 25% damage threshold (3.1 m here) -- damage cannot be ruled out at this precision"
101,101,1.0,15.49,15.49,0.0,INCONCLUSIVE,354.5,"change +0.0 m is inside the +/-6.4 m interval on the difference, and that band is wider than the 25% damage threshold (3.9 m here) -- damage cannot be ruled out at this precision"
100,100,1.0,5.32,5.32,0.0,INCONCLUSIVE,354.9,"change +0.0 m is inside the +/-6.4 m interval on the difference, and that band is wider than the 25% damage threshold (1.3 m here) -- damage cannot be ruled out at this precision"
99,99,1.0,14.31,14.31,0.0,INCONCLUSIVE,359.9,"change +0.0 m is inside the +/-6.4 m interval on the difference, and that band is wider than the 25% damage threshold (3.6 m here) -- damage cannot be ruled out at this precision"
98,98,1.0,12.55,12.55,0.0,INCONCLUSIVE,362.0,"change +0.0 m is inside the +/-6.4 m interval on the difference, and that band is wider than the 25% damage threshold (3.1 m here) -- damage cannot be ruled out at this precision"
97,97,1.0,14.28,14.28,0.0,INCONCLUSIVE,363.6,"change +0.0 m is inside the +/-6.4 m interval on the difference, and that band is wider than the 25% damage threshold (3.6 m here) -- damage cannot be ruled out at this precision"
95,95,1.0,12.37,12.37,0.0,INCONCLUSIVE,369.5,"change +0.0 m is inside the +/-6.4 m interval on the difference, and that band is wider than the 25% damage threshold (3.1 m here) -- damage cannot be ruled out at this precision"
94,94,1.0,13.32,13.32,0.0,INCONCLUSIVE,372.6,"change +0.0 m is inside the +/-6.4 m interval on the difference, and that band is wider than the 25% damage threshold (3.3 m here) -- damage cannot be ruled out at this precision"
93,93,1.0,7.39,7.39,0.0,INCONCLUSIVE,373.7,"change +0.0 m is inside the +/-6.4 m interval on the difference, and that band is wider than the 25% damage threshold (1.8 m here) -- damage cannot be ruled out at this precision"
92,92,1.0,7.52,7.52,0.0,INCONCLUSIVE,375.0,"change +0.0 m is inside the +/-6.4 m interval on the difference, and that band is wider than the 25% damage threshold (1.9 m here) -- damage cannot be ruled out at this precision"
91,91,1.0,13.32,13.32,0.0,INCONCLUSIVE,378.6,"change +0.0 m is inside the +/-6.4 m interval on the difference, and that band is wider than the 25% damage threshold (3.3 m here) -- damage cannot be ruled out at this precision"
90,90,1.0,13.71,13.71,0.0,INCONCLUSIVE,381.2,"change +0.0 m is inside the +/-6.4 m interval on the difference, and that band is wider than the 25% damage threshold (3.4 m here) -- damage cannot be ruled out at this precision"
89,89,1.0,14.25,14.25,0.0,INCONCLUSIVE,384.4,"change +0.0 m is inside the +/-6.4 m interval on the difference, and that band is wider than the 25% damage threshold (3.6 m here) -- damage cannot be ruled out at this precision"
88,88,1.0,10.42,10.42,0.0,INCONCLUSIVE,385.6,"change +0.0 m is inside the +/-6.4 m interval on the difference, and that band is wider than the 25% damage threshold (2.6 m here) -- damage cannot be ruled out at this precision"
87,87,1.0,16.44,16.44,0.0,INCONCLUSIVE,394.3,"change +0.0 m is inside the +/-6.4 m interval on the difference, and that band is wider than the 25% damage threshold (4.1 m here) -- damage cannot be ruled out at this precision"
86,86,1.0,7.6,7.6,0.0,INCONCLUSIVE,395.3,"change +0.0 m is inside the +/-6.4 m interval on the difference, and that band is wider than the 25% damage threshold (1.9 m here) -- damage cannot be ruled out at this precision"
85,85,1.0,14.31,14.31,0.0,INCONCLUSIVE,399.6,"change +0.0 m is inside the +/-6.4 m interval on the difference, and that band is wider than the 25% damage threshold (3.6 m here) -- damage cannot be ruled out at this precision"
84,84,1.0,12.48,12.48,0.0,INCONCLUSIVE,399.8,"change +0.0 m is inside the +/-6.4 m interval on the difference, and that band is wider than the 25% damage threshold (3.1 m here) -- damage cannot be ruled out at this precision"
83,83,1.0,7.46,7.46,0.0,INCONCLUSIVE,404.5,"change +0.0 m is inside the +/-6.4 m interval on the difference, and that band is wider than the 25% damage threshold (1.9 m here) -- damage cannot be ruled out at this precision"
82,82,1.0,12.85,12.85,0.0,INCONCLUSIVE,406.3,"change +0.0 m is inside the +/-6.4 m interval on the difference, and that band is wider than the 25% damage threshold (3.2 m here) -- damage cannot be ruled out at this precision"
81,81,1.0,8.01,8.01,0.0,INCONCLUSIVE,407.2,"change +0.0 m is inside the +/-6.4 m interval on the difference, and that band is wider than the 25% damage threshold (2.0 m here) -- damage cannot be ruled out at this precision"
80,80,1.0,13.93,13.93,0.0,INCONCLUSIVE,407.4,"change +0.0 m is inside the +/-6.4 m interval on the difference, and that band is wider than the 25% damage threshold (3.5 m here) -- damage cannot be ruled out at this precision"
79,79,1.0,13.46,13.46,0.0,INCONCLUSIVE,410.7,"change +0.0 m is inside the +/-6.4 m interval on the difference, and that band is wider than the 25% damage threshold (3.4 m here) -- damage cannot be ruled out at this precision"
78,78,1.0,13.7,13.7,0.0,INCONCLUSIVE,413.5,"change +0.0 m is inside the +/-6.4 m interval on the difference, and that band is wider than the 25% damage threshold (3.4 m here) -- damage cannot be ruled out at this precision"
77,77,1.0,14.17,14.17,0.0,INCONCLUSIVE,414.1,"change +0.0 m is inside the +/-6.4 m interval on the difference, and that band is wider than the 25% damage threshold (3.5 m here) -- damage cannot be ruled out at this precision"
76,76,1.0,13.94,13.94,0.0,INCONCLUSIVE,422.4,"change +0.0 m is inside the +/-6.4 m interval on the difference, and that band is wider than the 25% damage threshold (3.5 m here) -- damage cannot be ruled out at this precision"
75,75,1.0,25.59,25.59,0.0,INCONCLUSIVE,426.0,"change +0.0 m is inside the +/-6.4 m interval on the difference, and that band is wider than the 25% damage threshold (6.4 m here) -- damage cannot be ruled out at this precision"
74,74,1.0,7.17,7.17,0.0,INCONCLUSIVE,440.3,"change +0.0 m is inside the +/-6.4 m interval on the difference, and that band is wider than the 25% damage threshold (1.8 m here) -- damage cannot be ruled out at this precision"
73,73,1.0,12.58,12.58,0.0,INCONCLUSIVE,440.9,"change +0.0 m is inside the +/-6.4 m interval on the difference, and that band is wider than the 25% damage threshold (3.1 m here) -- damage cannot be ruled out at this precision"
72,72,1.0,12.01,12.01,0.0,INCONCLUSIVE,446.9,"change +0.0 m is inside the +/-6.4 m interval on the difference, and that band is wider than the 25% damage threshold (3.0 m here) -- damage cannot be ruled out at this precision"
71,71,1.0,14.82,14.82,0.0,INCONCLUSIVE,454.0,"change +0.0 m is inside the +/-6.4 m interval on the difference, and that band is wider than the 25% damage threshold (3.7 m here) -- damage cannot be ruled out at this precision"
69,69,1.0,14.29,14.29,0.0,INCONCLUSIVE,461.2,"change +0.0 m is inside the +/-6.4 m interval on the difference, and that band is wider than the 25% damage threshold (3.6 m here) -- damage cannot be ruled out at this precision"
68,68,1.0,12.04,12.04,0.0,INCONCLUSIVE,461.8,"change +0.0 m is inside the +/-6.4 m interval on the difference, and that band is wider than the 25% damage threshold (3.0 m here) -- damage cannot be ruled out at this precision"
67,67,1.0,14.35,14.35,0.0,INCONCLUSIVE,464.4,"change +0.0 m is inside the +/-6.4 m interval on the difference, and that band is wider than the 25% damage threshold (3.6 m here) -- damage cannot be ruled out at this precision"
66,66,1.0,14.38,14.38,0.0,INCONCLUSIVE,469.3,"change +0.0 m is inside the +/-6.4 m interval on the difference, and that band is wider than the 25% damage threshold (3.6 m here) -- damage cannot be ruled out at this precision"
65,65,1.0,14.67,14.67,0.0,INCONCLUSIVE,470.2,"change +0.0 m is inside the +/-6.4 m interval on the difference, and that band is wider than the 25% damage threshold (3.7 m here) -- damage cannot be ruled out at this precision"
63,63,1.0,8.52,8.52,0.0,INCONCLUSIVE,475.5,"change +0.0 m is inside the +/-6.4 m interval on the difference, and that band is wider than the 25% damage threshold (2.1 m here) -- damage cannot be ruled out at this precision"
62,62,1.0,13.99,13.99,0.0,INCONCLUSIVE,475.7,"change +0.0 m is inside the +/-6.4 m interval on the difference, and that band is wider than the 25% damage threshold (3.5 m here) -- damage cannot be ruled out at this precision"
61,61,1.0,9.4,9.4,0.0,INCONCLUSIVE,476.4,"change +0.0 m is inside the +/-6.4 m interval on the difference, and that band is wider than the 25% damage threshold (2.4 m here) -- damage cannot be ruled out at this precision"
60,60,1.0,14.56,14.56,0.0,INCONCLUSIVE,477.8,"change +0.0 m is inside the +/-6.4 m interval on the difference, and that band is wider than the 25% damage threshold (3.6 m here) -- damage cannot be ruled out at this precision"
59,59,1.0,15.84,15.84,0.0,INCONCLUSIVE,479.0,"change +0.0 m is inside the +/-6.4 m interval on the difference, and that band is wider than the 25% damage threshold (4.0 m here) -- damage cannot be ruled out at this precision"
58,58,1.0,15.06,15.06,0.0,INCONCLUSIVE,488.2,"change +0.0 m is inside the +/-6.4 m interval on the difference, and that band is wider than the 25% damage threshold (3.8 m here) -- damage cannot be ruled out at this precision"
56,56,1.0,13.49,13.49,0.0,INCONCLUSIVE,493.8,"change +0.0 m is inside the +/-6.4 m interval on the difference, and that band is wider than the 25% damage threshold (3.4 m here) -- damage cannot be ruled out at this precision"
55,55,1.0,14.54,14.54,0.0,INCONCLUSIVE,497.9,"change +0.0 m is inside the +/-6.4 m interval on the difference, and that band is wider than the 25% damage threshold (3.6 m here) -- damage cannot be ruled out at this precision"
54,54,1.0,14.79,14.79,0.0,INCONCLUSIVE,500.6,"change +0.0 m is inside the +/-6.4 m interval on the difference, and that band is wider than the 25% damage threshold (3.7 m here) -- damage cannot be ruled out at this precision"
53,53,1.0,8.58,8.58,0.0,INCONCLUSIVE,501.2,"change +0.0 m is inside the +/-6.4 m interval on the difference, and that band is wider than the 25% damage threshold (2.1 m here) -- damage cannot be ruled out at this precision"
52,52,1.0,13.97,13.97,0.0,INCONCLUSIVE,507.5,"change +0.0 m is inside the +/-6.4 m interval on the difference, and that band is wider than the 25% damage threshold (3.5 m here) -- damage cannot be ruled out at this precision"
51,51,1.0,15.6,15.6,0.0,INCONCLUSIVE,509.3,"change +0.0 m is inside the +/-6.4 m interval on the difference, and that band is wider than the 25% damage threshold (3.9 m here) -- damage cannot be ruled out at this precision"
50,50,1.0,14.71,14.71,0.0,INCONCLUSIVE,513.2,"change +0.0 m is inside the +/-6.4 m interval on the difference, and that band is wider than the 25% damage threshold (3.7 m here) -- damage cannot be ruled out at this precision"
49,49,1.0,15.6,15.6,0.0,INCONCLUSIVE,519.8,"change +0.0 m is inside the +/-6.4 m interval on the difference, and that band is wider than the 25% damage threshold (3.9 m here) -- damage cannot be ruled out at this precision"
48,48,1.0,5.0,5.0,0.0,INCONCLUSIVE,522.1,"change +0.0 m is inside the +/-6.4 m interval on the difference, and that band is wider than the 25% damage threshold (1.2 m here) -- damage cannot be ruled out at this precision"
47,47,1.0,15.01,15.01,0.0,INCONCLUSIVE,523.7,"change +0.0 m is inside the +/-6.4 m interval on the difference, and that band is wider than the 25% damage threshold (3.8 m here) -- damage cannot be ruled out at this precision"
46,46,1.0,6.73,6.73,0.0,INCONCLUSIVE,525.2,"change +0.0 m is inside the +/-6.4 m interval on the difference, and that band is wider than the 25% damage threshold (1.7 m here) -- damage cannot be ruled out at this precision"
45,45,1.0,4.87,4.87,0.0,INCONCLUSIVE,534.0,"change +0.0 m is inside the +/-6.4 m interval on the difference, and that band is wider than the 25% damage threshold (1.2 m here) -- damage cannot be ruled out at this precision"
43,43,1.0,6.97,6.97,0.0,INCONCLUSIVE,543.8,"change +0.0 m is inside the +/-6.4 m interval on the difference, and that band is wider than the 25% damage threshold (1.7 m here) -- damage cannot be ruled out at this precision"
42,42,1.0,5.04,5.04,0.0,INCONCLUSIVE,551.0,"change +0.0 m is inside the +/-6.4 m interval on the difference, and that band is wider than the 25% damage threshold (1.3 m here) -- damage cannot be ruled out at this precision"
41,41,1.0,4.95,4.95,0.0,INCONCLUSIVE,560.7,"change +0.0 m is inside the +/-6.4 m interval on the difference, and that band is wider than the 25% damage threshold (1.2 m here) -- damage cannot be ruled out at this precision"
40,40,1.0,4.71,4.71,0.0,INCONCLUSIVE,567.6,"change +0.0 m is inside the +/-6.4 m interval on the difference, and that band is wider than the 25% damage threshold (1.2 m here) -- damage cannot be ruled out at this precision"
39,39,1.0,4.66,4.66,0.0,INCONCLUSIVE,573.8,"change +0.0 m is inside the +/-6.4 m interval on the difference, and that band is wider than the 25% damage threshold (1.2 m here) -- damage cannot be ruled out at this precision"
38,38,1.0,4.87,4.87,0.0,INCONCLUSIVE,576.0,"change +0.0 m is inside the +/-6.4 m interval on the difference, and that band is wider than the 25% damage threshold (1.2 m here) -- damage cannot be ruled out at this precision"
37,37,1.0,6.59,6.59,0.0,INCONCLUSIVE,576.2,"change +0.0 m is inside the +/-6.4 m interval on the difference, and that band is wider than the 25% damage threshold (1.6 m here) -- damage cannot be ruled out at this precision"
36,36,1.0,6.84,6.84,0.0,INCONCLUSIVE,580.1,"change +0.0 m is inside the +/-6.4 m interval on the difference, and that band is wider than the 25% damage threshold (1.7 m here) -- damage cannot be ruled out at this precision"
35,35,1.0,8.24,8.24,0.0,INCONCLUSIVE,583.8,"change +0.0 m is inside the +/-6.4 m interval on the difference, and that band is wider than the 25% damage threshold (2.1 m here) -- damage cannot be ruled out at this precision"
34,34,1.0,4.58,4.58,0.0,INCONCLUSIVE,609.2,"change +0.0 m is inside the +/-6.4 m interval on the difference, and that band is wider than the 25% damage threshold (1.1 m here) -- damage cannot be ruled out at this precision"
33,33,1.0,4.7,4.7,0.0,INCONCLUSIVE,613.3,"change +0.0 m is inside the +/-6.4 m interval on the difference, and that band is wider than the 25% damage threshold (1.2 m here) -- damage cannot be ruled out at this precision"
32,32,1.0,4.39,4.39,0.0,INCONCLUSIVE,619.6,"change +0.0 m is inside the +/-6.4 m interval on the difference, and that band is wider than the 25% damage threshold (1.1 m here) -- damage cannot be ruled out at this precision"
31,31,1.0,15.29,15.29,0.0,INCONCLUSIVE,641.3,"change +0.0 m is inside the +/-6.4 m interval on the difference, and that band is wider than the 25% damage threshold (3.8 m here) -- damage cannot be ruled out at this precision"
30,30,1.0,5.6,5.6,0.0,INCONCLUSIVE,650.2,"change +0.0 m is inside the +/-6.4 m interval on the difference, and that band is wider than the 25% damage threshold (1.4 m here) -- damage cannot be ruled out at this precision"
28,28,1.0,4.81,4.81,0.0,INCONCLUSIVE,672.9,"change +0.0 m is inside the +/-6.4 m interval on the difference, and that band is wider than the 25% damage threshold (1.2 m here) -- damage cannot be ruled out at this precision"
27,27,1.0,5.68,5.68,0.0,INCONCLUSIVE,692.2,"change +0.0 m is inside the +/-6.4 m interval on the difference, and that band is wider than the 25% damage threshold (1.4 m here) -- damage cannot be ruled out at this precision"
26,26,1.0,4.88,4.88,0.0,INCONCLUSIVE,705.8,"change +0.0 m is inside the +/-6.4 m interval on the difference, and that band is wider than the 25% damage threshold (1.2 m here) -- damage cannot be ruled out at this precision"
25,25,1.0,6.34,6.34,0.0,INCONCLUSIVE,754.8,"change +0.0 m is inside the +/-6.4 m interval on the difference, and that band is wider than the 25% damage threshold (1.6 m here) -- damage cannot be ruled out at this precision"
22,22,1.0,6.19,6.19,0.0,INCONCLUSIVE,815.3,"change +0.0 m is inside the +/-6.4 m interval on the difference, and that band is wider than the 25% damage threshold (1.5 m here) -- damage cannot be ruled out at this precision"
21,21,1.0,6.51,6.51,0.0,INCONCLUSIVE,834.7,"change +0.0 m is inside the +/-6.4 m interval on the difference, and that band is wider than the 25% damage threshold (1.6 m here) -- damage cannot be ruled out at this precision"
20,20,1.0,15.21,15.21,0.0,INCONCLUSIVE,835.1,"change +0.0 m is inside the +/-6.4 m interval on the difference, and that band is wider than the 25% damage threshold (3.8 m here) -- damage cannot be ruled out at this precision"
19,19,1.0,5.38,5.38,0.0,INCONCLUSIVE,845.8,"change +0.0 m is inside the +/-6.4 m interval on the difference, and that band is wider than the 25% damage threshold (1.3 m here) -- damage cannot be ruled out at this precision"
18,18,1.0,10.09,10.09,0.0,INCONCLUSIVE,855.5,"change +0.0 m is inside the +/-6.4 m interval on the difference, and that band is wider than the 25% damage threshold (2.5 m here) -- damage cannot be ruled out at this precision"
17,17,1.0,5.41,5.41,0.0,INCONCLUSIVE,857.4,"change +0.0 m is inside the +/-6.4 m interval on the difference, and that band is wider than the 25% damage threshold (1.4 m here) -- damage cannot be ruled out at this precision"
15,15,1.0,4.85,4.85,0.0,INCONCLUSIVE,873.9,"change +0.0 m is inside the +/-6.4 m interval on the difference, and that band is wider than the 25% damage threshold (1.2 m here) -- damage cannot be ruled out at this precision"
14,14,1.0,1.83,1.83,0.0,INCONCLUSIVE,878.6,"change +0.0 m is inside the +/-6.4 m interval on the difference, and that band is wider than the 25% damage threshold (0.5 m here) -- damage cannot be ruled out at this precision"
12,12,1.0,6.09,6.09,0.0,INCONCLUSIVE,932.5,"change +0.0 m is inside the +/-6.4 m interval on the difference, and that band is wider than the 25% damage threshold (1.5 m here) -- damage cannot be ruled out at this precision"
10,10,1.0,3.71,3.71,0.0,INCONCLUSIVE,976.3,"change +0.0 m is inside the +/-6.4 m interval on the difference, and that band is wider than the 25% damage threshold (0.9 m here) -- damage cannot be ruled out at this precision"
9,9,1.0,4.72,4.72,0.0,INCONCLUSIVE,1023.5,"change +0.0 m is inside the +/-6.4 m interval on the difference, and that band is wider than the 25% damage threshold (1.2 m here) -- damage cannot be ruled out at this precision"
7,7,1.0,6.83,6.83,0.0,INCONCLUSIVE,1082.0,"change +0.0 m is inside the +/-6.4 m interval on the difference, and that band is wider than the 25% damage threshold (1.7 m here) -- damage cannot be ruled out at this precision"
6,6,1.0,2.74,2.74,0.0,INCONCLUSIVE,1225.0,"change +0.0 m is inside the +/-6.4 m interval on the difference, and that band is wider than the 25% damage threshold (0.7 m here) -- damage cannot be ruled out at this precision"
5,5,1.0,6.74,6.74,0.0,INCONCLUSIVE,1248.1,"change +0.0 m is inside the +/-6.4 m interval on the difference, and that band is wider than the 25% damage threshold (1.7 m here) -- damage cannot be ruled out at this precision"
4,4,1.0,7.31,7.31,0.0,INCONCLUSIVE,1342.2,"change +0.0 m is inside the +/-6.4 m interval on the difference, and that band is wider than the 25% damage threshold (1.8 m here) -- damage cannot be ruled out at this precision"
3,3,1.0,9.87,9.87,0.0,INCONCLUSIVE,1469.7,"change +0.0 m is inside the +/-6.4 m interval on the difference, and that band is wider than the 25% damage threshold (2.5 m here) -- damage cannot be ruled out at this precision"
2,2,1.0,5.74,5.74,0.0,INCONCLUSIVE,1503.3,"change +0.0 m is inside the +/-6.4 m interval on the difference, and that band is wider than the 25% damage threshold (1.4 m here) -- damage cannot be ruled out at this precision"
1,1,1.0,4.97,4.97,0.0,INCONCLUSIVE,3190.6,"change +0.0 m is inside the +/-6.4 m interval on the difference, and that band is wider than the 25% damage threshold (1.2 m here) -- damage cannot be ruled out at this precision"
0,0,1.0,5.59,5.59,0.0,INCONCLUSIVE,9487.4,"change +0.0 m is inside the +/-6.4 m interval on the difference, and that band is wider than the 25% damage threshold (1.4 m here) -- damage cannot be ruled out at this precision"
1232,1232,1.0,36.3,36.3,0.0,INTACT,11.3,"change +0.0 m within +/-6.4 m, and that band is tighter than the 25% damage threshold (9.1 m here) -- partial damage is ruled out, not merely undetected"
1223,1223,1.0,36.31,36.31,0.0,INTACT,11.5,"change +0.0 m within +/-6.4 m, and that band is tighter than the 25% damage threshold (9.1 m here) -- partial damage is ruled out, not merely undetected"
1209,1209,1.0,36.61,36.61,0.0,INTACT,11.7,"change +0.0 m within +/-6.4 m, and that band is tighter than the 25% damage threshold (9.2 m here) -- partial damage is ruled out, not merely undetected"
1191,1191,1.0,43.07,43.07,0.0,INTACT,12.0,"change +0.0 m within +/-6.4 m, and that band is tighter than the 25% damage threshold (10.8 m here) -- partial damage is ruled out, not merely undetected"
1190,1190,1.0,37.54,37.54,0.0,INTACT,12.0,"change +0.0 m within +/-6.4 m, and that band is tighter than the 25% damage threshold (9.4 m here) -- partial damage is ruled out, not merely undetected"
1188,1188,1.0,39.5,39.5,0.0,INTACT,12.0,"change +0.0 m within +/-6.4 m, and that band is tighter than the 25% damage threshold (9.9 m here) -- partial damage is ruled out, not merely undetected"
1186,1186,1.0,51.06,51.06,0.0,INTACT,12.0,"change +0.0 m within +/-6.4 m, and that band is tighter than the 25% damage threshold (12.8 m here) -- partial damage is ruled out, not merely undetected"
1185,1185,1.0,42.86,42.86,0.0,INTACT,12.0,"change +0.0 m within +/-6.4 m, and that band is tighter than the 25% damage threshold (10.7 m here) -- partial damage is ruled out, not merely undetected"
1184,1184,1.0,51.03,51.03,0.0,INTACT,12.1,"change +0.0 m within +/-6.4 m, and that band is tighter than the 25% damage threshold (12.8 m here) -- partial damage is ruled out, not merely undetected"
1180,1180,1.0,42.12,42.12,0.0,INTACT,12.2,"change +0.0 m within +/-6.4 m, and that band is tighter than the 25% damage threshold (10.5 m here) -- partial damage is ruled out, not merely undetected"
1175,1175,1.0,40.38,40.38,0.0,INTACT,12.3,"change +0.0 m within +/-6.4 m, and that band is tighter than the 25% damage threshold (10.1 m here) -- partial damage is ruled out, not merely undetected"
1174,1174,1.0,64.38,64.38,0.0,INTACT,12.3,"change +0.0 m within +/-6.4 m, and that band is tighter than the 25% damage threshold (16.1 m here) -- partial damage is ruled out, not merely undetected"
1170,1170,1.0,40.12,40.12,0.0,INTACT,12.4,"change +0.0 m within +/-6.4 m, and that band is tighter than the 25% damage threshold (10.0 m here) -- partial damage is ruled out, not merely undetected"
1169,1169,1.0,52.04,52.04,0.0,INTACT,12.4,"change +0.0 m within +/-6.4 m, and that band is tighter than the 25% damage threshold (13.0 m here) -- partial damage is ruled out, not merely undetected"
1167,1167,1.0,50.29,50.29,0.0,INTACT,12.4,"change +0.0 m within +/-6.4 m, and that band is tighter than the 25% damage threshold (12.6 m here) -- partial damage is ruled out, not merely undetected"
1160,1160,1.0,29.25,29.25,0.0,INTACT,12.5,"change +0.0 m within +/-6.4 m, and that band is tighter than the 25% damage threshold (7.3 m here) -- partial damage is ruled out, not merely undetected"
1159,1159,1.0,49.42,49.42,0.0,INTACT,12.5,"change +0.0 m within +/-6.4 m, and that band is tighter than the 25% damage threshold (12.4 m here) -- partial damage is ruled out, not merely undetected"
1157,1157,1.0,50.34,50.34,0.0,INTACT,12.6,"change +0.0 m within +/-6.4 m, and that band is tighter than the 25% damage threshold (12.6 m here) -- partial damage is ruled out, not merely undetected"
1156,1156,1.0,35.08,35.08,0.0,INTACT,12.7,"change +0.0 m within +/-6.4 m, and that band is tighter than the 25% damage threshold (8.8 m here) -- partial damage is ruled out, not merely undetected"
1155,1155,1.0,53.94,53.94,0.0,INTACT,12.7,"change +0.0 m within +/-6.4 m, and that band is tighter than the 25% damage threshold (13.5 m here) -- partial damage is ruled out, not merely undetected"
1153,1153,1.0,29.15,29.15,0.0,INTACT,12.7,"change +0.0 m within +/-6.4 m, and that band is tighter than the 25% damage threshold (7.3 m here) -- partial damage is ruled out, not merely undetected"
1151,1151,1.0,45.57,45.57,0.0,INTACT,12.8,"change +0.0 m within +/-6.4 m, and that band is tighter than the 25% damage threshold (11.4 m here) -- partial damage is ruled out, not merely undetected"
1150,1150,1.0,62.42,62.42,0.0,INTACT,12.8,"change +0.0 m within +/-6.4 m, and that band is tighter than the 25% damage threshold (15.6 m here) -- partial damage is ruled out, not merely undetected"
1149,1149,1.0,47.28,47.28,0.0,INTACT,12.8,"change +0.0 m within +/-6.4 m, and that band is tighter than the 25% damage threshold (11.8 m here) -- partial damage is ruled out, not merely undetected"
1144,1144,1.0,66.64,66.64,0.0,INTACT,12.9,"change +0.0 m within +/-6.4 m, and that band is tighter than the 25% damage threshold (16.7 m here) -- partial damage is ruled out, not merely undetected"
1143,1143,1.0,33.83,33.83,0.0,INTACT,12.9,"change +0.0 m within +/-6.4 m, and that band is tighter than the 25% damage threshold (8.5 m here) -- partial damage is ruled out, not merely undetected"
1142,1142,1.0,27.85,27.85,0.0,INTACT,12.9,"change +0.0 m within +/-6.4 m, and that band is tighter than the 25% damage threshold (7.0 m here) -- partial damage is ruled out, not merely undetected"
1130,1130,1.0,54.49,54.49,0.0,INTACT,13.1,"change +0.0 m within +/-6.4 m, and that band is tighter than the 25% damage threshold (13.6 m here) -- partial damage is ruled out, not merely undetected"
1127,1127,1.0,28.84,28.84,0.0,INTACT,13.2,"change +0.0 m within +/-6.4 m, and that band is tighter than the 25% damage threshold (7.2 m here) -- partial damage is ruled out, not merely undetected"
1126,1126,1.0,36.77,36.77,0.0,INTACT,13.3,"change +0.0 m within +/-6.4 m, and that band is tighter than the 25% damage threshold (9.2 m here) -- partial damage is ruled out, not merely undetected"
1115,1115,1.0,44.33,44.33,0.0,INTACT,13.5,"change +0.0 m within +/-6.4 m, and that band is tighter than the 25% damage threshold (11.1 m here) -- partial damage is ruled out, not merely undetected"
1114,1114,1.0,42.75,42.75,0.0,INTACT,13.5,"change +0.0 m within +/-6.4 m, and that band is tighter than the 25% damage threshold (10.7 m here) -- partial damage is ruled out, not merely undetected"
1109,1109,1.0,32.73,32.73,0.0,INTACT,13.6,"change +0.0 m within +/-6.4 m, and that band is tighter than the 25% damage threshold (8.2 m here) -- partial damage is ruled out, not merely undetected"
1107,1107,1.0,47.13,47.13,0.0,INTACT,13.6,"change +0.0 m within +/-6.4 m, and that band is tighter than the 25% damage threshold (11.8 m here) -- partial damage is ruled out, not merely undetected"
1105,1105,1.0,58.16,58.16,0.0,INTACT,13.6,"change +0.0 m within +/-6.4 m, and that band is tighter than the 25% damage threshold (14.5 m here) -- partial damage is ruled out, not merely undetected"
1095,1095,1.0,46.44,46.44,0.0,INTACT,13.8,"change +0.0 m within +/-6.4 m, and that band is tighter than the 25% damage threshold (11.6 m here) -- partial damage is ruled out, not merely undetected"
1094,1094,1.0,49.52,49.52,0.0,INTACT,13.9,"change +0.0 m within +/-6.4 m, and that band is tighter than the 25% damage threshold (12.4 m here) -- partial damage is ruled out, not merely undetected"
1091,1091,1.0,44.28,44.28,0.0,INTACT,13.9,"change +0.0 m within +/-6.4 m, and that band is tighter than the 25% damage threshold (11.1 m here) -- partial damage is ruled out, not merely undetected"
1086,1086,1.0,46.9,46.9,0.0,INTACT,14.0,"change +0.0 m within +/-6.4 m, and that band is tighter than the 25% damage threshold (11.7 m here) -- partial damage is ruled out, not merely undetected"
1085,1085,1.0,59.76,59.76,0.0,INTACT,14.1,"change +0.0 m within +/-6.4 m, and that band is tighter than the 25% damage threshold (14.9 m here) -- partial damage is ruled out, not merely undetected"
1083,1083,1.0,33.82,33.82,0.0,INTACT,14.1,"change +0.0 m within +/-6.4 m, and that band is tighter than the 25% damage threshold (8.5 m here) -- partial damage is ruled out, not merely undetected"
1082,1082,1.0,28.94,28.94,0.0,INTACT,14.2,"change +0.0 m within +/-6.4 m, and that band is tighter than the 25% damage threshold (7.2 m here) -- partial damage is ruled out, not merely undetected"
1081,1081,1.0,42.84,42.84,0.0,INTACT,14.2,"change +0.0 m within +/-6.4 m, and that band is tighter than the 25% damage threshold (10.7 m here) -- partial damage is ruled out, not merely undetected"
1077,1077,1.0,28.58,28.58,0.0,INTACT,14.4,"change +0.0 m within +/-6.4 m, and that band is tighter than the 25% damage threshold (7.1 m here) -- partial damage is ruled out, not merely undetected"
1074,1074,1.0,28.03,28.03,0.0,INTACT,14.4,"change +0.0 m within +/-6.4 m, and that band is tighter than the 25% damage threshold (7.0 m here) -- partial damage is ruled out, not merely undetected"
1069,1069,1.0,49.08,49.08,0.0,INTACT,14.7,"change +0.0 m within +/-6.4 m, and that band is tighter than the 25% damage threshold (12.3 m here) -- partial damage is ruled out, not merely undetected"
1064,1064,1.0,39.16,39.16,0.0,INTACT,14.8,"change +0.0 m within +/-6.4 m, and that band is tighter than the 25% damage threshold (9.8 m here) -- partial damage is ruled out, not merely undetected"
1056,1056,1.0,49.12,49.12,0.0,INTACT,15.0,"change +0.0 m within +/-6.4 m, and that band is tighter than the 25% damage threshold (12.3 m here) -- partial damage is ruled out, not merely undetected"
1055,1055,1.0,50.19,50.19,0.0,INTACT,15.2,"change +0.0 m within +/-6.4 m, and that band is tighter than the 25% damage threshold (12.5 m here) -- partial damage is ruled out, not merely undetected"
1049,1049,1.0,27.52,27.52,0.0,INTACT,15.3,"change +0.0 m within +/-6.4 m, and that band is tighter than the 25% damage threshold (6.9 m here) -- partial damage is ruled out, not merely undetected"
1046,1046,1.0,50.26,50.26,0.0,INTACT,15.3,"change +0.0 m within +/-6.4 m, and that band is tighter than the 25% damage threshold (12.6 m here) -- partial damage is ruled out, not merely undetected"
1044,1044,1.0,39.27,39.27,0.0,INTACT,15.5,"change +0.0 m within +/-6.4 m, and that band is tighter than the 25% damage threshold (9.8 m here) -- partial damage is ruled out, not merely undetected"
1037,1037,1.0,43.68,43.68,0.0,INTACT,15.6,"change +0.0 m within +/-6.4 m, and that band is tighter than the 25% damage threshold (10.9 m here) -- partial damage is ruled out, not merely undetected"
1036,1036,1.0,33.59,33.59,0.0,INTACT,15.6,"change +0.0 m within +/-6.4 m, and that band is tighter than the 25% damage threshold (8.4 m here) -- partial damage is ruled out, not merely undetected"
1028,1028,1.0,49.06,49.06,0.0,INTACT,15.8,"change +0.0 m within +/-6.4 m, and that band is tighter than the 25% damage threshold (12.3 m here) -- partial damage is ruled out, not merely undetected"
1018,1018,1.0,39.43,39.43,0.0,INTACT,16.2,"change +0.0 m within +/-6.4 m, and that band is tighter than the 25% damage threshold (9.9 m here) -- partial damage is ruled out, not merely undetected"
1014,1014,1.0,43.81,43.81,0.0,INTACT,16.3,"change +0.0 m within +/-6.4 m, and that band is tighter than the 25% damage threshold (11.0 m here) -- partial damage is ruled out, not merely undetected"
999,999,1.0,31.2,31.2,0.0,INTACT,16.7,"change +0.0 m within +/-6.4 m, and that band is tighter than the 25% damage threshold (7.8 m here) -- partial damage is ruled out, not merely undetected"
993,993,1.0,32.78,32.78,0.0,INTACT,16.8,"change +0.0 m within +/-6.4 m, and that band is tighter than the 25% damage threshold (8.2 m here) -- partial damage is ruled out, not merely undetected"
986,986,1.0,45.71,45.71,0.0,INTACT,16.9,"change +0.0 m within +/-6.4 m, and that band is tighter than the 25% damage threshold (11.4 m here) -- partial damage is ruled out, not merely undetected"
983,983,1.0,58.62,58.62,0.0,INTACT,17.0,"change +0.0 m within +/-6.4 m, and that band is tighter than the 25% damage threshold (14.7 m here) -- partial damage is ruled out, not merely undetected"
975,975,1.0,45.13,45.13,0.0,INTACT,17.3,"change +0.0 m within +/-6.4 m, and that band is tighter than the 25% damage threshold (11.3 m here) -- partial damage is ruled out, not merely undetected"
967,967,1.0,25.68,25.68,0.0,INTACT,17.6,"change +0.0 m within +/-6.4 m, and that band is tighter than the 25% damage threshold (6.4 m here) -- partial damage is ruled out, not merely undetected"
964,964,1.0,45.7,45.7,0.0,INTACT,17.7,"change +0.0 m within +/-6.4 m, and that band is tighter than the 25% damage threshold (11.4 m here) -- partial damage is ruled out, not merely undetected"
960,960,1.0,45.06,45.06,0.0,INTACT,17.9,"change +0.0 m within +/-6.4 m, and that band is tighter than the 25% damage threshold (11.3 m here) -- partial damage is ruled out, not merely undetected"
955,955,1.0,45.54,45.54,0.0,INTACT,18.2,"change +0.0 m within +/-6.4 m, and that band is tighter than the 25% damage threshold (11.4 m here) -- partial damage is ruled out, not merely undetected"
953,953,1.0,45.64,45.64,0.0,INTACT,18.2,"change +0.0 m within +/-6.4 m, and that band is tighter than the 25% damage threshold (11.4 m here) -- partial damage is ruled out, not merely undetected"
939,939,1.0,26.4,26.4,0.0,INTACT,18.6,"change +0.0 m within +/-6.4 m, and that band is tighter than the 25% damage threshold (6.6 m here) -- partial damage is ruled out, not merely undetected"
938,938,1.0,26.06,26.06,0.0,INTACT,18.6,"change +0.0 m within +/-6.4 m, and that band is tighter than the 25% damage threshold (6.5 m here) -- partial damage is ruled out, not merely undetected"
937,937,1.0,56.64,56.64,0.0,INTACT,18.6,"change +0.0 m within +/-6.4 m, and that band is tighter than the 25% damage threshold (14.2 m here) -- partial damage is ruled out, not merely undetected"
936,936,1.0,26.28,26.28,0.0,INTACT,18.6,"change +0.0 m within +/-6.4 m, and that band is tighter than the 25% damage threshold (6.6 m here) -- partial damage is ruled out, not merely undetected"
933,933,1.0,45.81,45.81,0.0,INTACT,18.6,"change +0.0 m within +/-6.4 m, and that band is tighter than the 25% damage threshold (11.5 m here) -- partial damage is ruled out, not merely undetected"
925,925,1.0,31.93,31.93,0.0,INTACT,19.2,"change +0.0 m within +/-6.4 m, and that band is tighter than the 25% damage threshold (8.0 m here) -- partial damage is ruled out, not merely undetected"
922,922,1.0,43.83,43.83,0.0,INTACT,19.3,"change +0.0 m within +/-6.4 m, and that band is tighter than the 25% damage threshold (11.0 m here) -- partial damage is ruled out, not merely undetected"
919,919,1.0,53.32,53.32,0.0,INTACT,19.5,"change +0.0 m within +/-6.4 m, and that band is tighter than the 25% damage threshold (13.3 m here) -- partial damage is ruled out, not merely undetected"
917,917,1.0,34.73,34.73,0.0,INTACT,19.5,"change +0.0 m within +/-6.4 m, and that band is tighter than the 25% damage threshold (8.7 m here) -- partial damage is ruled out, not merely undetected"
913,913,1.0,45.81,45.81,0.0,INTACT,19.6,"change +0.0 m within +/-6.4 m, and that band is tighter than the 25% damage threshold (11.5 m here) -- partial damage is ruled out, not merely undetected"
908,908,1.0,32.84,32.84,0.0,INTACT,19.7,"change +0.0 m within +/-6.4 m, and that band is tighter than the 25% damage threshold (8.2 m here) -- partial damage is ruled out, not merely undetected"
902,902,1.0,27.14,27.14,0.0,INTACT,19.8,"change +0.0 m within +/-6.4 m, and that band is tighter than the 25% damage threshold (6.8 m here) -- partial damage is ruled out, not merely undetected"
900,900,1.0,27.65,27.65,0.0,INTACT,19.8,"change +0.0 m within +/-6.4 m, and that band is tighter than the 25% damage threshold (6.9 m here) -- partial damage is ruled out, not merely undetected"
898,898,1.0,43.24,43.24,0.0,INTACT,19.9,"change +0.0 m within +/-6.4 m, and that band is tighter than the 25% damage threshold (10.8 m here) -- partial damage is ruled out, not merely undetected"
897,897,1.0,26.25,26.25,0.0,INTACT,20.0,"change +0.0 m within +/-6.4 m, and that band is tighter than the 25% damage threshold (6.6 m here) -- partial damage is ruled out, not merely undetected"
896,896,1.0,26.1,26.1,0.0,INTACT,20.0,"change +0.0 m within +/-6.4 m, and that band is tighter than the 25% damage threshold (6.5 m here) -- partial damage is ruled out, not merely undetected"
895,895,1.0,51.88,51.88,0.0,INTACT,20.0,"change +0.0 m within +/-6.4 m, and that band is tighter than the 25% damage threshold (13.0 m here) -- partial damage is ruled out, not merely undetected"
892,892,1.0,28.32,28.32,0.0,INTACT,20.2,"change +0.0 m within +/-6.4 m, and that band is tighter than the 25% damage threshold (7.1 m here) -- partial damage is ruled out, not merely undetected"
885,885,1.0,45.81,45.81,0.0,INTACT,20.4,"change +0.0 m within +/-6.4 m, and that band is tighter than the 25% damage threshold (11.5 m here) -- partial damage is ruled out, not merely undetected"
881,881,1.0,32.81,32.81,0.0,INTACT,20.6,"change +0.0 m within +/-6.4 m, and that band is tighter than the 25% damage threshold (8.2 m here) -- partial damage is ruled out, not merely undetected"
879,879,1.0,27.43,27.43,0.0,INTACT,20.6,"change +0.0 m within +/-6.4 m, and that band is tighter than the 25% damage threshold (6.9 m here) -- partial damage is ruled out, not merely undetected"
876,876,1.0,31.98,31.98,0.0,INTACT,20.8,"change +0.0 m within +/-6.4 m, and that band is tighter than the 25% damage threshold (8.0 m here) -- partial damage is ruled out, not merely undetected"
874,874,1.0,26.98,26.98,0.0,INTACT,20.9,"change +0.0 m within +/-6.4 m, and that band is tighter than the 25% damage threshold (6.7 m here) -- partial damage is ruled out, not merely undetected"
873,873,1.0,30.64,30.64,0.0,INTACT,20.9,"change +0.0 m within +/-6.4 m, and that band is tighter than the 25% damage threshold (7.7 m here) -- partial damage is ruled out, not merely undetected"
869,869,1.0,45.61,45.61,0.0,INTACT,21.0,"change +0.0 m within +/-6.4 m, and that band is tighter than the 25% damage threshold (11.4 m here) -- partial damage is ruled out, not merely undetected"
868,868,1.0,31.66,31.66,0.0,INTACT,21.0,"change +0.0 m within +/-6.4 m, and that band is tighter than the 25% damage threshold (7.9 m here) -- partial damage is ruled out, not merely undetected"
863,863,1.0,32.14,32.14,0.0,INTACT,21.2,"change +0.0 m within +/-6.4 m, and that band is tighter than the 25% damage threshold (8.0 m here) -- partial damage is ruled out, not merely undetected"
859,859,1.0,48.04,48.04,0.0,INTACT,21.4,"change +0.0 m within +/-6.4 m, and that band is tighter than the 25% damage threshold (12.0 m here) -- partial damage is ruled out, not merely undetected"
858,858,1.0,31.82,31.82,0.0,INTACT,21.4,"change +0.0 m within +/-6.4 m, and that band is tighter than the 25% damage threshold (8.0 m here) -- partial damage is ruled out, not merely undetected"
850,850,1.0,30.13,30.13,0.0,INTACT,21.8,"change +0.0 m within +/-6.4 m, and that band is tighter than the 25% damage threshold (7.5 m here) -- partial damage is ruled out, not merely undetected"
849,849,1.0,31.48,31.48,0.0,INTACT,22.0,"change +0.0 m within +/-6.4 m, and that band is tighter than the 25% damage threshold (7.9 m here) -- partial damage is ruled out, not merely undetected"
848,848,1.0,29.96,29.96,0.0,INTACT,22.0,"change +0.0 m within +/-6.4 m, and that band is tighter than the 25% damage threshold (7.5 m here) -- partial damage is ruled out, not merely undetected"
845,845,1.0,46.02,46.02,0.0,INTACT,22.2,"change +0.0 m within +/-6.4 m, and that band is tighter than the 25% damage threshold (11.5 m here) -- partial damage is ruled out, not merely undetected"
844,844,1.0,31.36,31.36,0.0,INTACT,22.2,"change +0.0 m within +/-6.4 m, and that band is tighter than the 25% damage threshold (7.8 m here) -- partial damage is ruled out, not merely undetected"
839,839,1.0,45.49,45.49,0.0,INTACT,22.6,"change +0.0 m within +/-6.4 m, and that band is tighter than the 25% damage threshold (11.4 m here) -- partial damage is ruled out, not merely undetected"
836,836,1.0,30.64,30.64,0.0,INTACT,22.7,"change +0.0 m within +/-6.4 m, and that band is tighter than the 25% damage threshold (7.7 m here) -- partial damage is ruled out, not merely undetected"
827,827,1.0,31.34,31.34,0.0,INTACT,23.2,"change +0.0 m within +/-6.4 m, and that band is tighter than the 25% damage threshold (7.8 m here) -- partial damage is ruled out, not merely undetected"
817,817,1.0,30.09,30.09,0.0,INTACT,23.5,"change +0.0 m within +/-6.4 m, and that band is tighter than the 25% damage threshold (7.5 m here) -- partial damage is ruled out, not merely undetected"
804,804,1.0,29.45,29.45,0.0,INTACT,24.5,"change +0.0 m within +/-6.4 m, and that band is tighter than the 25% damage threshold (7.4 m here) -- partial damage is ruled out, not merely undetected"
777,777,1.0,29.47,29.47,0.0,INTACT,26.2,"change +0.0 m within +/-6.4 m, and that band is tighter than the 25% damage threshold (7.4 m here) -- partial damage is ruled out, not merely undetected"
775,775,1.0,27.36,27.36,0.0,INTACT,26.4,"change +0.0 m within +/-6.4 m, and that band is tighter than the 25% damage threshold (6.8 m here) -- partial damage is ruled out, not merely undetected"
772,772,1.0,81.97,81.97,0.0,INTACT,26.5,"change +0.0 m within +/-6.4 m, and that band is tighter than the 25% damage threshold (20.5 m here) -- partial damage is ruled out, not merely undetected"
766,766,1.0,82.0,82.0,0.0,INTACT,26.9,"change +0.0 m within +/-6.4 m, and that band is tighter than the 25% damage threshold (20.5 m here) -- partial damage is ruled out, not merely undetected"
763,763,1.0,79.78,79.78,0.0,INTACT,27.0,"change +0.0 m within +/-6.4 m, and that band is tighter than the 25% damage threshold (19.9 m here) -- partial damage is ruled out, not merely undetected"
761,761,1.0,82.68,82.68,0.0,INTACT,27.1,"change +0.0 m within +/-6.4 m, and that band is tighter than the 25% damage threshold (20.7 m here) -- partial damage is ruled out, not merely undetected"
753,753,1.0,79.38,79.38,0.0,INTACT,27.7,"change +0.0 m within +/-6.4 m, and that band is tighter than the 25% damage threshold (19.8 m here) -- partial damage is ruled out, not merely undetected"
752,752,1.0,79.95,79.95,0.0,INTACT,27.8,"change +0.0 m within +/-6.4 m, and that band is tighter than the 25% damage threshold (20.0 m here) -- partial damage is ruled out, not merely undetected"
748,748,1.0,82.71,82.71,0.0,INTACT,28.1,"change +0.0 m within +/-6.4 m, and that band is tighter than the 25% damage threshold (20.7 m here) -- partial damage is ruled out, not merely undetected"
734,734,1.0,82.49,82.49,0.0,INTACT,28.7,"change +0.0 m within +/-6.4 m, and that band is tighter than the 25% damage threshold (20.6 m here) -- partial damage is ruled out, not merely undetected"
731,731,1.0,43.05,43.05,0.0,INTACT,28.9,"change +0.0 m within +/-6.4 m, and that band is tighter than the 25% damage threshold (10.8 m here) -- partial damage is ruled out, not merely undetected"
728,728,1.0,80.43,80.43,0.0,INTACT,29.1,"change +0.0 m within +/-6.4 m, and that band is tighter than the 25% damage threshold (20.1 m here) -- partial damage is ruled out, not merely undetected"
721,721,1.0,35.02,35.02,0.0,INTACT,29.3,"change +0.0 m within +/-6.4 m, and that band is tighter than the 25% damage threshold (8.8 m here) -- partial damage is ruled out, not merely undetected"
716,716,1.0,26.66,26.66,0.0,INTACT,30.0,"change +0.0 m within +/-6.4 m, and that band is tighter than the 25% damage threshold (6.7 m here) -- partial damage is ruled out, not merely undetected"
710,710,1.0,83.18,83.18,0.0,INTACT,30.3,"change +0.0 m within +/-6.4 m, and that band is tighter than the 25% damage threshold (20.8 m here) -- partial damage is ruled out, not merely undetected"
704,704,1.0,82.8,82.8,0.0,INTACT,30.7,"change +0.0 m within +/-6.4 m, and that band is tighter than the 25% damage threshold (20.7 m here) -- partial damage is ruled out, not merely undetected"
703,703,1.0,43.99,43.99,0.0,INTACT,30.8,"change +0.0 m within +/-6.4 m, and that band is tighter than the 25% damage threshold (11.0 m here) -- partial damage is ruled out, not merely undetected"
702,702,1.0,33.49,33.49,0.0,INTACT,30.8,"change +0.0 m within +/-6.4 m, and that band is tighter than the 25% damage threshold (8.4 m here) -- partial damage is ruled out, not merely undetected"
697,697,1.0,27.87,27.87,0.0,INTACT,31.2,"change +0.0 m within +/-6.4 m, and that band is tighter than the 25% damage threshold (7.0 m here) -- partial damage is ruled out, not merely undetected"
690,690,1.0,82.92,82.92,0.0,INTACT,32.1,"change +0.0 m within +/-6.4 m, and that band is tighter than the 25% damage threshold (20.7 m here) -- partial damage is ruled out, not merely undetected"
687,687,1.0,70.73,70.73,0.0,INTACT,32.5,"change +0.0 m within +/-6.4 m, and that band is tighter than the 25% damage threshold (17.7 m here) -- partial damage is ruled out, not merely undetected"
686,686,1.0,26.02,26.02,0.0,INTACT,32.5,"change +0.0 m within +/-6.4 m, and that band is tighter than the 25% damage threshold (6.5 m here) -- partial damage is ruled out, not merely undetected"
678,678,1.0,31.0,31.0,0.0,INTACT,33.5,"change +0.0 m within +/-6.4 m, and that band is tighter than the 25% damage threshold (7.8 m here) -- partial damage is ruled out, not merely undetected"
677,677,1.0,83.14,83.14,0.0,INTACT,33.7,"change +0.0 m within +/-6.4 m, and that band is tighter than the 25% damage threshold (20.8 m here) -- partial damage is ruled out, not merely undetected"
676,676,1.0,25.7,25.7,0.0,INTACT,33.7,"change +0.0 m within +/-6.4 m, and that band is tighter than the 25% damage threshold (6.4 m here) -- partial damage is ruled out, not merely undetected"
659,659,1.0,28.06,28.06,0.0,INTACT,35.5,"change +0.0 m within +/-6.4 m, and that band is tighter than the 25% damage threshold (7.0 m here) -- partial damage is ruled out, not merely undetected"
645,645,1.0,28.16,28.16,0.0,INTACT,37.2,"change +0.0 m within +/-6.4 m, and that band is tighter than the 25% damage threshold (7.0 m here) -- partial damage is ruled out, not merely undetected"
643,643,1.0,81.09,81.09,0.0,INTACT,37.9,"change +0.0 m within +/-6.4 m, and that band is tighter than the 25% damage threshold (20.3 m here) -- partial damage is ruled out, not merely undetected"
642,642,1.0,53.01,53.01,0.0,INTACT,37.9,"change +0.0 m within +/-6.4 m, and that band is tighter than the 25% damage threshold (13.3 m here) -- partial damage is ruled out, not merely undetected"
639,639,1.0,36.31,36.31,0.0,INTACT,38.0,"change +0.0 m within +/-6.4 m, and that band is tighter than the 25% damage threshold (9.1 m here) -- partial damage is ruled out, not merely undetected"
634,634,1.0,83.16,83.16,0.0,INTACT,38.5,"change +0.0 m within +/-6.4 m, and that band is tighter than the 25% damage threshold (20.8 m here) -- partial damage is ruled out, not merely undetected"
632,632,1.0,26.14,26.14,0.0,INTACT,38.7,"change +0.0 m within +/-6.4 m, and that band is tighter than the 25% damage threshold (6.5 m here) -- partial damage is ruled out, not merely undetected"
630,630,1.0,80.83,80.83,0.0,INTACT,38.9,"change +0.0 m within +/-6.4 m, and that band is tighter than the 25% damage threshold (20.2 m here) -- partial damage is ruled out, not merely undetected"
625,625,1.0,53.1,53.1,0.0,INTACT,39.8,"change +0.0 m within +/-6.4 m, and that band is tighter than the 25% damage threshold (13.3 m here) -- partial damage is ruled out, not merely undetected"
623,623,1.0,53.86,53.86,0.0,INTACT,39.8,"change +0.0 m within +/-6.4 m, and that band is tighter than the 25% damage threshold (13.5 m here) -- partial damage is ruled out, not merely undetected"
620,620,1.0,51.27,51.27,0.0,INTACT,40.1,"change +0.0 m within +/-6.4 m, and that band is tighter than the 25% damage threshold (12.8 m here) -- partial damage is ruled out, not merely undetected"
619,619,1.0,83.22,83.22,0.0,INTACT,40.2,"change +0.0 m within +/-6.4 m, and that band is tighter than the 25% damage threshold (20.8 m here) -- partial damage is ruled out, not merely undetected"
614,614,1.0,55.32,55.32,0.0,INTACT,40.6,"change +0.0 m within +/-6.4 m, and that band is tighter than the 25% damage threshold (13.8 m here) -- partial damage is ruled out, not merely undetected"
607,607,1.0,53.6,53.6,0.0,INTACT,41.1,"change +0.0 m within +/-6.4 m, and that band is tighter than the 25% damage threshold (13.4 m here) -- partial damage is ruled out, not merely undetected"
600,600,1.0,39.86,39.86,0.0,INTACT,42.2,"change +0.0 m within +/-6.4 m, and that band is tighter than the 25% damage threshold (10.0 m here) -- partial damage is ruled out, not merely undetected"
599,599,1.0,69.28,69.28,0.0,INTACT,42.4,"change +0.0 m within +/-6.4 m, and that band is tighter than the 25% damage threshold (17.3 m here) -- partial damage is ruled out, not merely undetected"
595,595,1.0,32.94,32.94,0.0,INTACT,42.8,"change +0.0 m within +/-6.4 m, and that band is tighter than the 25% damage threshold (8.2 m here) -- partial damage is ruled out, not merely undetected"
590,590,1.0,49.66,49.66,0.0,INTACT,43.0,"change +0.0 m within +/-6.4 m, and that band is tighter than the 25% damage threshold (12.4 m here) -- partial damage is ruled out, not merely undetected"
586,586,1.0,26.12,26.12,0.0,INTACT,43.6,"change +0.0 m within +/-6.4 m, and that band is tighter than the 25% damage threshold (6.5 m here) -- partial damage is ruled out, not merely undetected"
578,578,1.0,53.46,53.46,0.0,INTACT,44.6,"change +0.0 m within +/-6.4 m, and that band is tighter than the 25% damage threshold (13.4 m here) -- partial damage is ruled out, not merely undetected"
577,577,1.0,36.58,36.58,0.0,INTACT,44.7,"change +0.0 m within +/-6.4 m, and that band is tighter than the 25% damage threshold (9.1 m here) -- partial damage is ruled out, not merely undetected"
566,566,1.0,53.75,53.75,0.0,INTACT,45.8,"change +0.0 m within +/-6.4 m, and that band is tighter than the 25% damage threshold (13.4 m here) -- partial damage is ruled out, not merely undetected"
565,565,1.0,53.58,53.58,0.0,INTACT,45.9,"change +0.0 m within +/-6.4 m, and that band is tighter than the 25% damage threshold (13.4 m here) -- partial damage is ruled out, not merely undetected"
526,526,1.0,71.32,71.32,0.0,INTACT,53.6,"change +0.0 m within +/-6.4 m, and that band is tighter than the 25% damage threshold (17.8 m here) -- partial damage is ruled out, not merely undetected"
518,518,1.0,68.86,68.86,0.0,INTACT,54.6,"change +0.0 m within +/-6.4 m, and that band is tighter than the 25% damage threshold (17.2 m here) -- partial damage is ruled out, not merely undetected"
510,510,1.0,69.11,69.11,0.0,INTACT,55.4,"change +0.0 m within +/-6.4 m, and that band is tighter than the 25% damage threshold (17.3 m here) -- partial damage is ruled out, not merely undetected"
509,509,1.0,66.17,66.17,0.0,INTACT,55.6,"change +0.0 m within +/-6.4 m, and that band is tighter than the 25% damage threshold (16.5 m here) -- partial damage is ruled out, not merely undetected"
504,504,1.0,64.08,64.08,0.0,INTACT,56.6,"change +0.0 m within +/-6.4 m, and that band is tighter than the 25% damage threshold (16.0 m here) -- partial damage is ruled out, not merely undetected"
495,495,1.0,32.15,32.15,0.0,INTACT,58.1,"change +0.0 m within +/-6.4 m, and that band is tighter than the 25% damage threshold (8.0 m here) -- partial damage is ruled out, not merely undetected"
466,466,1.0,34.5,34.5,0.0,INTACT,66.4,"change +0.0 m within +/-6.4 m, and that band is tighter than the 25% damage threshold (8.6 m here) -- partial damage is ruled out, not merely undetected"
457,457,1.0,42.61,42.61,0.0,INTACT,70.8,"change +0.0 m within +/-6.4 m, and that band is tighter than the 25% damage threshold (10.7 m here) -- partial damage is ruled out, not merely undetected"
454,454,1.0,32.51,32.51,0.0,INTACT,71.4,"change +0.0 m within +/-6.4 m, and that band is tighter than the 25% damage threshold (8.1 m here) -- partial damage is ruled out, not merely undetected"
447,447,1.0,32.38,32.38,0.0,INTACT,73.8,"change +0.0 m within +/-6.4 m, and that band is tighter than the 25% damage threshold (8.1 m here) -- partial damage is ruled out, not merely undetected"
444,444,1.0,44.92,44.92,0.0,INTACT,74.5,"change +0.0 m within +/-6.4 m, and that band is tighter than the 25% damage threshold (11.2 m here) -- partial damage is ruled out, not merely undetected"
442,442,1.0,31.03,31.03,0.0,INTACT,75.3,"change +0.0 m within +/-6.4 m, and that band is tighter than the 25% damage threshold (7.8 m here) -- partial damage is ruled out, not merely undetected"
436,436,1.0,71.26,71.26,0.0,INTACT,76.2,"change +0.0 m within +/-6.4 m, and that band is tighter than the 25% damage threshold (17.8 m here) -- partial damage is ruled out, not merely undetected"
434,434,1.0,26.04,26.04,0.0,INTACT,76.5,"change +0.0 m within +/-6.4 m, and that band is tighter than the 25% damage threshold (6.5 m here) -- partial damage is ruled out, not merely undetected"
431,431,1.0,34.63,34.63,0.0,INTACT,77.3,"change +0.0 m within +/-6.4 m, and that band is tighter than the 25% damage threshold (8.7 m here) -- partial damage is ruled out, not merely undetected"
417,417,1.0,26.38,26.38,0.0,INTACT,80.8,"change +0.0 m within +/-6.4 m, and that band is tighter than the 25% damage threshold (6.6 m here) -- partial damage is ruled out, not merely undetected"
402,402,1.0,26.28,26.28,0.0,INTACT,85.9,"change +0.0 m within +/-6.4 m, and that band is tighter than the 25% damage threshold (6.6 m here) -- partial damage is ruled out, not merely undetected"
394,394,1.0,26.09,26.09,0.0,INTACT,88.6,"change +0.0 m within +/-6.4 m, and that band is tighter than the 25% damage threshold (6.5 m here) -- partial damage is ruled out, not merely undetected"
389,389,1.0,49.45,49.45,0.0,INTACT,90.0,"change +0.0 m within +/-6.4 m, and that band is tighter than the 25% damage threshold (12.4 m here) -- partial damage is ruled out, not merely undetected"
386,386,1.0,26.82,26.82,0.0,INTACT,91.0,"change +0.0 m within +/-6.4 m, and that band is tighter than the 25% damage threshold (6.7 m here) -- partial damage is ruled out, not merely undetected"
383,383,1.0,27.86,27.86,0.0,INTACT,92.2,"change +0.0 m within +/-6.4 m, and that band is tighter than the 25% damage threshold (7.0 m here) -- partial damage is ruled out, not merely undetected"
379,379,1.0,27.09,27.09,0.0,INTACT,94.2,"change +0.0 m within +/-6.4 m, and that band is tighter than the 25% damage threshold (6.8 m here) -- partial damage is ruled out, not merely undetected"
377,377,1.0,26.29,26.29,0.0,INTACT,94.8,"change +0.0 m within +/-6.4 m, and that band is tighter than the 25% damage threshold (6.6 m here) -- partial damage is ruled out, not merely undetected"
374,374,1.0,29.63,29.63,0.0,INTACT,95.6,"change +0.0 m within +/-6.4 m, and that band is tighter than the 25% damage threshold (7.4 m here) -- partial damage is ruled out, not merely undetected"
361,361,1.0,28.93,28.93,0.0,INTACT,101.2,"change +0.0 m within +/-6.4 m, and that band is tighter than the 25% damage threshold (7.2 m here) -- partial damage is ruled out, not merely undetected"
343,343,1.0,34.11,34.11,0.0,INTACT,109.7,"change +0.0 m within +/-6.4 m, and that band is tighter than the 25% damage threshold (8.5 m here) -- partial damage is ruled out, not merely undetected"
332,332,1.0,49.99,49.99,0.0,INTACT,113.5,"change +0.0 m within +/-6.4 m, and that band is tighter than the 25% damage threshold (12.5 m here) -- partial damage is ruled out, not merely undetected"
329,329,1.0,28.97,28.97,0.0,INTACT,115.2,"change +0.0 m within +/-6.4 m, and that band is tighter than the 25% damage threshold (7.2 m here) -- partial damage is ruled out, not merely undetected"
269,269,1.0,35.61,35.61,0.0,INTACT,154.7,"change +0.0 m within +/-6.4 m, and that band is tighter than the 25% damage threshold (8.9 m here) -- partial damage is ruled out, not merely undetected"
254,254,1.0,29.37,29.37,0.0,INTACT,162.4,"change +0.0 m within +/-6.4 m, and that band is tighter than the 25% damage threshold (7.3 m here) -- partial damage is ruled out, not merely undetected"
225,225,1.0,27.46,27.46,0.0,INTACT,189.5,"change +0.0 m within +/-6.4 m, and that band is tighter than the 25% damage threshold (6.9 m here) -- partial damage is ruled out, not merely undetected"
199,199,1.0,36.0,36.0,0.0,INTACT,215.4,"change +0.0 m within +/-6.4 m, and that band is tighter than the 25% damage threshold (9.0 m here) -- partial damage is ruled out, not merely undetected"
193,193,1.0,55.86,55.86,0.0,INTACT,217.3,"change +0.0 m within +/-6.4 m, and that band is tighter than the 25% damage threshold (14.0 m here) -- partial damage is ruled out, not merely undetected"
