{"type": "FeatureCollection", "crs": {"type": "name", "properties": {"name": "EPSG:32644"}}, "coordinates_note": "map coordinates in the source CRS", "features": [{"type": "Feature", "geometry": {"type": "Polygon", "coordinates": [[[699825.6910466477, 2795654.573757764], [699825.968165153, 2795649.1786767757], [699833.628023058, 2795649.5845344844], [699830.3444693548, 2795651.9275258062], [699831.3408417543, 2795654.8731132485], [699825.6910466477, 2795654.573757764]]]}, "properties": {"id": 0, "height_m": 15.29, "interval_half_width_m": null, "coverage_nominal": null, "area_m2": null, "perimeter_m": null, "size_class": null, "confidence": null, "provenance": null, "evidence": null, "height_is_metric": false}}, {"type": "Feature", "geometry": {"type": "Polygon", "coordinates": [[[699896.6370078321, 2795650.9236778673], [699904.9688727722, 2795649.938360951], [699905.4459493225, 2795654.3774980917], [699897.0641902346, 2795655.2204510528], [699896.6370078321, 2795650.9236778673]]]}, "properties": {"id": 1, "height_m": 25.27, "interval_half_width_m": null, "coverage_nominal": null, "area_m2": null, "perimeter_m": null, "size_class": null, "confidence": null, "provenance": null, "evidence": null, "height_is_metric": false}}, {"type": "Feature", "geometry": {"type": "Polygon", "coordinates": [[[699904.0785902839, 2795652.0958377346], [699904.8632406053, 2795648.213476775], [699911.841051613, 2795644.677829839], [699913.0264419644, 2795648.9716208307], [699913.644900525, 2795644.8973145], [699926.1010889623, 2795647.414250153], [699917.0817223366, 2795654.723294361], [699904.0785902839, 2795652.0958377346]]]}, "properties": {"id": 96, "height_m": 27.88, "interval_half_width_m": null, "coverage_nominal": null, "area_m2": 322.6, "perimeter_m": 123.2, "size_class": "medium", "confidence": 0.999, "provenance": "INFERRED", "evidence": {"height": 1.0, "edge": 1.0, "texture": 0.988, "shadow": 1.0}, "height_is_metric": false}}, {"type": "Feature", "geometry": {"type": "Polygon", "coordinates": [[[699961.3035006096, 2795634.3955404838], [699977.4642303439, 2795621.801179969], [699982.5203384951, 2795645.6451011333], [700008.3331597851, 2795639.705208558], [700011.2343747861, 2795649.954596575], [699966.9223903351, 2795659.8160556857], [699961.3035006096, 2795634.3955404838]]]}, "properties": {"id": 3, "height_m": 39.59, "interval_half_width_m": null, "coverage_nominal": null, "area_m2": null, "perimeter_m": null, "size_class": null, "confidence": null, "provenance": null, "evidence": null, "height_is_metric": false}}, {"type": "Feature", "geometry": {"type": "Polygon", "coordinates": [[[700017.1005533353, 2795654.676664116], [700006.1180427201, 2795647.474674331], [700005.5297190041, 2795636.8171518035], [700016.0991915211, 2795636.2429762064], [700017.1005533353, 2795654.676664116]]]}, "properties": {"id": 4, "height_m": 40.9, "interval_half_width_m": null, "coverage_nominal": null, "area_m2": null, "perimeter_m": null, "size_class": null, "confidence": null, "provenance": null, "evidence": null, "height_is_metric": false}}, {"type": "Feature", "geometry": {"type": "Polygon", "coordinates": [[[699867.2656809909, 2795653.3736635037], [699867.6881486253, 2795651.4840775016], [699874.3816240228, 2795652.7476723045], [699873.785640716, 2795654.604501325], [699867.2656809909, 2795653.3736635037]]]}, "properties": {"id": 516, "height_m": 20.3, "interval_half_width_m": null, "coverage_nominal": null, "area_m2": 6.0, "perimeter_m": 12.3, "size_class": "tiny", "confidence": 0.499, "provenance": "INFERRED", "evidence": {"height": 0.272, "edge": 1.0, "texture": 1.0, "shadow": 0.0}, "height_is_metric": false}}, {"type": "Feature", "geometry": {"type": "Polygon", "coordinates": [[[699866.2519295594, 2795653.6846735766], [699866.4307855841, 2795646.001733668], [699870.7577678188, 2795646.052449849], [699870.6282413903, 2795648.788177825], [699873.4008149356, 2795648.8322381144], [699873.3497764266, 2795651.2559085693], [699868.0803593498, 2795651.128243635], [699866.2519295594, 2795653.6846735766]]]}, "properties": {"id": 129, "height_m": 20.17, "interval_half_width_m": null, "coverage_nominal": null, "area_m2": 200.4, "perimeter_m": 91.0, "size_class": "medium", "confidence": 0.871, "provenance": "INFERRED", "evidence": {"height": 1.0, "edge": 0.885, "texture": 1.0, "shadow": 0.0}, "height_is_metric": false}}, {"type": "Feature", "geometry": {"type": "Polygon", "coordinates": [[[699897.5042657732, 2795650.204599919], [699897.1549914804, 2795639.5119221387], [699901.6288944334, 2795639.4521187767], [699901.0245496607, 2795621.944816371], [699904.5242808214, 2795621.7635266716], [699905.4620008954, 2795649.9418908283], [699897.5042657732, 2795650.204599919]]]}, "properties": {"id": 7, "height_m": 25.33, "interval_half_width_m": null, "coverage_nominal": null, "area_m2": null, "perimeter_m": null, "size_class": null, "confidence": null, "provenance": null, "evidence": null, "height_is_metric": false}}, {"type": "Feature", "geometry": {"type": "Polygon", "coordinates": [[[699826.2196194516, 2795647.015763561], [699841.3035968564, 2795628.1537902215], [699855.217030089, 2795638.651023031], [699839.6359116676, 2795657.8910363275], [699826.2196194516, 2795647.015763561]]]}, "properties": {"id": 8, "height_m": 17.17, "interval_half_width_m": null, "coverage_nominal": null, "area_m2": null, "perimeter_m": null, "size_class": null, "confidence": null, "provenance": null, "evidence": null, "height_is_metric": false}}, {"type": "Feature", "geometry": {"type": "Polygon", "coordinates": [[[699777.6028114131, 2795652.4212871427], [699778.0785872062, 2795645.6600903575], [699817.5852769621, 2795648.430485802], [699817.1166915719, 2795655.198491298], [699777.6028114131, 2795652.4212871427]]]}, "properties": {"id": 9, "height_m": 14.37, "interval_half_width_m": null, "coverage_nominal": null, "area_m2": null, "perimeter_m": null, "size_class": null, "confidence": null, "provenance": null, "evidence": null, "height_is_metric": false}}, {"type": "Feature", "geometry": {"type": "Polygon", "coordinates": [[[699817.3450145161, 2795654.9274], [699815.5950879032, 2795640.927987097], [699822.844783871, 2795640.1780185485], [699824.8447, 2795654.1774314516], [699817.3450145161, 2795654.9274]]]}, "properties": {"id": 10, "height_m": 14.79, "interval_half_width_m": null, "coverage_nominal": null, "area_m2": null, "perimeter_m": null, "size_class": null, "confidence": null, "provenance": null, "evidence": null, "height_is_metric": false}}, {"type": "Feature", "geometry": {"type": "Polygon", "coordinates": [[[699958.9283103016, 2795643.1258233543], [699964.0870447642, 2795643.45997396], [699963.3388919355, 2795644.927819355], [699964.8351670764, 2795646.2490425184], [699958.7553286643, 2795645.876479522], [699958.9283103016, 2795643.1258233543]]]}, "properties": {"id": 367, "height_m": 33.71, "interval_half_width_m": null, "coverage_nominal": null, "area_m2": 15.8, "perimeter_m": 21.9, "size_class": "tiny", "confidence": 0.9, "provenance": "INFERRED", "evidence": {"height": 1.0, "edge": 1.0, "texture": 1.0, "shadow": 0.0}, "height_is_metric": false}}, {"type": "Feature", "geometry": {"type": "Polygon", "coordinates": [[[699981.2533017874, 2795644.166149713], [699977.059095967, 2795615.32367223], [700013.4498580467, 2795609.821682814], [700018.0876030056, 2795638.6527834404], [699981.2533017874, 2795644.166149713]]]}, "properties": {"id": 29, "height_m": 42.17, "interval_half_width_m": null, "coverage_nominal": null, "area_m2": 1287.7, "perimeter_m": 346.3, "size_class": "large", "confidence": 0.897, "provenance": "INFERRED", "evidence": {"height": 1.0, "edge": 1.0, "texture": 0.971, "shadow": 0.0}, "height_is_metric": false}}, {"type": "Feature", "geometry": {"type": "Polygon", "coordinates": [[[699904.1337484932, 2795643.916319454], [699903.3200008812, 2795631.201914497], [699928.5693844967, 2795629.6664831312], [699912.1692544017, 2795638.6726953248], [699912.7627964048, 2795648.433058707], [699904.1337484932, 2795643.916319454]]]}, "properties": {"id": 13, "height_m": 27.95, "interval_half_width_m": null, "coverage_nominal": null, "area_m2": null, "perimeter_m": null, "size_class": null, "confidence": null, "provenance": null, "evidence": null, "height_is_metric": false}}, {"type": "Feature", "geometry": {"type": "Polygon", "coordinates": [[[699953.2587940372, 2795652.0538358646], [699929.3677518942, 2795655.696266064], [699925.9228432636, 2795631.2411546423], [699937.339982258, 2795646.1777669354], [699951.3100995149, 2795638.2201252696], [699953.2587940372, 2795652.0538358646]]]}, "properties": {"id": 356, "height_m": 31.88, "interval_half_width_m": null, "coverage_nominal": null, "area_m2": 17.4, "perimeter_m": 19.7, "size_class": "tiny", "confidence": 0.9, "provenance": "INFERRED", "evidence": {"height": 1.0, "edge": 1.0, "texture": 1.0, "shadow": 0.0}, "height_is_metric": false}}, {"type": "Feature", "geometry": {"type": "Polygon", "coordinates": [[[699913.2231500236, 2795643.50421401], [699912.9103732236, 2795636.7742687752], [699924.6026776804, 2795636.551442579], [699919.6270257499, 2795643.382171704], [699913.2231500236, 2795643.50421401]]]}, "properties": {"id": 15, "height_m": 27.93, "interval_half_width_m": null, "coverage_nominal": null, "area_m2": null, "perimeter_m": null, "size_class": null, "confidence": null, "provenance": null, "evidence": null, "height_is_metric": false}}, {"type": "Feature", "geometry": {"type": "Polygon", "coordinates": [[[699937.7911504711, 2795646.575957901], [699943.4544108944, 2795638.017886131], [699938.8490895025, 2795633.6573149883], [699949.3394790323, 2795633.678291129], [699946.839583871, 2795643.427882258], [699944.7646434224, 2795639.211051463], [699937.7911504711, 2795646.575957901]]]}, "properties": {"id": 16, "height_m": 31.59, "interval_half_width_m": null, "coverage_nominal": null, "area_m2": null, "perimeter_m": null, "size_class": null, "confidence": null, "provenance": null, "evidence": null, "height_is_metric": false}}, {"type": "Feature", "geometry": {"type": "Polygon", "coordinates": [[[699940.6033952043, 2795641.1886639926], [699937.5366292847, 2795641.2566848216], [699937.4084608316, 2795635.4534947732], [699932.3896588552, 2795635.6597067523], [699931.961698287, 2795625.1722792108], [699940.140234086, 2795629.838644643], [699940.6033952043, 2795641.1886639926]]]}, "properties": {"id": 17, "height_m": 30.42, "interval_half_width_m": null, "coverage_nominal": null, "area_m2": null, "perimeter_m": null, "size_class": null, "confidence": null, "provenance": null, "evidence": null, "height_is_metric": false}}, {"type": "Feature", "geometry": {"type": "Polygon", "coordinates": [[[699884.842183871, 2795640.4280080646], [699881.3423306452, 2795638.9280709676], [699880.3423725807, 2795639.678039516], [699880.842351613, 2795634.178270161], [699883.8422258064, 2795627.17856371], [699889.8419741936, 2795629.678458871], [699884.5921943549, 2795632.9283225806], [699887.5920685484, 2795634.4282596773], [699884.842183871, 2795640.4280080646]]]}, "properties": {"id": 18, "height_m": 22.67, "interval_half_width_m": null, "coverage_nominal": null, "area_m2": null, "perimeter_m": null, "size_class": null, "confidence": null, "provenance": null, "evidence": null, "height_is_metric": false}}, {"type": "Feature", "geometry": {"type": "Polygon", "coordinates": [[[699937.2494709172, 2795641.792592981], [699933.6153002041, 2795642.1249507545], [699933.0124507302, 2795635.929579544], [699936.7330588582, 2795635.615170122], [699937.2494709172, 2795641.792592981]]]}, "properties": {"id": 19, "height_m": 29.91, "interval_half_width_m": null, "coverage_nominal": null, "area_m2": null, "perimeter_m": null, "size_class": null, "confidence": null, "provenance": null, "evidence": null, "height_is_metric": false}}, {"type": "Feature", "geometry": {"type": "Polygon", "coordinates": [[[699854.9085713453, 2795639.9636405986], [699854.3053175303, 2795635.659905108], [699860.0333335387, 2795634.7573932135], [699860.0965633088, 2795637.3259386024], [699860.3727815835, 2795639.183802316], [699854.9085713453, 2795639.9636405986]]]}, "properties": {"id": 171, "height_m": 18.37, "interval_half_width_m": null, "coverage_nominal": null, "area_m2": 116.0, "perimeter_m": 53.5, "size_class": "small", "confidence": 0.9, "provenance": "INFERRED", "evidence": {"height": 1.0, "edge": 1.0, "texture": 1.0, "shadow": 0.0}, "height_is_metric": false}}, {"type": "Feature", "geometry": {"type": "Polygon", "coordinates": [[[699858.8374226934, 2795634.5793172615], [699867.8487559035, 2795634.7771811252], [699865.5065079395, 2795635.6741714776], [699865.4320329134, 2795639.358224895], [699860.9427039715, 2795639.3178108255], [699860.991133337, 2795637.112253945], [699858.8374226934, 2795634.5793172615]]]}, "properties": {"id": 484, "height_m": 19.19, "interval_half_width_m": null, "coverage_nominal": null, "area_m2": 6.7, "perimeter_m": 20.8, "size_class": "tiny", "confidence": 0.833, "provenance": "INFERRED", "evidence": {"height": 0.878, "edge": 1.0, "texture": 1.0, "shadow": 0.0}, "height_is_metric": false}}, {"type": "Feature", "geometry": {"type": "Polygon", "coordinates": [[[699785.0171428104, 2795634.3488391037], [699785.4232918543, 2795627.4321789434], [699793.1764609705, 2795627.874981876], [699792.767901139, 2795634.807594431], [699785.0171428104, 2795634.3488391037]]]}, "properties": {"id": 139, "height_m": 13.88, "interval_half_width_m": null, "coverage_nominal": null, "area_m2": 177.9, "perimeter_m": 129.4, "size_class": "medium", "confidence": 0.999, "provenance": "INFERRED", "evidence": {"height": 1.0, "edge": 1.0, "texture": 0.995, "shadow": 1.0}, "height_is_metric": false}}, {"type": "Feature", "geometry": {"type": "Polygon", "coordinates": [[[699839.8240980505, 2795630.387533672], [699858.9345408129, 2795625.7679783343], [699860.298581204, 2795631.488138303], [699846.3171195133, 2795634.8200279158], [699839.8240980505, 2795630.387533672]]]}, "properties": {"id": 23, "height_m": 18.34, "interval_half_width_m": null, "coverage_nominal": null, "area_m2": null, "perimeter_m": null, "size_class": null, "confidence": null, "provenance": null, "evidence": null, "height_is_metric": false}}, {"type": "Feature", "geometry": {"type": "Polygon", "coordinates": [[[699865.0930120968, 2795629.678458871], [699877.5924879033, 2795627.17856371], [699877.092508871, 2795612.429182258], [699892.591858871, 2795611.9292032258], [699892.8418483872, 2795628.9284903225], [699865.0930120968, 2795629.678458871]]]}, "properties": {"id": 65, "height_m": 23.54, "interval_half_width_m": null, "coverage_nominal": null, "area_m2": 552.4, "perimeter_m": 323.1, "size_class": "medium", "confidence": 0.996, "provenance": "INFERRED", "evidence": {"height": 1.0, "edge": 1.0, "texture": 0.956, "shadow": 1.0}, "height_is_metric": false}}, {"type": "Feature", "geometry": {"type": "Polygon", "coordinates": [[[699784.7903037212, 2795646.50743546], [699823.2779703552, 2795614.7769422284], [699835.1679593928, 2795629.240410759], [699810.8944641117, 2795649.188167345], [699784.7903037212, 2795646.50743546]]]}, "properties": {"id": 332, "height_m": 15.43, "interval_half_width_m": null, "coverage_nominal": null, "area_m2": 20.1, "perimeter_m": 26.4, "size_class": "tiny", "confidence": 0.899, "provenance": "INFERRED", "evidence": {"height": 1.0, "edge": 1.0, "texture": 0.992, "shadow": 0.0}, "height_is_metric": false}}, {"type": "Feature", "geometry": {"type": "Polygon", "coordinates": [[[699839.6808087715, 2795623.943149467], [699850.758873546, 2795622.063234867], [699857.7007134669, 2795621.2089883126], [699862.5283766085, 2795626.2079394367], [699840.2994122846, 2795628.970070686], [699839.6808087715, 2795623.943149467]]]}, "properties": {"id": 26, "height_m": 18.51, "interval_half_width_m": null, "coverage_nominal": null, "area_m2": null, "perimeter_m": null, "size_class": null, "confidence": null, "provenance": null, "evidence": null, "height_is_metric": false}}, {"type": "Feature", "geometry": {"type": "Polygon", "coordinates": [[[699862.9777748763, 2795625.902854651], [699863.2001471424, 2795621.669330488], [699873.8640676028, 2795622.376965301], [699877.0758011977, 2795615.404715889], [699876.3460802132, 2795626.789946279], [699862.9777748763, 2795625.902854651]]]}, "properties": {"id": 27, "height_m": 21.07, "interval_half_width_m": null, "coverage_nominal": null, "area_m2": null, "perimeter_m": null, "size_class": null, "confidence": null, "provenance": null, "evidence": null, "height_is_metric": false}}, {"type": "Feature", "geometry": {"type": "Polygon", "coordinates": [[[699957.5891330645, 2795639.1780604837], [699954.3392693548, 2795630.178437903], [699941.089825, 2795632.6783330645], [699932.3401919355, 2795624.178689516], [699953.5893008065, 2795619.678878226], [699957.5891330645, 2795639.1780604837]]]}, "properties": {"id": 31, "height_m": 32.79, "interval_half_width_m": null, "coverage_nominal": null, "area_m2": 1213.4, "perimeter_m": 390.2, "size_class": "large", "confidence": 0.896, "provenance": "INFERRED", "evidence": {"height": 1.0, "edge": 1.0, "texture": 0.961, "shadow": 0.0}, "height_is_metric": false}}, {"type": "Feature", "geometry": {"type": "Polygon", "coordinates": [[[699861.9006868677, 2795626.4436702128], [699860.0932217742, 2795624.4286790323], [699857.8890219149, 2795624.3899118896], [699858.6382122977, 2795621.15830837], [699862.944908823, 2795622.2229724308], [699861.9006868677, 2795626.4436702128]]]}, "properties": {"id": 29, "height_m": 18.95, "interval_half_width_m": null, "coverage_nominal": null, "area_m2": null, "perimeter_m": null, "size_class": null, "confidence": null, "provenance": null, "evidence": null, "height_is_metric": false}}, {"type": "Feature", "geometry": {"type": "Polygon", "coordinates": [[[699955.8392064517, 2795624.4286790323], [699955.3392274193, 2795621.1788153225], [699958.0891120968, 2795620.428846774], [699958.589091129, 2795622.678752419], [699956.3391854839, 2795624.4286790323], [699955.8392064517, 2795624.4286790323]]]}, "properties": {"id": 34, "height_m": 33.54, "interval_half_width_m": null, "coverage_nominal": null, "area_m2": 1101.2, "perimeter_m": 392.0, "size_class": "large", "confidence": 0.897, "provenance": "INFERRED", "evidence": {"height": 1.0, "edge": 1.0, "texture": 0.967, "shadow": 0.0}, "height_is_metric": false}}, {"type": "Feature", "geometry": {"type": "Polygon", "coordinates": [[[699857.4714902918, 2795621.8833374735], [699839.4234953439, 2795623.2972643836], [699838.9514310955, 2795617.608358826], [699857.0284623012, 2795616.1765417363], [699857.4714902918, 2795621.8833374735]]]}, "properties": {"id": 25, "height_m": 18.24, "interval_half_width_m": null, "coverage_nominal": null, "area_m2": 1373.9, "perimeter_m": 544.4, "size_class": "large", "confidence": 0.898, "provenance": "INFERRED", "evidence": {"height": 1.0, "edge": 1.0, "texture": 0.979, "shadow": 0.0}, "height_is_metric": false}}, {"type": "Feature", "geometry": {"type": "Polygon", "coordinates": [[[699857.3433370969, 2795620.178857258], [699875.5925717743, 2795616.679004032], [699872.0927185484, 2795621.6787943547], [699857.3433370969, 2795620.178857258]]]}, "properties": {"id": 32, "height_m": 20.75, "interval_half_width_m": null, "coverage_nominal": null, "area_m2": null, "perimeter_m": null, "size_class": null, "confidence": null, "provenance": null, "evidence": null, "height_is_metric": false}}, {"type": "Feature", "geometry": {"type": "Polygon", "coordinates": [[[699907.0914796788, 2795621.9453427773], [699911.5513298763, 2795616.442487462], [699930.380008027, 2795616.165552054], [699926.3402146762, 2795621.6622354486], [699907.0914796788, 2795621.9453427773]]]}, "properties": {"id": 36, "height_m": 28.9, "interval_half_width_m": null, "coverage_nominal": null, "area_m2": 1066.6, "perimeter_m": 330.2, "size_class": "large", "confidence": 0.898, "provenance": "INFERRED", "evidence": {"height": 1.0, "edge": 1.0, "texture": 0.978, "shadow": 0.0}, "height_is_metric": false}}, {"type": "Feature", "geometry": {"type": "Polygon", "coordinates": [[[699762.8595027048, 2795620.0953417784], [699763.0904080909, 2795617.405391111], [699766.595361353, 2795617.7017806587], [699764.8436762384, 2795620.2631318304], [699762.8595027048, 2795620.0953417784]]]}, "properties": {"id": 34, "height_m": 6.4, "interval_half_width_m": null, "coverage_nominal": null, "area_m2": null, "perimeter_m": null, "size_class": null, "confidence": null, "provenance": null, "evidence": null, "height_is_metric": false}}, {"type": "Feature", "geometry": {"type": "Polygon", "coordinates": [[[699899.4669672764, 2795621.6821015584], [699899.4569884469, 2795616.4280952127], [699906.4704882653, 2795616.424334079], [699906.4712511728, 2795621.681086892], [699899.4669672764, 2795621.6821015584]]]}, "properties": {"id": 42, "height_m": 25.73, "interval_half_width_m": null, "coverage_nominal": null, "area_m2": 945.1, "perimeter_m": 450.6, "size_class": "large", "confidence": 0.897, "provenance": "INFERRED", "evidence": {"height": 1.0, "edge": 1.0, "texture": 0.972, "shadow": 0.0}, "height_is_metric": false}}, {"type": "Feature", "geometry": {"type": "Polygon", "coordinates": [[[699746.550992074, 2795621.0744877276], [699744.5025092561, 2795610.775206516], [699751.5977717742, 2795604.1795282257], [699765.2000150543, 2795613.0724734566], [699758.675134576, 2795614.290459029], [699759.5595178824, 2795618.432630746], [699746.550992074, 2795621.0744877276]]]}, "properties": {"id": 36, "height_m": 10.15, "interval_half_width_m": null, "coverage_nominal": null, "area_m2": null, "perimeter_m": null, "size_class": null, "confidence": null, "provenance": null, "evidence": null, "height_is_metric": false}}, {"type": "Feature", "geometry": {"type": "Polygon", "coordinates": [[[699946.2084152721, 2795620.8086221074], [699947.9707315022, 2795616.5492182155], [699947.9849063227, 2795615.6401376873], [699951.3362062081, 2795617.019893972], [699949.9472874048, 2795620.3768508164], [699946.2084152721, 2795620.8086221074]]]}, "properties": {"id": 37, "height_m": 32.38, "interval_half_width_m": null, "coverage_nominal": null, "area_m2": null, "perimeter_m": null, "size_class": null, "confidence": null, "provenance": null, "evidence": null, "height_is_metric": false}}, {"type": "Feature", "geometry": {"type": "Polygon", "coordinates": [[[699894.591775, 2795618.6789201614], [699892.9183374889, 2795618.1848231456], [699893.1453940069, 2795613.196812114], [699896.4192587852, 2795613.4025301104], [699896.1340992352, 2795617.9320185008], [699894.591775, 2795618.6789201614]]]}, "properties": {"id": 455, "height_m": 24.28, "interval_half_width_m": null, "coverage_nominal": null, "area_m2": 8.1, "perimeter_m": 12.8, "size_class": "tiny", "confidence": 0.9, "provenance": "INFERRED", "evidence": {"height": 1.0, "edge": 1.0, "texture": 1.0, "shadow": 0.0}, "height_is_metric": false}}, {"type": "Feature", "geometry": {"type": "Polygon", "coordinates": [[[699779.3466080645, 2795616.429014516], [699805.8454967742, 2795611.6792137097], [699781.5965137098, 2795592.4300209675], [699810.3453080646, 2795591.180073387], [699811.5952556452, 2795615.4290564517], [699779.3466080645, 2795616.429014516]]]}, "properties": {"id": 39, "height_m": 12.07, "interval_half_width_m": null, "coverage_nominal": null, "area_m2": null, "perimeter_m": null, "size_class": null, "confidence": null, "provenance": null, "evidence": null, "height_is_metric": false}}, {"type": "Feature", "geometry": {"type": "Polygon", "coordinates": [[[699953.5893008065, 2795619.928867742], [699955.5892169356, 2795619.1788991936], [699953.8392903226, 2795615.4290564517], [699957.8391225807, 2795616.9289935483], [699962.0889443549, 2795613.4291403224], [699962.338933871, 2795619.4288887098], [699953.5893008065, 2795619.928867742]]]}, "properties": {"id": 40, "height_m": 34.37, "interval_half_width_m": null, "coverage_nominal": null, "area_m2": null, "perimeter_m": null, "size_class": null, "confidence": null, "provenance": null, "evidence": null, "height_is_metric": false}}, {"type": "Feature", "geometry": {"type": "Polygon", "coordinates": [[[699737.035795679, 2795617.97159814], [699737.3748880181, 2795615.738285732], [699741.5781848346, 2795616.370732201], [699745.4569532153, 2795612.9629580905], [699744.5452177693, 2795619.101498417], [699737.035795679, 2795617.97159814]]]}, "properties": {"id": 41, "height_m": 9.74, "interval_half_width_m": null, "coverage_nominal": null, "area_m2": null, "perimeter_m": null, "size_class": null, "confidence": null, "provenance": null, "evidence": null, "height_is_metric": false}}, {"type": "Feature", "geometry": {"type": "Polygon", "coordinates": [[[699748.0979185484, 2795621.928783871], [699766.3471532258, 2795615.4290564517], [699762.5973104839, 2795597.9297903227], [699776.8467129032, 2795609.179318548], [699770.3469854839, 2795617.4289725805], [699748.0979185484, 2795621.928783871]]]}, "properties": {"id": 42, "height_m": 10.62, "interval_half_width_m": null, "coverage_nominal": null, "area_m2": null, "perimeter_m": null, "size_class": null, "confidence": null, "provenance": null, "evidence": null, "height_is_metric": false}}, {"type": "Feature", "geometry": {"type": "Polygon", "coordinates": [[[699856.8619348612, 2795613.5904647335], [699863.0472604877, 2795612.494353628], [699863.619151177, 2795615.735001415], [699864.5930330645, 2795613.4291403224], [699868.6213217708, 2795617.0783708286], [699857.8160498164, 2795618.9970602007], [699856.8619348612, 2795613.5904647335]]]}, "properties": {"id": 39, "height_m": 19.71, "interval_half_width_m": null, "coverage_nominal": null, "area_m2": 1037.0, "perimeter_m": 241.5, "size_class": "large", "confidence": 0.9, "provenance": "INFERRED", "evidence": {"height": 1.0, "edge": 1.0, "texture": 0.995, "shadow": 0.0}, "height_is_metric": false}}, {"type": "Feature", "geometry": {"type": "Polygon", "coordinates": [[[699935.3753734863, 2795618.1817333703], [699920.1056586314, 2795603.9278488695], [699929.2966946935, 2795604.061243239], [699936.3348974554, 2795596.3510830305], [699946.8380885724, 2795605.625428587], [699935.3753734863, 2795618.1817333703]]]}, "properties": {"id": 497, "height_m": 31.49, "interval_half_width_m": null, "coverage_nominal": null, "area_m2": 6.4, "perimeter_m": 12.3, "size_class": "tiny", "confidence": 0.9, "provenance": "INFERRED", "evidence": {"height": 1.0, "edge": 1.0, "texture": 1.0, "shadow": 0.0}, "height_is_metric": false}}, {"type": "Feature", "geometry": {"type": "Polygon", "coordinates": [[[699860.084921341, 2795611.9803676144], [699856.8356145539, 2795617.549561548], [699839.2403822956, 2795616.817940924], [699839.4638455193, 2795611.11853776], [699860.084921341, 2795611.9803676144]]]}, "properties": {"id": 45, "height_m": 18.5, "interval_half_width_m": null, "coverage_nominal": null, "area_m2": null, "perimeter_m": null, "size_class": null, "confidence": null, "provenance": null, "evidence": null, "height_is_metric": false}}, {"type": "Feature", "geometry": {"type": "Polygon", "coordinates": [[[699874.7027470304, 2795616.0229265047], [699870.2449261667, 2795615.1649302603], [699874.439940669, 2795591.947207353], [699870.3572108864, 2795589.482604291], [699879.2183962796, 2795591.0306961066], [699874.7027470304, 2795616.0229265047]]]}, "properties": {"id": 481, "height_m": 21.86, "interval_half_width_m": null, "coverage_nominal": null, "area_m2": 6.9, "perimeter_m": 14.7, "size_class": "tiny", "confidence": 0.9, "provenance": "INFERRED", "evidence": {"height": 1.0, "edge": 1.0, "texture": 1.0, "shadow": 0.0}, "height_is_metric": false}}, {"type": "Feature", "geometry": {"type": "Polygon", "coordinates": [[[699872.3427080646, 2795613.1791508063], [699869.4222677957, 2795615.2603127654], [699857.0139212852, 2795611.847957396], [699868.6288898129, 2795610.275471614], [699870.0567779292, 2795605.083291289], [699872.3427080646, 2795613.1791508063]]]}, "properties": {"id": 47, "height_m": 20.5, "interval_half_width_m": null, "coverage_nominal": null, "area_m2": null, "perimeter_m": null, "size_class": null, "confidence": null, "provenance": null, "evidence": null, "height_is_metric": false}}, {"type": "Feature", "geometry": {"type": "Polygon", "coordinates": [[[699926.9872822665, 2795611.8367312127], [699899.9928546459, 2795618.322520313], [699896.1366015717, 2795602.3683363292], [699906.7500480745, 2795599.7940119165], [699909.1276491702, 2795609.8643598575], [699922.5522723357, 2795606.640213758], [699926.9872822665, 2795611.8367312127]]]}, "properties": {"id": 48, "height_m": 28.3, "interval_half_width_m": null, "coverage_nominal": null, "area_m2": null, "perimeter_m": null, "size_class": null, "confidence": null, "provenance": null, "evidence": null, "height_is_metric": false}}, {"type": "Feature", "geometry": {"type": "Polygon", "coordinates": [[[699835.0942701614, 2795618.178941129], [699827.5945846775, 2795611.1792346775], [699829.0945217742, 2795604.679507258], [699835.5942491936, 2795610.9292451614], [699837.0941862904, 2795608.42935], [699835.0942701614, 2795618.178941129]]]}, "properties": {"id": 49, "height_m": 16.29, "interval_half_width_m": null, "coverage_nominal": null, "area_m2": null, "perimeter_m": null, "size_class": null, "confidence": null, "provenance": null, "evidence": null, "height_is_metric": false}}, {"type": "Feature", "geometry": {"type": "Polygon", "coordinates": [[[699839.5940814517, 2795612.179192742], [699838.0941443549, 2795599.179737903], [699845.0938508065, 2795597.9297903227], [699848.3437145161, 2795611.1792346775], [699839.5940814517, 2795612.179192742]]]}, "properties": {"id": 50, "height_m": 17.45, "interval_half_width_m": null, "coverage_nominal": null, "area_m2": null, "perimeter_m": null, "size_class": null, "confidence": null, "provenance": null, "evidence": null, "height_is_metric": false}}, {"type": "Feature", "geometry": {"type": "Polygon", "coordinates": [[[699756.0426480056, 2795609.13886538], [699754.8469908271, 2795605.613244955], [699757.384283712, 2795604.708852493], [699758.6163048747, 2795608.256688784], [699756.0426480056, 2795609.13886538]]]}, "properties": {"id": 51, "height_m": 10.12, "interval_half_width_m": null, "coverage_nominal": null, "area_m2": null, "perimeter_m": null, "size_class": null, "confidence": null, "provenance": null, "evidence": null, "height_is_metric": false}}, {"type": "Feature", "geometry": {"type": "Polygon", "coordinates": [[[699867.342917742, 2795609.6792975804], [699866.0929701613, 2795608.42935], [699865.592991129, 2795605.6794653223], [699868.5928653226, 2795604.679507258], [699869.342833871, 2795608.929329032], [699867.342917742, 2795609.6792975804]]]}, "properties": {"id": 52, "height_m": 20.26, "interval_half_width_m": null, "coverage_nominal": null, "area_m2": null, "perimeter_m": null, "size_class": null, "confidence": null, "provenance": null, "evidence": null, "height_is_metric": false}}, {"type": "Feature", "geometry": {"type": "Polygon", "coordinates": [[[700015.4179151603, 2795611.465286829], [699995.376610862, 2795614.8816779787], [699993.3764506025, 2795602.3625306035], [700002.3372564516, 2795595.179905645], [700013.4276726978, 2795599.0081562013], [700015.4179151603, 2795611.465286829]]]}, "properties": {"id": 53, "height_m": 43.85, "interval_half_width_m": null, "coverage_nominal": null, "area_m2": null, "perimeter_m": null, "size_class": null, "confidence": null, "provenance": null, "evidence": null, "height_is_metric": false}}, {"type": "Feature", "geometry": {"type": "Polygon", "coordinates": [[[699745.5980233871, 2795609.6792975804], [699745.0980443548, 2795601.9296225808], [699745.8480129032, 2795602.929580645], [699748.8478870968, 2795602.679591129], [699749.0978766129, 2795600.1796959676], [699750.5978137098, 2795603.4295596774], [699751.097792742, 2795608.929329032], [699745.5980233871, 2795609.6792975804]]]}, "properties": {"id": 54, "height_m": 9.95, "interval_half_width_m": null, "coverage_nominal": null, "area_m2": null, "perimeter_m": null, "size_class": null, "confidence": null, "provenance": null, "evidence": null, "height_is_metric": false}}, {"type": "Feature", "geometry": {"type": "Polygon", "coordinates": [[[699761.8492282243, 2795607.3996385443], [699758.4015120942, 2795607.5405284795], [699758.2966371131, 2795605.6809415487], [699755.8475935484, 2795604.679507258], [699755.5991317545, 2795603.2095753117], [699761.5907647135, 2795602.8167161155], [699761.8492282243, 2795607.3996385443]]]}, "properties": {"id": 55, "height_m": 10.26, "interval_half_width_m": null, "coverage_nominal": null, "area_m2": null, "perimeter_m": null, "size_class": null, "confidence": null, "provenance": null, "evidence": null, "height_is_metric": false}}, {"type": "Feature", "geometry": {"type": "Polygon", "coordinates": [[[699845.6163813833, 2795605.548325345], [699848.2964981735, 2795602.8976872987], [699847.4397988716, 2795598.841750826], [699853.243090959, 2795597.5303357914], [699853.7939330315, 2795601.957815826], [699854.1720681136, 2795603.8018661463], [699845.6163813833, 2795605.548325345]]]}, "properties": {"id": 56, "height_m": 18.3, "interval_half_width_m": null, "coverage_nominal": null, "area_m2": null, "perimeter_m": null, "size_class": null, "confidence": null, "provenance": null, "evidence": null, "height_is_metric": false}}, {"type": "Feature", "geometry": {"type": "Polygon", "coordinates": [[[699752.2601509172, 2795604.0188065115], [699750.8969039499, 2795599.9872487467], [699749.6251181433, 2795599.2658968573], [699753.9922235884, 2795597.7785896934], [699755.7142735627, 2795602.847808409], [699752.2601509172, 2795604.0188065115]]]}, "properties": {"id": 57, "height_m": 10.12, "interval_half_width_m": null, "coverage_nominal": null, "area_m2": null, "perimeter_m": null, "size_class": null, "confidence": null, "provenance": null, "evidence": null, "height_is_metric": false}}, {"type": "Feature", "geometry": {"type": "Polygon", "coordinates": [[[699760.847383871, 2795604.679507258], [699755.097625, 2795600.4296854837], [699760.3474048388, 2795601.429643548], [699762.5973104839, 2795595.6798846773], [699760.847383871, 2795604.679507258]]]}, "properties": {"id": 58, "height_m": 10.4, "interval_half_width_m": null, "coverage_nominal": null, "area_m2": null, "perimeter_m": null, "size_class": null, "confidence": null, "provenance": null, "evidence": null, "height_is_metric": false}}, {"type": "Feature", "geometry": {"type": "Polygon", "coordinates": [[[700083.5838491935, 2795606.429433871], [700033.5859459678, 2795600.929664516], [700041.5856104839, 2795587.180241129], [700083.5838491935, 2795606.429433871]]]}, "properties": {"id": 348, "height_m": 10.86, "interval_half_width_m": null, "coverage_nominal": null, "area_m2": 18.2, "perimeter_m": 31.6, "size_class": "tiny", "confidence": 0.9, "provenance": "INFERRED", "evidence": {"height": 1.0, "edge": 1.0, "texture": 1.0, "shadow": 0.0}, "height_is_metric": false}}, {"type": "Feature", "geometry": {"type": "Polygon", "coordinates": [[[699745.8480129032, 2795601.6796330647], [699746.0980024193, 2795596.4298532256], [699760.847383871, 2795594.929916129], [699760.847383871, 2795600.929664516], [699753.8476774194, 2795597.4298112905], [699745.8480129032, 2795601.6796330647]]]}, "properties": {"id": 60, "height_m": 10.35, "interval_half_width_m": null, "coverage_nominal": null, "area_m2": null, "perimeter_m": null, "size_class": null, "confidence": null, "provenance": null, "evidence": null, "height_is_metric": false}}, {"type": "Feature", "geometry": {"type": "Polygon", "coordinates": [[[699982.8258524161, 2795604.748481721], [699990.3377596774, 2795592.1800314514], [700005.432127882, 2795593.0701041403], [699991.7426995374, 2795603.039466021], [699991.0999347452, 2795616.1100505367], [699982.8258524161, 2795604.748481721]]]}, "properties": {"id": 61, "height_m": 42.69, "interval_half_width_m": null, "coverage_nominal": null, "area_m2": null, "perimeter_m": null, "size_class": null, "confidence": null, "provenance": null, "evidence": null, "height_is_metric": false}}, {"type": "Feature", "geometry": {"type": "Polygon", "coordinates": [[[699837.7399416799, 2795594.36424695], [699849.0680875193, 2795593.2545942366], [699852.6451088346, 2795597.33710659], [699838.1723728857, 2795598.7635528115], [699837.7399416799, 2795594.36424695]]]}, "properties": {"id": 62, "height_m": 18.06, "interval_half_width_m": null, "coverage_nominal": null, "area_m2": null, "perimeter_m": null, "size_class": null, "confidence": null, "provenance": null, "evidence": null, "height_is_metric": false}}, {"type": "Feature", "geometry": {"type": "Polygon", "coordinates": [[[699778.3466500001, 2795595.9298741934], [699785.0963669355, 2795594.679926613], [699785.846335484, 2795596.6798427417], [699779.5965975807, 2795597.4298112905], [699778.3466500001, 2795595.9298741934]]]}, "properties": {"id": 63, "height_m": 11.23, "interval_half_width_m": null, "coverage_nominal": null, "area_m2": null, "perimeter_m": null, "size_class": null, "confidence": null, "provenance": null, "evidence": null, "height_is_metric": false}}, {"type": "Feature", "geometry": {"type": "Polygon", "coordinates": [[[699848.5937040322, 2795593.1799895163], [699857.8433161291, 2795592.9299999997], [699853.843483871, 2795597.4298112905], [699852.5935362903, 2795597.6798008066], [699850.5936201613, 2795597.179821774], [699848.5937040322, 2795593.1799895163]]]}, "properties": {"id": 64, "height_m": 18.82, "interval_half_width_m": null, "coverage_nominal": null, "area_m2": null, "perimeter_m": null, "size_class": null, "confidence": null, "provenance": null, "evidence": null, "height_is_metric": false}}, {"type": "Feature", "geometry": {"type": "Polygon", "coordinates": [[[699973.0884830646, 2795629.928448387], [699934.8400870968, 2795590.680094355], [699961.5889653226, 2795596.1798637095], [699973.0884830646, 2795629.928448387]]]}, "properties": {"id": 65, "height_m": 35.36, "interval_half_width_m": null, "coverage_nominal": null, "area_m2": null, "perimeter_m": null, "size_class": null, "confidence": null, "provenance": null, "evidence": null, "height_is_metric": false}}, {"type": "Feature", "geometry": {"type": "Polygon", "coordinates": [[[699733.9060138417, 2795599.678393291], [699733.7826894934, 2795597.0588284656], [699738.6239863874, 2795596.922527419], [699738.3182416869, 2795591.0090257204], [699744.0911257134, 2795590.7368317824], [699744.623154488, 2795602.2647067946], [699737.5929756053, 2795602.588438946], [699733.9060138417, 2795599.678393291]]]}, "properties": {"id": 66, "height_m": 10.0, "interval_half_width_m": null, "coverage_nominal": null, "area_m2": null, "perimeter_m": null, "size_class": null, "confidence": null, "provenance": null, "evidence": null, "height_is_metric": false}}, {"type": "Feature", "geometry": {"type": "Polygon", "coordinates": [[[699868.3428758065, 2795601.9296225808], [699866.3429596775, 2795601.429643548], [699866.3429596775, 2795595.429895161], [699860.3432112903, 2795595.179905645], [699862.8431064517, 2795591.430062903], [699869.0928443549, 2795592.1800314514], [699868.3428758065, 2795601.9296225808]]]}, "properties": {"id": 67, "height_m": 20.48, "interval_half_width_m": null, "coverage_nominal": null, "area_m2": null, "perimeter_m": null, "size_class": null, "confidence": null, "provenance": null, "evidence": null, "height_is_metric": false}}, {"type": "Feature", "geometry": {"type": "Polygon", "coordinates": [[[699915.7600614548, 2795598.3296072343], [699900.5571010025, 2795596.7519336822], [699901.1515890108, 2795588.1873781527], [699916.6460106287, 2795589.7010323256], [699915.7600614548, 2795598.3296072343]]]}, "properties": {"id": 182, "height_m": 27.55, "interval_half_width_m": null, "coverage_nominal": null, "area_m2": 99.3, "perimeter_m": 79.4, "size_class": "small", "confidence": 0.898, "provenance": "INFERRED", "evidence": {"height": 1.0, "edge": 1.0, "texture": 0.979, "shadow": 0.0}, "height_is_metric": false}}, {"type": "Feature", "geometry": {"type": "Polygon", "coordinates": [[[699870.3427919355, 2795604.429517742], [699869.342833871, 2795592.9299999997], [699871.5927395162, 2795592.6800104836], [699872.0927185484, 2795598.679758871], [699870.0928024193, 2795599.179737903], [699872.3427080646, 2795600.679675], [699870.3427919355, 2795604.429517742]]]}, "properties": {"id": 69, "height_m": 20.92, "interval_half_width_m": null, "coverage_nominal": null, "area_m2": null, "perimeter_m": null, "size_class": null, "confidence": null, "provenance": null, "evidence": null, "height_is_metric": false}}, {"type": "Feature", "geometry": {"type": "Polygon", "coordinates": [[[699882.0922991936, 2795601.179654032], [699900.0915443549, 2795588.1801991933], [699896.0917120968, 2795604.1795282257], [699882.0922991936, 2795601.179654032]]]}, "properties": {"id": 267, "height_m": 25.07, "interval_half_width_m": null, "coverage_nominal": null, "area_m2": 39.5, "perimeter_m": 45.3, "size_class": "small", "confidence": 0.999, "provenance": "INFERRED", "evidence": {"height": 1.0, "edge": 1.0, "texture": 0.994, "shadow": 1.0}, "height_is_metric": false}}, {"type": "Feature", "geometry": {"type": "Polygon", "coordinates": [[[699982.3393615877, 2795608.0323253293], [699960.8400801028, 2795607.87951878], [699960.8371963126, 2795586.6066033817], [699982.3375306098, 2795594.4504936384], [699982.3393615877, 2795608.0323253293]]]}, "properties": {"id": 71, "height_m": 38.6, "interval_half_width_m": null, "coverage_nominal": null, "area_m2": null, "perimeter_m": null, "size_class": null, "confidence": null, "provenance": null, "evidence": null, "height_is_metric": false}}, {"type": "Feature", "geometry": {"type": "Polygon", "coordinates": [[[699980.6912983787, 2795604.3851203425], [699982.9849338795, 2795587.47462423], [699989.1274222521, 2795592.0298950784], [699987.7982391027, 2795601.8297694377], [699980.6912983787, 2795604.3851203425]]]}, "properties": {"id": 72, "height_m": 40.34, "interval_half_width_m": null, "coverage_nominal": null, "area_m2": null, "perimeter_m": null, "size_class": null, "confidence": null, "provenance": null, "evidence": null, "height_is_metric": false}}, {"type": "Feature", "geometry": {"type": "Polygon", "coordinates": [[[699867.8428967742, 2795601.9296225808], [699855.0934314516, 2795597.4298112905], [699857.593326613, 2795592.6800104836], [699840.5940395162, 2795590.680094355], [699865.3430016129, 2795589.9301258065], [699859.8432322581, 2795594.429937097], [699867.8428967742, 2795601.9296225808]]]}, "properties": {"id": 410, "height_m": 19.86, "interval_half_width_m": null, "coverage_nominal": null, "area_m2": 11.2, "perimeter_m": 20.2, "size_class": "tiny", "confidence": 0.897, "provenance": "INFERRED", "evidence": {"height": 1.0, "edge": 1.0, "texture": 0.967, "shadow": 0.0}, "height_is_metric": false}}, {"type": "Feature", "geometry": {"type": "Polygon", "coordinates": [[[700234.578585006, 2795590.519334495], [700232.575708796, 2795586.8737354283], [700238.329251688, 2795586.736778281], [700243.2290095845, 2795577.6818067646], [700243.5750338916, 2795586.6332898843], [700239.6775532982, 2795586.7260594317], [700242.076134349, 2795590.3408751823], [700234.578585006, 2795590.519334495]]]}, "properties": {"id": 212, "height_m": 2.41, "interval_half_width_m": null, "coverage_nominal": null, "area_m2": 74.1, "perimeter_m": 83.7, "size_class": "small", "confidence": 0.758, "provenance": "INFERRED", "evidence": {"height": 0.742, "edge": 1.0, "texture": 0.996, "shadow": 0.0}, "height_is_metric": false}}, {"type": "Feature", "geometry": {"type": "Polygon", "coordinates": [[[699767.4353415379, 2795606.4124553655], [699764.8173139712, 2795589.635605382], [699773.5748889024, 2795588.3121592966], [699779.3466080645, 2795597.4298112905], [699776.0603765564, 2795605.109035601], [699767.4353415379, 2795606.4124553655]]]}, "properties": {"id": 75, "height_m": 10.95, "interval_half_width_m": null, "coverage_nominal": null, "area_m2": null, "perimeter_m": null, "size_class": null, "confidence": null, "provenance": null, "evidence": null, "height_is_metric": false}}, {"type": "Feature", "geometry": {"type": "Polygon", "coordinates": [[[700075.3219276094, 2795591.5143603627], [700072.3343209678, 2795588.680178226], [700073.9179642709, 2795588.1361184004], [700075.0004994388, 2795584.724426761], [700077.5963683585, 2795584.3460551775], [700075.3219276094, 2795591.5143603627]]]}, "properties": {"id": 159, "height_m": 4.28, "interval_half_width_m": null, "coverage_nominal": null, "area_m2": 137.2, "perimeter_m": 130.7, "size_class": "medium", "confidence": 0.9, "provenance": "INFERRED", "evidence": {"height": 1.0, "edge": 1.0, "texture": 0.997, "shadow": 0.0}, "height_is_metric": false}}, {"type": "Feature", "geometry": {"type": "Polygon", "coordinates": [[[699971.8385354839, 2795594.429937097], [699971.5885459678, 2795587.180241129], [699980.0881895162, 2795587.180241129], [699980.0881895162, 2795594.1799475807], [699971.8385354839, 2795594.429937097]]]}, "properties": {"id": 77, "height_m": 38.79, "interval_half_width_m": null, "coverage_nominal": null, "area_m2": null, "perimeter_m": null, "size_class": null, "confidence": null, "provenance": null, "evidence": null, "height_is_metric": false}}, {"type": "Feature", "geometry": {"type": "Polygon", "coordinates": [[[700066.3950864003, 2795590.3890985628], [700067.2073997463, 2795586.0400759317], [700073.657263534, 2795587.095352416], [700071.3280155133, 2795591.1961859926], [700066.3950864003, 2795590.3890985628]]]}, "properties": {"id": 277, "height_m": 3.29, "interval_half_width_m": null, "coverage_nominal": null, "area_m2": 35.5, "perimeter_m": 33.5, "size_class": "small", "confidence": 0.865, "provenance": "INFERRED", "evidence": {"height": 0.939, "edge": 1.0, "texture": 0.984, "shadow": 0.0}, "height_is_metric": false}}, {"type": "Feature", "geometry": {"type": "Polygon", "coordinates": [[[700003.3582402457, 2795589.7714944584], [700007.816000077, 2795563.3398789284], [700019.2293397923, 2795570.2975720665], [700016.443873111, 2795586.813633579], [700003.3582402457, 2795589.7714944584]]]}, "properties": {"id": 402, "height_m": 30.48, "interval_half_width_m": null, "coverage_nominal": null, "area_m2": 11.9, "perimeter_m": 16.8, "size_class": "tiny", "confidence": 0.481, "provenance": "INFERRED", "evidence": {"height": 0.238, "edge": 1.0, "texture": 1.0, "shadow": 0.0}, "height_is_metric": false}}, {"type": "Feature", "geometry": {"type": "Polygon", "coordinates": [[[700078.7081381402, 2795584.158540153], [700075.151585632, 2795583.67299533], [700073.7142679794, 2795586.990193252], [700067.5525390806, 2795584.315027731], [700068.8097495403, 2795581.41950402], [700072.0695615632, 2795581.276077417], [700078.7081381402, 2795584.158540153]]]}, "properties": {"id": 80, "height_m": 4.28, "interval_half_width_m": null, "coverage_nominal": null, "area_m2": null, "perimeter_m": null, "size_class": null, "confidence": null, "provenance": null, "evidence": null, "height_is_metric": false}}, {"type": "Feature", "geometry": {"type": "Polygon", "coordinates": [[[699909.5911459677, 2795584.430356452], [699909.3411564516, 2795582.9304193547], [699912.5910201613, 2795581.430482258], [699916.0128432122, 2795582.0564096826], [699914.0588693704, 2795584.416212147], [699912.4366992406, 2795583.0562990853], [699910.8555430156, 2795584.942641181], [699909.5911459677, 2795584.430356452]]]}, "properties": {"id": 81, "height_m": 27.6, "interval_half_width_m": null, "coverage_nominal": null, "area_m2": null, "perimeter_m": null, "size_class": null, "confidence": null, "provenance": null, "evidence": null, "height_is_metric": false}}, {"type": "Feature", "geometry": {"type": "Polygon", "coordinates": [[[699951.1963042383, 2795581.974709923], [699953.3945763067, 2795558.0910679824], [699964.2886506892, 2795558.9709062674], [699962.4769590885, 2795582.9370795367], [699951.1963042383, 2795581.974709923]]]}, "properties": {"id": 80, "height_m": 18.81, "interval_half_width_m": null, "coverage_nominal": null, "area_m2": 438.0, "perimeter_m": 142.9, "size_class": "medium", "confidence": 0.898, "provenance": "INFERRED", "evidence": {"height": 1.0, "edge": 1.0, "texture": 0.985, "shadow": 0.0}, "height_is_metric": false}}, {"type": "Feature", "geometry": {"type": "Polygon", "coordinates": [[[699800.2418880851, 2795579.872861728], [699782.9936337683, 2795577.3763920213], [699785.8138508843, 2795557.856199292], [699803.0847635528, 2795560.3685832485], [699800.2418880851, 2795579.872861728]]]}, "properties": {"id": 59, "height_m": 14.91, "interval_half_width_m": null, "coverage_nominal": null, "area_m2": 617.4, "perimeter_m": 204.6, "size_class": "large", "confidence": 0.897, "provenance": "INFERRED", "evidence": {"height": 1.0, "edge": 1.0, "texture": 0.973, "shadow": 0.0}, "height_is_metric": false}}, {"type": "Feature", "geometry": {"type": "Polygon", "coordinates": [[[699767.1493809351, 2795578.2293378185], [699763.7003335316, 2795557.8134001833], [699778.6306117853, 2795555.2550129076], [699781.9071963287, 2795575.926631348], [699767.1493809351, 2795578.2293378185]]]}, "properties": {"id": 84, "height_m": 14.34, "interval_half_width_m": null, "coverage_nominal": null, "area_m2": null, "perimeter_m": null, "size_class": null, "confidence": null, "provenance": null, "evidence": null, "height_is_metric": false}}, {"type": "Feature", "geometry": {"type": "Polygon", "coordinates": [[[699894.6902510949, 2795579.3556715036], [699885.1328821292, 2795577.349758922], [699887.1078969587, 2795567.8736548587], [699896.6866883659, 2795569.894154231], [699894.6902510949, 2795579.3556715036]]]}, "properties": {"id": 260, "height_m": 24.77, "interval_half_width_m": null, "coverage_nominal": null, "area_m2": 43.3, "perimeter_m": 33.9, "size_class": "small", "confidence": 0.9, "provenance": "INFERRED", "evidence": {"height": 1.0, "edge": 1.0, "texture": 1.0, "shadow": 0.0}, "height_is_metric": false}}, {"type": "Feature", "geometry": {"type": "Polygon", "coordinates": [[[699947.3395629033, 2795583.930377419], [699940.5898459678, 2795580.4305241937], [699939.089908871, 2795570.6809330643], [699946.3396048388, 2795570.430943548], [699945.3396467742, 2795571.4309016126], [699947.3395629033, 2795583.930377419]]]}, "properties": {"id": 86, "height_m": 15.88, "interval_half_width_m": null, "coverage_nominal": null, "area_m2": null, "perimeter_m": null, "size_class": null, "confidence": null, "provenance": null, "evidence": null, "height_is_metric": false}}, {"type": "Feature", "geometry": {"type": "Polygon", "coordinates": [[[699983.1481808175, 2795575.6471783463], [699984.5424704893, 2795573.7405886864], [699987.5271933407, 2795575.963830716], [699988.2846536404, 2795574.0850719204], [699990.8323068086, 2795575.9856422404], [699992.1463080995, 2795574.221571323], [699992.0876862904, 2795575.9307129034], [699986.13404803, 2795577.8712748317], [699983.1481808175, 2795575.6471783463]]]}, "properties": {"id": 333, "height_m": 25.2, "interval_half_width_m": null, "coverage_nominal": null, "area_m2": 20.1, "perimeter_m": 28.1, "size_class": "tiny", "confidence": 0.9, "provenance": "INFERRED", "evidence": {"height": 1.0, "edge": 1.0, "texture": 1.0, "shadow": 0.0}, "height_is_metric": false}}, {"type": "Feature", "geometry": {"type": "Polygon", "coordinates": [[[699939.8000841663, 2795579.009410695], [699936.5674011327, 2795577.2206292055], [699936.7564190846, 2795574.531616914], [699938.9235034961, 2795570.5800919565], [699939.4938988867, 2795574.8296924876], [699941.4982246209, 2795575.9129829337], [699939.8000841663, 2795579.009410695]]]}, "properties": {"id": 151, "height_m": 14.91, "interval_half_width_m": null, "coverage_nominal": null, "area_m2": 157.0, "perimeter_m": 107.8, "size_class": "medium", "confidence": 0.899, "provenance": "INFERRED", "evidence": {"height": 1.0, "edge": 1.0, "texture": 0.988, "shadow": 0.0}, "height_is_metric": false}}, {"type": "Feature", "geometry": {"type": "Polygon", "coordinates": [[[699948.3395209678, 2795577.180660484], [699948.9781050271, 2795576.2504016445], [699947.9926116881, 2795574.4412352676], [699952.2976679623, 2795572.1007114747], [699952.9664631571, 2795573.3750720937], [699950.462295714, 2795574.7365109706], [699950.589426613, 2795577.680639516], [699948.3395209678, 2795577.180660484]]]}, "properties": {"id": 89, "height_m": 16.85, "interval_half_width_m": null, "coverage_nominal": null, "area_m2": null, "perimeter_m": null, "size_class": null, "confidence": null, "provenance": null, "evidence": null, "height_is_metric": false}}, {"type": "Feature", "geometry": {"type": "Polygon", "coordinates": [[[699985.0879798387, 2795574.6807653224], [699985.587958871, 2795571.680891129], [699992.3376758065, 2795572.1808701614], [699990.8377387098, 2795574.9307548385], [699985.0879798387, 2795574.6807653224]]]}, "properties": {"id": 521, "height_m": 25.16, "interval_half_width_m": null, "coverage_nominal": null, "area_m2": 6.0, "perimeter_m": 14.7, "size_class": "tiny", "confidence": 0.9, "provenance": "INFERRED", "evidence": {"height": 1.0, "edge": 1.0, "texture": 1.0, "shadow": 0.0}, "height_is_metric": false}}, {"type": "Feature", "geometry": {"type": "Polygon", "coordinates": [[[699945.1137193594, 2795571.955186877], [699951.0653435439, 2795571.156605865], [699950.4065271787, 2795573.470542333], [699947.2724728213, 2795573.891072183], [699945.1137193594, 2795571.955186877]]]}, "properties": {"id": 91, "height_m": 16.53, "interval_half_width_m": null, "coverage_nominal": null, "area_m2": null, "perimeter_m": null, "size_class": null, "confidence": null, "provenance": null, "evidence": null, "height_is_metric": false}}, {"type": "Feature", "geometry": {"type": "Polygon", "coordinates": [[[699852.1514314179, 2795575.112548057], [699859.5938149226, 2795570.463344228], [699855.8320937115, 2795564.734366956], [699858.9510959047, 2795562.7313839393], [699864.6636325208, 2795571.7271462083], [699858.117733942, 2795575.8169557718], [699852.1514314179, 2795575.112548057]]]}, "properties": {"id": 92, "height_m": 19.8, "interval_half_width_m": null, "coverage_nominal": null, "area_m2": null, "perimeter_m": null, "size_class": null, "confidence": null, "provenance": null, "evidence": null, "height_is_metric": false}}, {"type": "Feature", "geometry": {"type": "Polygon", "coordinates": [[[699927.8059735188, 2795570.650294701], [699931.2589689685, 2795566.826106627], [699933.4566917435, 2795568.817432418], [699931.0893746404, 2795571.430108189], [699927.8059735188, 2795570.650294701]]]}, "properties": {"id": 93, "height_m": 13.62, "interval_half_width_m": null, "coverage_nominal": null, "area_m2": null, "perimeter_m": null, "size_class": null, "confidence": null, "provenance": null, "evidence": null, "height_is_metric": false}}, {"type": "Feature", "geometry": {"type": "Polygon", "coordinates": [[[699931.5902233871, 2795571.9308806453], [699933.8401290323, 2795568.9310064516], [699940.8398354839, 2795567.681058871], [699937.339982258, 2795570.9309225804], [699931.5902233871, 2795571.9308806453]]]}, "properties": {"id": 94, "height_m": 14.67, "interval_half_width_m": null, "coverage_nominal": null, "area_m2": null, "perimeter_m": null, "size_class": null, "confidence": null, "provenance": null, "evidence": null, "height_is_metric": false}}, {"type": "Feature", "geometry": {"type": "Polygon", "coordinates": [[[699848.354135832, 2795570.402883812], [699841.6007645698, 2795569.9595582876], [699844.343882258, 2795567.431069355], [699843.3482117335, 2795566.2788502197], [699843.5877265303, 2795562.3618391952], [699848.8284048829, 2795562.6524535334], [699848.354135832, 2795570.402883812]]]}, "properties": {"id": 95, "height_m": 17.85, "interval_half_width_m": null, "coverage_nominal": null, "area_m2": null, "perimeter_m": null, "size_class": null, "confidence": null, "provenance": null, "evidence": null, "height_is_metric": false}}, {"type": "Feature", "geometry": {"type": "Polygon", "coordinates": [[[699849.3436725807, 2795581.180492742], [699848.8436935485, 2795572.9308387097], [699843.8439032258, 2795572.1808701614], [699849.843651613, 2795571.680891129], [699849.843651613, 2795563.431237097], [699855.5934104839, 2795570.9309225804], [699849.3436725807, 2795581.180492742]]]}, "properties": {"id": 96, "height_m": 18.62, "interval_half_width_m": null, "coverage_nominal": null, "area_m2": null, "perimeter_m": null, "size_class": null, "confidence": null, "provenance": null, "evidence": null, "height_is_metric": false}}, {"type": "Feature", "geometry": {"type": "Polygon", "coordinates": [[[699855.3400260296, 2795570.390395017], [699855.8434, 2795569.680975], [699855.3453892691, 2795568.48971789], [699857.0913792794, 2795568.3723369483], [699857.6257196637, 2795567.4285059855], [699857.8143180165, 2795570.2240583035], [699855.3400260296, 2795570.390395017]]]}, "properties": {"id": 97, "height_m": 19.04, "interval_half_width_m": null, "coverage_nominal": null, "area_m2": null, "perimeter_m": null, "size_class": null, "confidence": null, "provenance": null, "evidence": null, "height_is_metric": false}}, {"type": "Feature", "geometry": {"type": "Polygon", "coordinates": [[[699962.3465629456, 2795573.4360284], [699960.5888699348, 2795564.996685057], [699969.8811743329, 2795562.561774353], [699972.288483045, 2795570.9796952545], [699962.3465629456, 2795573.4360284]]]}, "properties": {"id": 84, "height_m": 20.47, "interval_half_width_m": null, "coverage_nominal": null, "area_m2": 383.1, "perimeter_m": 132.1, "size_class": "medium", "confidence": 0.898, "provenance": "INFERRED", "evidence": {"height": 1.0, "edge": 1.0, "texture": 0.983, "shadow": 0.0}, "height_is_metric": false}}, {"type": "Feature", "geometry": {"type": "Polygon", "coordinates": [[[699977.0516957645, 2795573.3653297657], [699979.6144239842, 2795567.7296865922], [699987.5616614998, 2795563.3826093753], [699987.3378854839, 2795571.9308806453], [699984.1246413322, 2795569.49647346], [699977.0516957645, 2795573.3653297657]]]}, "properties": {"id": 229, "height_m": 24.19, "interval_half_width_m": null, "coverage_nominal": null, "area_m2": 62.6, "perimeter_m": 40.0, "size_class": "small", "confidence": 0.897, "provenance": "INFERRED", "evidence": {"height": 1.0, "edge": 0.987, "texture": 0.999, "shadow": 0.0}, "height_is_metric": false}}, {"type": "Feature", "geometry": {"type": "Polygon", "coordinates": [[[699733.2375595713, 2795582.669405826], [699735.1366231488, 2795564.500306948], [699757.6895039136, 2795566.8749555917], [699757.629522222, 2795570.4411893953], [699742.2431035058, 2795568.6190230753], [699741.1521010188, 2795578.9803744373], [699733.2375595713, 2795582.669405826]]]}, "properties": {"id": 100, "height_m": 13.65, "interval_half_width_m": null, "coverage_nominal": null, "area_m2": null, "perimeter_m": null, "size_class": null, "confidence": null, "provenance": null, "evidence": null, "height_is_metric": false}}, {"type": "Feature", "geometry": {"type": "Polygon", "coordinates": [[[699839.3554134822, 2795569.16613453], [699820.4306166208, 2795558.69429891], [699832.7332851902, 2795554.2601739517], [699836.0969441764, 2795547.9294229057], [699847.6050522563, 2795553.8575571696], [699839.3554134822, 2795569.16613453]]]}, "properties": {"id": 101, "height_m": 17.22, "interval_half_width_m": null, "coverage_nominal": null, "area_m2": null, "perimeter_m": null, "size_class": null, "confidence": null, "provenance": null, "evidence": null, "height_is_metric": false}}, {"type": "Feature", "geometry": {"type": "Polygon", "coordinates": [[[699943.3899757304, 2795569.3022753666], [699944.6102462109, 2795564.066548283], [699952.7407646144, 2795566.0255649434], [699946.6173489282, 2795570.07989931], [699943.3899757304, 2795569.3022753666]]]}, "properties": {"id": 328, "height_m": 16.51, "interval_half_width_m": null, "coverage_nominal": null, "area_m2": 21.4, "perimeter_m": 37.5, "size_class": "tiny", "confidence": 0.668, "provenance": "INFERRED", "evidence": {"height": 0.578, "edge": 1.0, "texture": 1.0, "shadow": 0.0}, "height_is_metric": false}}, {"type": "Feature", "geometry": {"type": "Polygon", "coordinates": [[[699924.2034024327, 2795567.1084052743], [699925.0509010707, 2795563.059891891], [699931.9233850745, 2795564.341805294], [699931.1837920675, 2795568.464450395], [699924.2034024327, 2795567.1084052743]]]}, "properties": {"id": 103, "height_m": 13.39, "interval_half_width_m": null, "coverage_nominal": null, "area_m2": null, "perimeter_m": null, "size_class": null, "confidence": null, "provenance": null, "evidence": null, "height_is_metric": false}}, {"type": "Feature", "geometry": {"type": "Polygon", "coordinates": [[[699867.646188715, 2795566.324914572], [699861.838326812, 2795569.2499856893], [699858.1942535602, 2795562.4562871386], [699861.9437301065, 2795555.693768616], [699867.646188715, 2795566.324914572]]]}, "properties": {"id": 49, "height_m": 20.18, "interval_half_width_m": null, "coverage_nominal": null, "area_m2": 861.6, "perimeter_m": 238.6, "size_class": "large", "confidence": 0.894, "provenance": "INFERRED", "evidence": {"height": 1.0, "edge": 1.0, "texture": 0.939, "shadow": 0.0}, "height_is_metric": false}}, {"type": "Feature", "geometry": {"type": "Polygon", "coordinates": [[[699988.9036462363, 2795571.489317437], [699986.845306654, 2795561.5992674157], [699992.5752146728, 2795560.3701853543], [699996.1220019655, 2795563.8075106847], [699993.5038256318, 2795564.3517383495], [699994.8261273559, 2795570.2189315655], [699988.9036462363, 2795571.489317437]]]}, "properties": {"id": 462, "height_m": 25.8, "interval_half_width_m": null, "coverage_nominal": null, "area_m2": 7.8, "perimeter_m": 16.4, "size_class": "tiny", "confidence": 0.9, "provenance": "INFERRED", "evidence": {"height": 1.0, "edge": 1.0, "texture": 1.0, "shadow": 0.0}, "height_is_metric": false}}, {"type": "Feature", "geometry": {"type": "Polygon", "coordinates": [[[700168.8302741935, 2795563.431237097], [700168.3302951613, 2795553.4316564514], [700177.579907258, 2795547.4319080645], [700178.8298548388, 2795562.431279032], [700168.8302741935, 2795563.431237097]]]}, "properties": {"id": 106, "height_m": 8.88, "interval_half_width_m": null, "coverage_nominal": null, "area_m2": null, "perimeter_m": null, "size_class": null, "confidence": null, "provenance": null, "evidence": null, "height_is_metric": false}}, {"type": "Feature", "geometry": {"type": "Polygon", "coordinates": [[[699733.1366002127, 2795566.9298391542], [699732.7982909265, 2795558.0171346203], [699737.3605839801, 2795557.8470520317], [699740.1014944817, 2795561.7409469597], [699736.5951603571, 2795561.871663524], [699733.1366002127, 2795566.9298391542]]]}, "properties": {"id": 107, "height_m": 13.37, "interval_half_width_m": null, "coverage_nominal": null, "area_m2": null, "perimeter_m": null, "size_class": null, "confidence": null, "provenance": null, "evidence": null, "height_is_metric": false}}, {"type": "Feature", "geometry": {"type": "Polygon", "coordinates": [[[699766.8315575023, 2795558.97904649], [699760.1432813191, 2795561.332554968], [699739.5524099573, 2795563.2800135803], [699753.9296918785, 2795545.7442652164], [699755.2811729056, 2795560.0714689386], [699766.8315575023, 2795558.97904649]]]}, "properties": {"id": 108, "height_m": 13.8, "interval_half_width_m": null, "coverage_nominal": null, "area_m2": null, "perimeter_m": null, "size_class": null, "confidence": null, "provenance": null, "evidence": null, "height_is_metric": false}}, {"type": "Feature", "geometry": {"type": "Polygon", "coordinates": [[[700169.7514086594, 2795561.531376281], [700165.6921611684, 2795563.63780192], [700158.3307145161, 2795563.681226613], [700158.3761838007, 2795556.1566322003], [700160.218513765, 2795559.7158472557], [700166.8640480579, 2795556.115366536], [700169.7514086594, 2795561.531376281]]]}, "properties": {"id": 109, "height_m": 8.59, "interval_half_width_m": null, "coverage_nominal": null, "area_m2": null, "perimeter_m": null, "size_class": null, "confidence": null, "provenance": null, "evidence": null, "height_is_metric": false}}, {"type": "Feature", "geometry": {"type": "Polygon", "coordinates": [[[699827.5773048236, 2795563.4405293097], [699819.6870870114, 2795560.7921342114], [699815.2343547404, 2795554.60883029], [699824.8120017863, 2795548.1774059753], [699827.6774059111, 2795552.4444465707], [699822.3305384693, 2795555.6259842883], [699827.5773048236, 2795563.4405293097]]]}, "properties": {"id": 110, "height_m": 15.78, "interval_half_width_m": null, "coverage_nominal": null, "area_m2": null, "perimeter_m": null, "size_class": null, "confidence": null, "provenance": null, "evidence": null, "height_is_metric": false}}, {"type": "Feature", "geometry": {"type": "Polygon", "coordinates": [[[699996.6641240058, 2795562.4657624494], [699996.1627717401, 2795557.132627342], [700000.6097898344, 2795556.876938907], [700000.0694377393, 2795551.382487017], [700007.8213404291, 2795550.719589097], [700008.696242703, 2795561.5117085264], [699996.6641240058, 2795562.4657624494]]]}, "properties": {"id": 329, "height_m": 28.95, "interval_half_width_m": null, "coverage_nominal": null, "area_m2": 21.2, "perimeter_m": 25.0, "size_class": "tiny", "confidence": 0.9, "provenance": "INFERRED", "evidence": {"height": 1.0, "edge": 1.0, "texture": 0.996, "shadow": 0.0}, "height_is_metric": false}}, {"type": "Feature", "geometry": {"type": "Polygon", "coordinates": [[[699873.0081159502, 2795560.907256947], [699872.223084175, 2795559.052064363], [699869.4890221982, 2795560.248532131], [699867.821199686, 2795556.345116117], [699873.6723489583, 2795553.8543377], [699873.0081159502, 2795560.907256947]]]}, "properties": {"id": 469, "height_m": 21.11, "interval_half_width_m": null, "coverage_nominal": null, "area_m2": 7.5, "perimeter_m": 20.0, "size_class": "tiny", "confidence": 0.9, "provenance": "INFERRED", "evidence": {"height": 1.0, "edge": 1.0, "texture": 1.0, "shadow": 0.0}, "height_is_metric": false}}, {"type": "Feature", "geometry": {"type": "Polygon", "coordinates": [[[699746.067819893, 2795557.049828995], [699733.0606179675, 2795558.3037665817], [699732.6555979075, 2795554.0859182593], [699743.6091894426, 2795553.0367450346], [699746.067819893, 2795557.049828995]]]}, "properties": {"id": 113, "height_m": 13.42, "interval_half_width_m": null, "coverage_nominal": null, "area_m2": null, "perimeter_m": null, "size_class": null, "confidence": null, "provenance": null, "evidence": null, "height_is_metric": false}}, {"type": "Feature", "geometry": {"type": "Polygon", "coordinates": [[[700167.9568672184, 2795557.746889911], [700165.908643789, 2795555.4037722326], [700165.7554824876, 2795557.422326191], [700163.1744750052, 2795557.2282196465], [700163.4832083957, 2795553.171909349], [700164.5248517238, 2795553.5251812767], [700168.259375284, 2795553.772698973], [700167.9568672184, 2795557.746889911]]]}, "properties": {"id": 114, "height_m": 8.58, "interval_half_width_m": null, "coverage_nominal": null, "area_m2": null, "perimeter_m": null, "size_class": null, "confidence": null, "provenance": null, "evidence": null, "height_is_metric": false}}, {"type": "Feature", "geometry": {"type": "Polygon", "coordinates": [[[699761.3314105083, 2795556.8449044228], [699757.113493524, 2795556.2681463836], [699753.5354232109, 2795551.465376912], [699754.1680947376, 2795546.8339869725], [699760.2911365991, 2795547.603310483], [699759.6455395129, 2795552.324601438], [699761.3314105083, 2795556.8449044228]]]}, "properties": {"id": 115, "height_m": 13.77, "interval_half_width_m": null, "coverage_nominal": null, "area_m2": null, "perimeter_m": null, "size_class": null, "confidence": null, "provenance": null, "evidence": null, "height_is_metric": false}}, {"type": "Feature", "geometry": {"type": "Polygon", "coordinates": [[[699846.8715548799, 2795563.756640015], [699844.6670727449, 2795550.408978954], [699868.0101413473, 2795546.4457433666], [699868.9041620821, 2795551.720744926], [699858.2637620587, 2795561.825881447], [699846.8715548799, 2795563.756640015]]]}, "properties": {"id": 397, "height_m": 19.9, "interval_half_width_m": null, "coverage_nominal": null, "area_m2": 12.3, "perimeter_m": 20.8, "size_class": "tiny", "confidence": 0.897, "provenance": "INFERRED", "evidence": {"height": 1.0, "edge": 1.0, "texture": 0.97, "shadow": 0.0}, "height_is_metric": false}}, {"type": "Feature", "geometry": {"type": "Polygon", "coordinates": [[[700160.7779385465, 2795559.7108196956], [700159.385113657, 2795559.185283263], [700159.5262210205, 2795556.427662704], [700158.3294328316, 2795554.4541889476], [700162.3956685549, 2795554.6606774805], [700162.2667371944, 2795557.1798513136], [700160.8832808085, 2795557.652052885], [700160.7779385465, 2795559.7108196956]]]}, "properties": {"id": 117, "height_m": 8.41, "interval_half_width_m": null, "coverage_nominal": null, "area_m2": null, "perimeter_m": null, "size_class": null, "confidence": null, "provenance": null, "evidence": null, "height_is_metric": false}}, {"type": "Feature", "geometry": {"type": "Polygon", "coordinates": [[[700183.8056898671, 2795557.0921169557], [700178.6759001135, 2795557.02447758], [700178.7280524675, 2795553.268264561], [700183.8593680359, 2795553.341473161], [700183.8056898671, 2795557.0921169557]]]}, "properties": {"id": 377, "height_m": 9.04, "interval_half_width_m": null, "coverage_nominal": null, "area_m2": 14.7, "perimeter_m": 16.6, "size_class": "tiny", "confidence": 0.882, "provenance": "INFERRED", "evidence": {"height": 1.0, "edge": 0.929, "texture": 1.0, "shadow": 0.0}, "height_is_metric": false}}, {"type": "Feature", "geometry": {"type": "Polygon", "coordinates": [[[700163.3305048387, 2795556.431530645], [700157.5807459678, 2795554.9315935485], [700159.5806620969, 2795545.931970968], [700162.8305258065, 2795550.1817927416], [700165.3304209678, 2795547.9318870967], [700163.3305048387, 2795556.431530645]]]}, "properties": {"id": 119, "height_m": 8.45, "interval_half_width_m": null, "coverage_nominal": null, "area_m2": null, "perimeter_m": null, "size_class": null, "confidence": null, "provenance": null, "evidence": null, "height_is_metric": false}}, {"type": "Feature", "geometry": {"type": "Polygon", "coordinates": [[[699827.1074606358, 2795553.11460737], [699829.3419402922, 2795549.3397794086], [699834.233741064, 2795552.2719684523], [699833.1946305886, 2795554.000480253], [699827.1074606358, 2795553.11460737]]]}, "properties": {"id": 120, "height_m": 16.15, "interval_half_width_m": null, "coverage_nominal": null, "area_m2": null, "perimeter_m": null, "size_class": null, "confidence": null, "provenance": null, "evidence": null, "height_is_metric": false}}, {"type": "Feature", "geometry": {"type": "Polygon", "coordinates": [[[700009.5869524194, 2795573.180828226], [699993.8376129032, 2795572.1808701614], [699994.3375919355, 2795562.181289516], [700010.3369209678, 2795561.9313], [700009.5869524194, 2795573.180828226]]]}, "properties": {"id": 121, "height_m": 29.18, "interval_half_width_m": null, "coverage_nominal": null, "area_m2": null, "perimeter_m": null, "size_class": null, "confidence": null, "provenance": null, "evidence": null, "height_is_metric": false}}, {"type": "Feature", "geometry": {"type": "Polygon", "coordinates": [[[699765.3865764444, 2795558.7784933774], [699774.1608933797, 2795545.999419616], [699784.6753068654, 2795553.1953687533], [699775.5111060732, 2795551.6831412176], [699769.0003317537, 2795561.2517096647], [699765.3865764444, 2795558.7784933774]]]}, "properties": {"id": 122, "height_m": 14.31, "interval_half_width_m": null, "coverage_nominal": null, "area_m2": null, "perimeter_m": null, "size_class": null, "confidence": null, "provenance": null, "evidence": null, "height_is_metric": false}}, {"type": "Feature", "geometry": {"type": "Polygon", "coordinates": [[[699749.0927765765, 2795549.355068074], [699745.2152030997, 2795556.432049422], [699742.980969481, 2795552.681169126], [699734.0197101787, 2795552.3025762998], [699746.4318888688, 2795544.887909223], [699749.0927765765, 2795549.355068074]]]}, "properties": {"id": 123, "height_m": 13.43, "interval_half_width_m": null, "coverage_nominal": null, "area_m2": null, "perimeter_m": null, "size_class": null, "confidence": null, "provenance": null, "evidence": null, "height_is_metric": false}}, {"type": "Feature", "geometry": {"type": "Polygon", "coordinates": [[[699821.5485125495, 2795546.057926989], [699826.7302334137, 2795533.833334369], [699840.9813447458, 2795539.990455307], [699835.3676504202, 2795552.3466494633], [699821.5485125495, 2795546.057926989]]]}, "properties": {"id": 13, "height_m": 16.28, "interval_half_width_m": null, "coverage_nominal": null, "area_m2": 1971.4, "perimeter_m": 784.0, "size_class": "large", "confidence": 0.997, "provenance": "INFERRED", "evidence": {"height": 1.0, "edge": 1.0, "texture": 0.969, "shadow": 1.0}, "height_is_metric": false}}, {"type": "Feature", "geometry": {"type": "Polygon", "coordinates": [[[700169.3302532259, 2795551.931719355], [700166.3303790323, 2795551.6817298387], [700167.0803475807, 2795545.931970968], [700169.580242742, 2795547.1819185484], [700169.3302532259, 2795551.931719355]]]}, "properties": {"id": 125, "height_m": 8.59, "interval_half_width_m": null, "coverage_nominal": null, "area_m2": null, "perimeter_m": null, "size_class": null, "confidence": null, "provenance": null, "evidence": null, "height_is_metric": false}}, {"type": "Feature", "geometry": {"type": "Polygon", "coordinates": [[[700177.3093192406, 2795551.3489724924], [700170.0413440102, 2795551.2740397216], [700170.1006676941, 2795544.4019142846], [700177.3689480876, 2795544.4526323723], [700177.3093192406, 2795551.3489724924]]]}, "properties": {"id": 126, "height_m": 8.78, "interval_half_width_m": null, "coverage_nominal": null, "area_m2": null, "perimeter_m": null, "size_class": null, "confidence": null, "provenance": null, "evidence": null, "height_is_metric": false}}, {"type": "Feature", "geometry": {"type": "Polygon", "coordinates": [[[699992.5876653226, 2795554.6816040324], [699991.5877072581, 2795546.181960484], [700008.836983871, 2795547.9318870967], [699992.5876653226, 2795554.6816040324]]]}, "properties": {"id": 127, "height_m": 28.38, "interval_half_width_m": null, "coverage_nominal": null, "area_m2": null, "perimeter_m": null, "size_class": null, "confidence": null, "provenance": null, "evidence": null, "height_is_metric": false}}, {"type": "Feature", "geometry": {"type": "Polygon", "coordinates": [[[699846.9024221158, 2795557.1603437695], [699836.5398195854, 2795544.7043536883], [699845.0895937829, 2795537.681134429], [699847.0937669355, 2795545.182002419], [699855.0863821867, 2795544.593968608], [699846.3508476521, 2795551.7697846177], [699846.9024221158, 2795557.1603437695]]]}, "properties": {"id": 128, "height_m": 17.69, "interval_half_width_m": null, "coverage_nominal": null, "area_m2": null, "perimeter_m": null, "size_class": null, "confidence": null, "provenance": null, "evidence": null, "height_is_metric": false}}, {"type": "Feature", "geometry": {"type": "Polygon", "coordinates": [[[699877.7812922412, 2795548.884766142], [699881.1535263073, 2795544.4207123243], [699884.0922153227, 2795546.740340082], [699891.2956333238, 2795548.690247627], [699889.1466908519, 2795551.412782072], [699885.9465839666, 2795548.8075370197], [699882.979423245, 2795552.5665727966], [699881.3423306452, 2795548.431866129], [699877.7812922412, 2795548.884766142]]]}, "properties": {"id": 354, "height_m": 7.04, "interval_half_width_m": null, "coverage_nominal": null, "area_m2": 17.5, "perimeter_m": 30.4, "size_class": "tiny", "confidence": 0.899, "provenance": "INFERRED", "evidence": {"height": 1.0, "edge": 0.998, "texture": 1.0, "shadow": 0.0}, "height_is_metric": false}}, {"type": "Feature", "geometry": {"type": "Polygon", "coordinates": [[[699762.2325358188, 2795559.0119125433], [699761.3014072652, 2795547.332730095], [699772.5895519593, 2795546.3727865266], [699773.0123133131, 2795551.891041129], [699767.3497585793, 2795552.3002494317], [699762.2325358188, 2795559.0119125433]]]}, "properties": {"id": 130, "height_m": 14.04, "interval_half_width_m": null, "coverage_nominal": null, "area_m2": null, "perimeter_m": null, "size_class": null, "confidence": null, "provenance": null, "evidence": null, "height_is_metric": false}}, {"type": "Feature", "geometry": {"type": "Polygon", "coordinates": [[[699955.8698142989, 2795547.470412004], [699953.3359392394, 2795547.641715245], [699948.4399195893, 2795543.310628568], [699952.241685813, 2795543.1059939004], [699955.5592651886, 2795542.8813252826], [699955.8698142989, 2795547.470412004]]]}, "properties": {"id": 131, "height_m": 16.81, "interval_half_width_m": null, "coverage_nominal": null, "area_m2": null, "perimeter_m": null, "size_class": null, "confidence": null, "provenance": null, "evidence": null, "height_is_metric": false}}, {"type": "Feature", "geometry": {"type": "Polygon", "coordinates": [[[699895.3417435484, 2795551.1817508065], [699899.0915862904, 2795534.682442742], [699903.3414080646, 2795535.9323903224], [699902.5914395162, 2795540.4322016127], [699913.3409887097, 2795543.4320758064], [699912.0910411291, 2795547.6818975806], [699905.0913346774, 2795545.6819814513], [699895.3417435484, 2795551.1817508065]]]}, "properties": {"id": 132, "height_m": 10.11, "interval_half_width_m": null, "coverage_nominal": null, "area_m2": null, "perimeter_m": null, "size_class": null, "confidence": null, "provenance": null, "evidence": null, "height_is_metric": false}}, {"type": "Feature", "geometry": {"type": "Polygon", "coordinates": [[[699953.0603160326, 2795547.016504953], [699947.8685476771, 2795548.097300692], [699948.8395, 2795546.681939516], [699947.7915855726, 2795546.004210675], [699950.8873724919, 2795545.359752228], [699953.0603160326, 2795547.016504953]]]}, "properties": {"id": 352, "height_m": 16.24, "interval_half_width_m": null, "coverage_nominal": null, "area_m2": 17.6, "perimeter_m": 35.0, "size_class": "tiny", "confidence": 0.835, "provenance": "INFERRED", "evidence": {"height": 0.882, "edge": 1.0, "texture": 1.0, "shadow": 0.0}, "height_is_metric": false}}, {"type": "Feature", "geometry": {"type": "Polygon", "coordinates": [[[699962.0889443549, 2795550.9317612904], [699954.589258871, 2795549.1818346772], [699956.3391854839, 2795542.932096774], [699963.5888814516, 2795544.682023387], [699962.0889443549, 2795550.9317612904]]]}, "properties": {"id": 134, "height_m": 18.24, "interval_half_width_m": null, "coverage_nominal": null, "area_m2": null, "perimeter_m": null, "size_class": null, "confidence": null, "provenance": null, "evidence": null, "height_is_metric": false}}, {"type": "Feature", "geometry": {"type": "Polygon", "coordinates": [[[700161.3305887097, 2795549.9318032255], [700160.3306306452, 2795545.931970968], [700164.0804733871, 2795545.182002419], [700165.0804314517, 2795548.931845161], [700161.3305887097, 2795549.9318032255]]]}, "properties": {"id": 135, "height_m": 8.44, "interval_half_width_m": null, "coverage_nominal": null, "area_m2": null, "perimeter_m": null, "size_class": null, "confidence": null, "provenance": null, "evidence": null, "height_is_metric": false}}, {"type": "Feature", "geometry": {"type": "Polygon", "coordinates": [[[699891.2745465618, 2795548.548781697], [699882.8350811537, 2795544.0257093585], [699887.8420580645, 2795542.182128226], [699884.7994610533, 2795533.498135719], [699893.8845292693, 2795538.366644926], [699898.4161690589, 2795535.2218412026], [699891.2745465618, 2795548.548781697]]]}, "properties": {"id": 136, "height_m": 7.6, "interval_half_width_m": null, "coverage_nominal": null, "area_m2": null, "perimeter_m": null, "size_class": null, "confidence": null, "provenance": null, "evidence": null, "height_is_metric": false}}, {"type": "Feature", "geometry": {"type": "Polygon", "coordinates": [[[699946.9150506768, 2795547.3830667287], [699942.4651335343, 2795545.58570253], [699943.3888924018, 2795543.327206547], [699944.3396887097, 2795543.4320758064], [699946.9150506768, 2795547.3830667287]]]}, "properties": {"id": 77, "height_m": 15.21, "interval_half_width_m": null, "coverage_nominal": null, "area_m2": 451.8, "perimeter_m": 145.0, "size_class": "medium", "confidence": 0.9, "provenance": "INFERRED", "evidence": {"height": 1.0, "edge": 1.0, "texture": 0.998, "shadow": 0.0}, "height_is_metric": false}}, {"type": "Feature", "geometry": {"type": "Polygon", "coordinates": [[[699930.5902653226, 2795551.4317403226], [699934.0901185484, 2795540.1822120966], [699929.5903072581, 2795537.4323274195], [699939.8398774194, 2795541.6821491937], [699946.839583871, 2795536.6823588707], [699945.0896572581, 2795540.4322016127], [699950.3394370968, 2795543.4320758064], [699933.5901395162, 2795545.4319919352], [699930.5902653226, 2795551.4317403226]]]}, "properties": {"id": 138, "height_m": 15.28, "interval_half_width_m": null, "coverage_nominal": null, "area_m2": null, "perimeter_m": null, "size_class": null, "confidence": null, "provenance": null, "evidence": null, "height_is_metric": false}}, {"type": "Feature", "geometry": {"type": "Polygon", "coordinates": [[[700005.2139973813, 2795543.8067320306], [699998.3204571317, 2795549.6621612133], [699991.6958875358, 2795541.793587086], [699998.6193337578, 2795535.9659277345], [700005.2139973813, 2795543.8067320306]]]}, "properties": {"id": 44, "height_m": 27.74, "interval_half_width_m": null, "coverage_nominal": null, "area_m2": 944.3, "perimeter_m": 382.3, "size_class": "large", "confidence": 0.899, "provenance": "INFERRED", "evidence": {"height": 1.0, "edge": 1.0, "texture": 0.992, "shadow": 0.0}, "height_is_metric": false}}, {"type": "Feature", "geometry": {"type": "Polygon", "coordinates": [[[700008.72990218, 2795548.838549208], [700005.3371306452, 2795541.432159677], [700008.3251339986, 2795539.5906002494], [700011.4042590191, 2795541.1027286076], [700014.8882742861, 2795535.946771128], [700008.72990218, 2795548.838549208]]]}, "properties": {"id": 499, "height_m": 30.16, "interval_half_width_m": null, "coverage_nominal": null, "area_m2": 6.4, "perimeter_m": 11.4, "size_class": "tiny", "confidence": 0.9, "provenance": "INFERRED", "evidence": {"height": 1.0, "edge": 1.0, "texture": 1.0, "shadow": 0.0}, "height_is_metric": false}}, {"type": "Feature", "geometry": {"type": "Polygon", "coordinates": [[[699879.4240913887, 2795545.5283547766], [699874.8787040068, 2795536.4202772714], [699880.4391245046, 2795533.6248165024], [699881.9183715511, 2795536.5860875784], [699885.0227335502, 2795535.025400161], [699884.0922153227, 2795539.4322435483], [699887.1209426762, 2795541.65885], [699879.4240913887, 2795545.5283547766]]]}, "properties": {"id": 99, "height_m": 6.03, "interval_half_width_m": null, "coverage_nominal": null, "area_m2": 305.7, "perimeter_m": 130.8, "size_class": "medium", "confidence": 0.895, "provenance": "INFERRED", "evidence": {"height": 1.0, "edge": 1.0, "texture": 0.947, "shadow": 0.0}, "height_is_metric": false}}, {"type": "Feature", "geometry": {"type": "Polygon", "coordinates": [[[699956.1152416284, 2795559.3685183767], [699957.3036836097, 2795549.4948174623], [699967.4297543116, 2795550.9438610026], [699969.1837395922, 2795538.5696164556], [699976.699369842, 2795539.0966939605], [699974.5506562421, 2795554.1176475803], [699956.1152416284, 2795559.3685183767]]]}, "properties": {"id": 142, "height_m": 20.88, "interval_half_width_m": null, "coverage_nominal": null, "area_m2": null, "perimeter_m": null, "size_class": null, "confidence": null, "provenance": null, "evidence": null, "height_is_metric": false}}, {"type": "Feature", "geometry": {"type": "Polygon", "coordinates": [[[699754.0976669355, 2795543.1820862903], [699753.8476774194, 2795542.432117742], [699754.0976669355, 2795541.182170161], [699757.3475306452, 2795540.682191129], [699757.8475096774, 2795540.932180645], [699754.5976459677, 2795543.4320758064], [699754.0976669355, 2795543.1820862903]]]}, "properties": {"id": 143, "height_m": 13.44, "interval_half_width_m": null, "coverage_nominal": null, "area_m2": null, "perimeter_m": null, "size_class": null, "confidence": null, "provenance": null, "evidence": null, "height_is_metric": false}}, {"type": "Feature", "geometry": {"type": "Polygon", "coordinates": [[[699860.6124260745, 2795544.6706942115], [699854.3679598618, 2795544.8874514783], [699854.3109935618, 2795536.0018454175], [699857.3433370969, 2795541.182170161], [699860.5819555506, 2795539.918658086], [699860.6124260745, 2795544.6706942115]]]}, "properties": {"id": 231, "height_m": 18.76, "interval_half_width_m": null, "coverage_nominal": null, "area_m2": 61.6, "perimeter_m": 49.4, "size_class": "small", "confidence": 0.821, "provenance": "INFERRED", "evidence": {"height": 0.856, "edge": 1.0, "texture": 1.0, "shadow": 0.0}, "height_is_metric": false}}, {"type": "Feature", "geometry": {"type": "Polygon", "coordinates": [[[699963.8388709677, 2795545.6819814513], [699961.5889653226, 2795543.1820862903], [699965.3388080646, 2795526.932767742], [699963.8388709677, 2795545.6819814513]]]}, "properties": {"id": 145, "height_m": 18.38, "interval_half_width_m": null, "coverage_nominal": null, "area_m2": null, "perimeter_m": null, "size_class": null, "confidence": null, "provenance": null, "evidence": null, "height_is_metric": false}}, {"type": "Feature", "geometry": {"type": "Polygon", "coordinates": [[[700160.4962731127, 2795542.1493918668], [700160.6657911501, 2795539.1938273385], [700163.800516866, 2795539.291181959], [700163.6096374198, 2795542.344352868], [700160.4962731127, 2795542.1493918668]]]}, "properties": {"id": 146, "height_m": 8.32, "interval_half_width_m": null, "coverage_nominal": null, "area_m2": null, "perimeter_m": null, "size_class": null, "confidence": null, "provenance": null, "evidence": null, "height_is_metric": false}}, {"type": "Feature", "geometry": {"type": "Polygon", "coordinates": [[[700203.8075976243, 2795542.492997757], [700199.0383274194, 2795540.792004029], [700200.1408507627, 2795537.7616135366], [700203.3251959799, 2795534.755964134], [700201.7596488417, 2795539.0396208535], [700207.1515430819, 2795541.0013000607], [700203.8075976243, 2795542.492997757]]]}, "properties": {"id": 437, "height_m": 6.01, "interval_half_width_m": null, "coverage_nominal": null, "area_m2": 8.8, "perimeter_m": 18.4, "size_class": "tiny", "confidence": 0.701, "provenance": "INFERRED", "evidence": {"height": 1.0, "edge": 0.204, "texture": 1.0, "shadow": 0.0}, "height_is_metric": false}}, {"type": "Feature", "geometry": {"type": "Polygon", "coordinates": [[[699818.188103549, 2795543.9808504], [699801.2899245777, 2795543.684544772], [699801.3712962873, 2795539.1091674976], [699818.282002199, 2795539.4540550727], [699818.188103549, 2795543.9808504]]]}, "properties": {"id": 148, "height_m": 15.0, "interval_half_width_m": null, "coverage_nominal": null, "area_m2": null, "perimeter_m": null, "size_class": null, "confidence": null, "provenance": null, "evidence": null, "height_is_metric": false}}, {"type": "Feature", "geometry": {"type": "Polygon", "coordinates": [[[699780.9559270182, 2795536.9903140957], [699794.084614566, 2795536.2547187237], [699802.8290598597, 2795542.4199035936], [699781.515069524, 2795544.313943425], [699780.9559270182, 2795536.9903140957]]]}, "properties": {"id": 149, "height_m": 14.51, "interval_half_width_m": null, "coverage_nominal": null, "area_m2": null, "perimeter_m": null, "size_class": null, "confidence": null, "provenance": null, "evidence": null, "height_is_metric": false}}, {"type": "Feature", "geometry": {"type": "Polygon", "coordinates": [[[699860.5932008065, 2795541.432159677], [699861.0931798387, 2795538.432285484], [699863.7651869227, 2795538.946981001], [699864.1953294062, 2795540.7931255028], [699867.3185352195, 2795540.056561238], [699862.8431064517, 2795543.4320758064], [699860.5932008065, 2795541.432159677]]]}, "properties": {"id": 150, "height_m": 19.5, "interval_half_width_m": null, "coverage_nominal": null, "area_m2": null, "perimeter_m": null, "size_class": null, "confidence": null, "provenance": null, "evidence": null, "height_is_metric": false}}, {"type": "Feature", "geometry": {"type": "Polygon", "coordinates": [[[699931.4544411176, 2795544.4429587056], [699909.5448680014, 2795540.913550445], [699910.3854394396, 2795535.713130719], [699916.9294307496, 2795539.3391001765], [699931.8893594018, 2795541.752268018], [699931.4544411176, 2795544.4429587056]]]}, "properties": {"id": 151, "height_m": 12.69, "interval_half_width_m": null, "coverage_nominal": null, "area_m2": null, "perimeter_m": null, "size_class": null, "confidence": null, "provenance": null, "evidence": null, "height_is_metric": false}}, {"type": "Feature", "geometry": {"type": "Polygon", "coordinates": [[[699782.8960579042, 2795540.9138250914], [699752.6156257405, 2795541.46074582], [699752.5175787811, 2795536.284899343], [699778.6092961509, 2795535.819640229], [699782.8960579042, 2795540.9138250914]]]}, "properties": {"id": 152, "height_m": 14.03, "interval_half_width_m": null, "coverage_nominal": null, "area_m2": null, "perimeter_m": null, "size_class": null, "confidence": null, "provenance": null, "evidence": null, "height_is_metric": false}}, {"type": "Feature", "geometry": {"type": "Polygon", "coordinates": [[[699960.8979237464, 2795528.759809041], [699958.3119573656, 2795543.4371643993], [699945.7861612517, 2795541.3557316083], [699946.6360859354, 2795536.509712913], [699952.8145072494, 2795537.5991981677], [699960.8979237464, 2795528.759809041]]]}, "properties": {"id": 153, "height_m": 17.25, "interval_half_width_m": null, "coverage_nominal": null, "area_m2": null, "perimeter_m": null, "size_class": null, "confidence": null, "provenance": null, "evidence": null, "height_is_metric": false}}, {"type": "Feature", "geometry": {"type": "Polygon", "coordinates": [[[699930.3675726354, 2795539.857808587], [699916.8299933914, 2795539.695751785], [699908.1020574151, 2795532.6690078927], [699919.0634507518, 2795530.7570244772], [699930.3675726354, 2795539.857808587]]]}, "properties": {"id": 475, "height_m": 12.03, "interval_half_width_m": null, "coverage_nominal": null, "area_m2": 7.2, "perimeter_m": 11.3, "size_class": "tiny", "confidence": 0.896, "provenance": "INFERRED", "evidence": {"height": 1.0, "edge": 1.0, "texture": 0.958, "shadow": 0.0}, "height_is_metric": false}}, {"type": "Feature", "geometry": {"type": "Polygon", "coordinates": [[[699848.4677174946, 2795545.456794057], [699844.1070071212, 2795535.6804401344], [699851.9646487847, 2795532.1635359265], [699851.249316235, 2795525.672780299], [699855.8966738279, 2795535.877117677], [699853.8762812626, 2795542.993571857], [699848.4677174946, 2795545.456794057]]]}, "properties": {"id": 155, "height_m": 17.86, "interval_half_width_m": null, "coverage_nominal": null, "area_m2": null, "perimeter_m": null, "size_class": null, "confidence": null, "provenance": null, "evidence": null, "height_is_metric": false}}, {"type": "Feature", "geometry": {"type": "Polygon", "coordinates": [[[700155.0808508064, 2795539.9322225805], [700164.0804733871, 2795535.6824008063], [700163.0805153226, 2795538.682275], [700155.0808508064, 2795539.9322225805]]]}, "properties": {"id": 493, "height_m": 8.25, "interval_half_width_m": null, "coverage_nominal": null, "area_m2": 6.5, "perimeter_m": 13.4, "size_class": "tiny", "confidence": 0.9, "provenance": "INFERRED", "evidence": {"height": 1.0, "edge": 1.0, "texture": 1.0, "shadow": 0.0}, "height_is_metric": false}}, {"type": "Feature", "geometry": {"type": "Polygon", "coordinates": [[[699945.6036432713, 2795533.490994905], [699942.0625625264, 2795541.316411358], [699932.7108886698, 2795537.1016909555], [699935.4825772424, 2795531.070495523], [699944.3396887097, 2795531.432579032], [699945.6036432713, 2795533.490994905]]]}, "properties": {"id": 157, "height_m": 14.51, "interval_half_width_m": null, "coverage_nominal": null, "area_m2": null, "perimeter_m": null, "size_class": null, "confidence": null, "provenance": null, "evidence": null, "height_is_metric": false}}, {"type": "Feature", "geometry": {"type": "Polygon", "coordinates": [[[699904.6125339563, 2795540.048840615], [699905.2318927477, 2795535.2369925445], [699910.8501111146, 2795536.1092704167], [699908.8411774194, 2795538.932264516], [699909.6703815365, 2795540.834101262], [699904.6125339563, 2795540.048840615]]]}, "properties": {"id": 158, "height_m": 9.6, "interval_half_width_m": null, "coverage_nominal": null, "area_m2": null, "perimeter_m": null, "size_class": null, "confidence": null, "provenance": null, "evidence": null, "height_is_metric": false}}, {"type": "Feature", "geometry": {"type": "Polygon", "coordinates": [[[700158.0843564395, 2795537.9411104037], [700160.2579408225, 2795533.5302159777], [700162.6022028622, 2795532.4593304065], [700163.8779061986, 2795535.549082728], [700158.0843564395, 2795537.9411104037]]]}, "properties": {"id": 159, "height_m": 8.21, "interval_half_width_m": null, "coverage_nominal": null, "area_m2": null, "perimeter_m": null, "size_class": null, "confidence": null, "provenance": null, "evidence": null, "height_is_metric": false}}, {"type": "Feature", "geometry": {"type": "Polygon", "coordinates": [[[700200.5114712063, 2795534.603489449], [700198.1683993023, 2795536.7417741036], [700196.3072407818, 2795534.7019808018], [700194.5847483212, 2795534.997607442], [700196.009310161, 2795533.641440256], [700197.5605756716, 2795535.3899020865], [700199.4117553624, 2795533.700855489], [700200.5114712063, 2795534.603489449]]]}, "properties": {"id": 458, "height_m": 5.73, "interval_half_width_m": null, "coverage_nominal": null, "area_m2": 8.0, "perimeter_m": 14.9, "size_class": "tiny", "confidence": 0.797, "provenance": "INFERRED", "evidence": {"height": 0.82, "edge": 1.0, "texture": 0.963, "shadow": 0.0}, "height_is_metric": false}}, {"type": "Feature", "geometry": {"type": "Polygon", "coordinates": [[[700182.9506537035, 2795535.242355784], [700179.3311460718, 2795533.701107248], [700180.3013812618, 2795531.254615609], [700183.98579706, 2795532.781933455], [700182.9506537035, 2795535.242355784]]]}, "properties": {"id": 161, "height_m": 5.37, "interval_half_width_m": null, "coverage_nominal": null, "area_m2": null, "perimeter_m": null, "size_class": null, "confidence": null, "provenance": null, "evidence": null, "height_is_metric": false}}, {"type": "Feature", "geometry": {"type": "Polygon", "coordinates": [[[699902.3306930049, 2795540.3979089228], [699904.8413451613, 2795534.932432258], [699902.0702516566, 2795533.3042656756], [699907.6892787054, 2795532.464686017], [699908.2422340316, 2795535.4579763194], [699904.5368687945, 2795535.9716342823], [699905.1787028397, 2795539.9977868474], [699902.3306930049, 2795540.3979089228]]]}, "properties": {"id": 162, "height_m": 9.17, "interval_half_width_m": null, "coverage_nominal": null, "area_m2": null, "perimeter_m": null, "size_class": null, "confidence": null, "provenance": null, "evidence": null, "height_is_metric": false}}, {"type": "Feature", "geometry": {"type": "Polygon", "coordinates": [[[700156.2624418788, 2795539.5619759616], [700155.3186338033, 2795534.37050514], [700152.2188797652, 2795531.898829926], [700157.5633211614, 2795525.1968938843], [700163.7905685528, 2795530.134514878], [700156.2624418788, 2795539.5619759616]]]}, "properties": {"id": 337, "height_m": 8.12, "interval_half_width_m": null, "coverage_nominal": null, "area_m2": 19.3, "perimeter_m": 32.7, "size_class": "tiny", "confidence": 0.405, "provenance": "INFERRED", "evidence": {"height": 0.1, "edge": 1.0, "texture": 1.0, "shadow": 0.0}, "height_is_metric": false}}, {"type": "Feature", "geometry": {"type": "Polygon", "coordinates": [[[699851.2000934457, 2795533.6991618345], [699840.862201488, 2795537.578630183], [699825.8214275325, 2795534.3418884813], [699848.2422783404, 2795525.8604097595], [699851.2000934457, 2795533.6991618345]]]}, "properties": {"id": 164, "height_m": 16.96, "interval_half_width_m": null, "coverage_nominal": null, "area_m2": null, "perimeter_m": null, "size_class": null, "confidence": null, "provenance": null, "evidence": null, "height_is_metric": false}}, {"type": "Feature", "geometry": {"type": "Polygon", "coordinates": [[[700199.4856963534, 2795538.9090034678], [700197.6739742364, 2795528.4916089238], [700208.8269794104, 2795526.6471351893], [700207.3286596774, 2795532.4325370966], [700201.1547547757, 2795529.612030076], [700202.2530363535, 2795536.253002182], [700199.4856963534, 2795538.9090034678]]]}, "properties": {"id": 165, "height_m": 5.78, "interval_half_width_m": null, "coverage_nominal": null, "area_m2": null, "perimeter_m": null, "size_class": null, "confidence": null, "provenance": null, "evidence": null, "height_is_metric": false}}, {"type": "Feature", "geometry": {"type": "Polygon", "coordinates": [[[699903.5573108754, 2795532.7386079403], [699903.8881380659, 2795530.520423987], [699907.3285760588, 2795531.038705169], [699908.1348166614, 2795530.1883379994], [699907.7976115645, 2795532.426830549], [699906.341282258, 2795531.432579032], [699903.5573108754, 2795532.7386079403]]]}, "properties": {"id": 166, "height_m": 9.08, "interval_half_width_m": null, "coverage_nominal": null, "area_m2": null, "perimeter_m": null, "size_class": null, "confidence": null, "provenance": null, "evidence": null, "height_is_metric": false}}, {"type": "Feature", "geometry": {"type": "Polygon", "coordinates": [[[699966.4106014954, 2795540.952565532], [699966.4255392235, 2795522.535186051], [699970.1649759077, 2795522.5025030957], [699970.1036228898, 2795533.4903311757], [699971.5885459678, 2795536.932348387], [699966.4106014954, 2795540.952565532]]]}, "properties": {"id": 167, "height_m": 19.51, "interval_half_width_m": null, "coverage_nominal": null, "area_m2": null, "perimeter_m": null, "size_class": null, "confidence": null, "provenance": null, "evidence": null, "height_is_metric": false}}, {"type": "Feature", "geometry": {"type": "Polygon", "coordinates": [[[700151.6916801948, 2795534.0106111756], [700146.9335789552, 2795530.8628015965], [700150.3265030716, 2795525.7444936], [700149.6350952997, 2795519.9001342044], [700157.5682037692, 2795525.1457638266], [700151.6916801948, 2795534.0106111756]]]}, "properties": {"id": 168, "height_m": 7.92, "interval_half_width_m": null, "coverage_nominal": null, "area_m2": null, "perimeter_m": null, "size_class": null, "confidence": null, "provenance": null, "evidence": null, "height_is_metric": false}}, {"type": "Feature", "geometry": {"type": "Polygon", "coordinates": [[[700224.887096909, 2795530.0266397633], [700215.1841957164, 2795530.5899019693], [700214.8613027636, 2795526.3627080303], [700224.6299055464, 2795525.751619156], [700224.887096909, 2795530.0266397633]]]}, "properties": {"id": 169, "height_m": 5.69, "interval_half_width_m": null, "coverage_nominal": null, "area_m2": null, "perimeter_m": null, "size_class": null, "confidence": null, "provenance": null, "evidence": null, "height_is_metric": false}}, {"type": "Feature", "geometry": {"type": "Polygon", "coordinates": [[[699834.834439139, 2795530.9196458315], [699839.1483909142, 2795527.66336607], [699837.6464244835, 2795525.811125938], [699842.2472599796, 2795522.336982693], [699848.9096926727, 2795524.0539364456], [699842.314716257, 2795529.109098592], [699838.3073846187, 2795532.1350718495], [699834.834439139, 2795530.9196458315]]]}, "properties": {"id": 170, "height_m": 16.44, "interval_half_width_m": null, "coverage_nominal": null, "area_m2": null, "perimeter_m": null, "size_class": null, "confidence": null, "provenance": null, "evidence": null, "height_is_metric": false}}, {"type": "Feature", "geometry": {"type": "Polygon", "coordinates": [[[699902.6314768996, 2795533.1967872726], [699902.3153280487, 2795527.73887865], [699908.6864445285, 2795527.5555519876], [699908.7336074677, 2795530.042554013], [699904.0897745072, 2795530.129479689], [699902.6314768996, 2795533.1967872726]]]}, "properties": {"id": 171, "height_m": 9.06, "interval_half_width_m": null, "coverage_nominal": null, "area_m2": null, "perimeter_m": null, "size_class": null, "confidence": null, "provenance": null, "evidence": null, "height_is_metric": false}}, {"type": "Feature", "geometry": {"type": "Polygon", "coordinates": [[[699815.8450774194, 2795539.6822330644], [699788.8462096774, 2795536.6823588707], [699789.8461677419, 2795527.68273629], [699813.5951717743, 2795530.682610484], [699817.5950040322, 2795523.682904032], [699815.8450774194, 2795539.6822330644]]]}, "properties": {"id": 172, "height_m": 14.73, "interval_half_width_m": null, "coverage_nominal": null, "area_m2": null, "perimeter_m": null, "size_class": null, "confidence": null, "provenance": null, "evidence": null, "height_is_metric": false}}, {"type": "Feature", "geometry": {"type": "Polygon", "coordinates": [[[699858.1150256206, 2795533.237213739], [699847.9382826053, 2795525.644354367], [699851.8400125932, 2795520.462198646], [699849.8224656729, 2795511.644117524], [699865.5014574921, 2795523.426795998], [699858.1150256206, 2795533.237213739]]]}, "properties": {"id": 292, "height_m": 18.45, "interval_half_width_m": null, "coverage_nominal": null, "area_m2": 30.3, "perimeter_m": 32.4, "size_class": "small", "confidence": 0.9, "provenance": "INFERRED", "evidence": {"height": 1.0, "edge": 1.0, "texture": 1.0, "shadow": 0.0}, "height_is_metric": false}}, {"type": "Feature", "geometry": {"type": "Polygon", "coordinates": [[[699731.8906772073, 2795538.8695001192], [699732.4850780772, 2795522.7672319836], [699734.3233103941, 2795522.781971356], [699733.8791540158, 2795536.5024042595], [699735.6644027672, 2795538.9916568617], [699731.8906772073, 2795538.8695001192]]]}, "properties": {"id": 190, "height_m": 12.95, "interval_half_width_m": null, "coverage_nominal": null, "area_m2": 91.1, "perimeter_m": 79.7, "size_class": "small", "confidence": 0.9, "provenance": "INFERRED", "evidence": {"height": 1.0, "edge": 1.0, "texture": 0.997, "shadow": 0.0}, "height_is_metric": false}}, {"type": "Feature", "geometry": {"type": "Polygon", "coordinates": [[[699824.8447, 2795531.9325580643], [699826.8446161291, 2795523.932893548], [699833.8443225807, 2795525.6828201613], [699824.8447, 2795531.9325580643]]]}, "properties": {"id": 175, "height_m": 12.03, "interval_half_width_m": null, "coverage_nominal": null, "area_m2": null, "perimeter_m": null, "size_class": null, "confidence": null, "provenance": null, "evidence": null, "height_is_metric": false}}, {"type": "Feature", "geometry": {"type": "Polygon", "coordinates": [[[700230.0777056452, 2795529.9326419355], [700235.577475, 2795524.1828830643], [700234.5775169355, 2795529.9326419355], [700230.0777056452, 2795529.9326419355]]]}, "properties": {"id": 176, "height_m": 5.7, "interval_half_width_m": null, "coverage_nominal": null, "area_m2": null, "perimeter_m": null, "size_class": null, "confidence": null, "provenance": null, "evidence": null, "height_is_metric": false}}, {"type": "Feature", "geometry": {"type": "Polygon", "coordinates": [[[699902.1730458075, 2795528.4648079844], [699904.5449556136, 2795522.0907466817], [699909.2765381898, 2795523.861164989], [699907.8133274582, 2795527.7544648494], [699905.1486442857, 2795526.7428953336], [699902.1730458075, 2795528.4648079844]]]}, "properties": {"id": 177, "height_m": 8.9, "interval_half_width_m": null, "coverage_nominal": null, "area_m2": null, "perimeter_m": null, "size_class": null, "confidence": null, "provenance": null, "evidence": null, "height_is_metric": false}}, {"type": "Feature", "geometry": {"type": "Polygon", "coordinates": [[[699990.2705322722, 2795543.6682566977], [699994.9753520548, 2795520.6067390926], [700004.5156013771, 2795522.13577348], [700001.0883464251, 2795538.569570681], [699997.0874766129, 2795535.4324112902], [699990.2705322722, 2795543.6682566977]]]}, "properties": {"id": 178, "height_m": 27.27, "interval_half_width_m": null, "coverage_nominal": null, "area_m2": null, "perimeter_m": null, "size_class": null, "confidence": null, "provenance": null, "evidence": null, "height_is_metric": false}}, {"type": "Feature", "geometry": {"type": "Polygon", "coordinates": [[[700215.2985402864, 2795526.67812449], [700206.454001534, 2795524.5455845287], [700209.6954732616, 2795510.803988572], [700218.6157534665, 2795512.9547467637], [700215.2985402864, 2795526.67812449]]]}, "properties": {"id": 12, "height_m": 5.38, "interval_half_width_m": null, "coverage_nominal": null, "area_m2": 1979.5, "perimeter_m": 634.9, "size_class": "large", "confidence": 0.898, "provenance": "INFERRED", "evidence": {"height": 1.0, "edge": 1.0, "texture": 0.982, "shadow": 0.0}, "height_is_metric": false}}, {"type": "Feature", "geometry": {"type": "Polygon", "coordinates": [[[700155.2682208784, 2795524.1131380647], [700153.0506625095, 2795523.3281062893], [700153.8992597342, 2795520.6122778007], [700153.2958914831, 2795516.281694643], [700155.828378051, 2795517.0726008057], [700154.5989984554, 2795521.0014063795], [700156.1247218243, 2795521.372026823], [700155.2682208784, 2795524.1131380647]]]}, "properties": {"id": 180, "height_m": 7.82, "interval_half_width_m": null, "coverage_nominal": null, "area_m2": null, "perimeter_m": null, "size_class": null, "confidence": null, "provenance": null, "evidence": null, "height_is_metric": false}}, {"type": "Feature", "geometry": {"type": "Polygon", "coordinates": [[[700160.5806201614, 2795528.4327048385], [700169.580242742, 2795518.9331032257], [700177.3299177419, 2795523.932893548], [700160.5806201614, 2795528.4327048385]]]}, "properties": {"id": 181, "height_m": 8.17, "interval_half_width_m": null, "coverage_nominal": null, "area_m2": null, "perimeter_m": null, "size_class": null, "confidence": null, "provenance": null, "evidence": null, "height_is_metric": false}}, {"type": "Feature", "geometry": {"type": "Polygon", "coordinates": [[[699908.8125836478, 2795523.3026556964], [699903.9438608267, 2795521.6507016597], [699906.9728323107, 2795512.3648514585], [699911.8855901504, 2795513.91437754], [699908.8125836478, 2795523.3026556964]]]}, "properties": {"id": 182, "height_m": 8.87, "interval_half_width_m": null, "coverage_nominal": null, "area_m2": null, "perimeter_m": null, "size_class": null, "confidence": null, "provenance": null, "evidence": null, "height_is_metric": false}}, {"type": "Feature", "geometry": {"type": "Polygon", "coordinates": [[[700230.1030036565, 2795531.3129551425], [700223.731932951, 2795527.2892591394], [700230.4674292915, 2795516.3004163923], [700237.00838423, 2795520.078990229], [700230.1030036565, 2795531.3129551425]]]}, "properties": {"id": 183, "height_m": 5.67, "interval_half_width_m": null, "coverage_nominal": null, "area_m2": null, "perimeter_m": null, "size_class": null, "confidence": null, "provenance": null, "evidence": null, "height_is_metric": false}}, {"type": "Feature", "geometry": {"type": "Polygon", "coordinates": [[[700008.2957773197, 2795524.9600568926], [700003.3060573755, 2795523.6917385007], [700006.1494134748, 2795513.5931324675], [700015.6239306905, 2795516.299409354], [700014.3095937202, 2795520.8709797203], [700008.2957773197, 2795524.9600568926]]]}, "properties": {"id": 464, "height_m": 29.95, "interval_half_width_m": null, "coverage_nominal": null, "area_m2": 7.7, "perimeter_m": 23.2, "size_class": "tiny", "confidence": 0.899, "provenance": "INFERRED", "evidence": {"height": 1.0, "edge": 1.0, "texture": 0.991, "shadow": 0.0}, "height_is_metric": false}}, {"type": "Feature", "geometry": {"type": "Polygon", "coordinates": [[[700196.8607454015, 2795528.5815786], [700194.3188598136, 2795519.5979160434], [700202.8313507236, 2795516.966068408], [700205.5548998355, 2795526.0861998512], [700196.8607454015, 2795528.5815786]]]}, "properties": {"id": 441, "height_m": 5.39, "interval_half_width_m": null, "coverage_nominal": null, "area_m2": 8.7, "perimeter_m": 13.2, "size_class": "tiny", "confidence": 0.438, "provenance": "INFERRED", "evidence": {"height": 0.207, "edge": 0.895, "texture": 1.0, "shadow": 0.0}, "height_is_metric": false}}, {"type": "Feature", "geometry": {"type": "Polygon", "coordinates": [[[700152.8423887732, 2795520.7968556313], [700150.7441491309, 2795520.8486112733], [700150.5362721065, 2795515.8324184404], [700152.7011593444, 2795515.754617138], [700152.8423887732, 2795520.7968556313]]]}, "properties": {"id": 186, "height_m": 7.73, "interval_half_width_m": null, "coverage_nominal": null, "area_m2": null, "perimeter_m": null, "size_class": null, "confidence": null, "provenance": null, "evidence": null, "height_is_metric": false}}, {"type": "Feature", "geometry": {"type": "Polygon", "coordinates": [[[699732.8485580646, 2795522.4329564516], [699732.3485790322, 2795512.1833862904], [699734.8484741936, 2795511.9333967743], [699735.3484532258, 2795522.1829669354], [699732.8485580646, 2795522.4329564516]]]}, "properties": {"id": 187, "height_m": 12.32, "interval_half_width_m": null, "coverage_nominal": null, "area_m2": null, "perimeter_m": null, "size_class": null, "confidence": null, "provenance": null, "evidence": null, "height_is_metric": false}}, {"type": "Feature", "geometry": {"type": "Polygon", "coordinates": [[[699909.6713122836, 2795531.908145026], [699918.5106022327, 2795507.4579985226], [699923.7046745687, 2795518.7767987456], [699919.9765899475, 2795529.088988351], [699909.6713122836, 2795531.908145026]]]}, "properties": {"id": 188, "height_m": 10.67, "interval_half_width_m": null, "coverage_nominal": null, "area_m2": null, "perimeter_m": null, "size_class": null, "confidence": null, "provenance": null, "evidence": null, "height_is_metric": false}}, {"type": "Feature", "geometry": {"type": "Polygon", "coordinates": [[[700168.862835084, 2795520.8153485083], [700161.2346454677, 2795519.356410058], [700162.294110314, 2795513.862225186], [700163.3822299645, 2795516.989657507], [700169.3783469121, 2795518.142090256], [700168.862835084, 2795520.8153485083]]]}, "properties": {"id": 189, "height_m": 7.96, "interval_half_width_m": null, "coverage_nominal": null, "area_m2": null, "perimeter_m": null, "size_class": null, "confidence": null, "provenance": null, "evidence": null, "height_is_metric": false}}, {"type": "Feature", "geometry": {"type": "Polygon", "coordinates": [[[700172.3301274194, 2795519.433082258], [700170.3627416644, 2795518.4965370614], [700169.0477333356, 2795517.119763745], [700168.0803056452, 2795517.683155645], [700167.5246648848, 2795516.9470720123], [700169.6309608298, 2795514.8856808003], [700172.3350710598, 2795517.7168608964], [700172.3301274194, 2795519.433082258]]]}, "properties": {"id": 190, "height_m": 7.98, "interval_half_width_m": null, "coverage_nominal": null, "area_m2": null, "perimeter_m": null, "size_class": null, "confidence": null, "provenance": null, "evidence": null, "height_is_metric": false}}, {"type": "Feature", "geometry": {"type": "Polygon", "coordinates": [[[700156.2786765496, 2795521.2393114413], [700154.9704733554, 2795519.5061687925], [700156.3307983872, 2795517.183176613], [700153.4376702053, 2795515.8388726376], [700156.2710169586, 2795513.665623934], [700159.0337184814, 2795517.295217202], [700158.4932138049, 2795519.5536674107], [700156.2786765496, 2795521.2393114413]]]}, "properties": {"id": 191, "height_m": 7.8, "interval_half_width_m": null, "coverage_nominal": null, "area_m2": null, "perimeter_m": null, "size_class": null, "confidence": null, "provenance": null, "evidence": null, "height_is_metric": false}}, {"type": "Feature", "geometry": {"type": "Polygon", "coordinates": [[[700015.1068014986, 2795516.951344294], [700011.5555588263, 2795513.3192334315], [700009.348192901, 2795515.529193242], [700008.0087410173, 2795512.137947522], [700010.5530984253, 2795509.5109824943], [700015.1988386544, 2795514.151260306], [700015.1068014986, 2795516.951344294]]]}, "properties": {"id": 192, "height_m": 30.04, "interval_half_width_m": null, "coverage_nominal": null, "area_m2": null, "perimeter_m": null, "size_class": null, "confidence": null, "provenance": null, "evidence": null, "height_is_metric": false}}, {"type": "Feature", "geometry": {"type": "Polygon", "coordinates": [[[700236.5774330646, 2795519.93306129], [700232.3276112904, 2795515.933229032], [700234.8275064516, 2795514.4332919354], [700235.577475, 2795509.933480645], [700241.0772443549, 2795514.9332709676], [700236.5774330646, 2795519.93306129]]]}, "properties": {"id": 193, "height_m": 4.97, "interval_half_width_m": null, "coverage_nominal": null, "area_m2": null, "perimeter_m": null, "size_class": null, "confidence": null, "provenance": null, "evidence": null, "height_is_metric": false}}, {"type": "Feature", "geometry": {"type": "Polygon", "coordinates": [[[699963.3380527373, 2795520.296647727], [699965.7327124437, 2795502.9987128763], [699970.7575871636, 2795498.414325665], [699968.419672514, 2795517.952782399], [699974.9484972238, 2795507.4152299305], [699973.5852884018, 2795521.522792595], [699963.3380527373, 2795520.296647727]]]}, "properties": {"id": 32, "height_m": 19.58, "interval_half_width_m": null, "coverage_nominal": null, "area_m2": 1173.3, "perimeter_m": 326.1, "size_class": "large", "confidence": 0.896, "provenance": "INFERRED", "evidence": {"height": 1.0, "edge": 1.0, "texture": 0.958, "shadow": 0.0}, "height_is_metric": false}}, {"type": "Feature", "geometry": {"type": "Polygon", "coordinates": [[[700112.8326225807, 2795519.93306129], [700109.8327483871, 2795512.9333548388], [700113.3326016129, 2795510.183470161], [700112.8326225807, 2795519.93306129]]]}, "properties": {"id": 496, "height_m": 5.97, "interval_half_width_m": null, "coverage_nominal": null, "area_m2": 6.5, "perimeter_m": 20.0, "size_class": "tiny", "confidence": 0.9, "provenance": "INFERRED", "evidence": {"height": 1.0, "edge": 1.0, "texture": 1.0, "shadow": 0.0}, "height_is_metric": false}}, {"type": "Feature", "geometry": {"type": "Polygon", "coordinates": [[[700111.464332795, 2795527.0588381994], [700110.0593624187, 2795521.038682038], [700116.4647639599, 2795509.334613548], [700119.4122721854, 2795510.8453381564], [700116.0119936412, 2795518.8883663323], [700111.464332795, 2795527.0588381994]]]}, "properties": {"id": 321, "height_m": 6.12, "interval_half_width_m": null, "coverage_nominal": null, "area_m2": 23.0, "perimeter_m": 22.4, "size_class": "tiny", "confidence": 0.9, "provenance": "INFERRED", "evidence": {"height": 1.0, "edge": 1.0, "texture": 1.0, "shadow": 0.0}, "height_is_metric": false}}, {"type": "Feature", "geometry": {"type": "Polygon", "coordinates": [[[699830.5918115821, 2795524.9641155605], [699830.8136574421, 2795515.6638464085], [699828.5779418757, 2795510.801760882], [699842.3528997754, 2795511.0553208054], [699842.1350744377, 2795525.180766021], [699830.5918115821, 2795524.9641155605]]]}, "properties": {"id": 197, "height_m": 15.75, "interval_half_width_m": null, "coverage_nominal": null, "area_m2": null, "perimeter_m": null, "size_class": null, "confidence": null, "provenance": null, "evidence": null, "height_is_metric": false}}, {"type": "Feature", "geometry": {"type": "Polygon", "coordinates": [[[699888.842016129, 2795511.1834282256], [699887.3420790323, 2795520.933019355], [699863.3430854839, 2795515.683239516], [699888.842016129, 2795511.1834282256]]]}, "properties": {"id": 297, "height_m": 21.88, "interval_half_width_m": null, "coverage_nominal": null, "area_m2": 29.1, "perimeter_m": 25.8, "size_class": "small", "confidence": 0.885, "provenance": "INFERRED", "evidence": {"height": 1.0, "edge": 0.94, "texture": 1.0, "shadow": 0.0}, "height_is_metric": false}}, {"type": "Feature", "geometry": {"type": "Polygon", "coordinates": [[[700001.9398121819, 2795515.980971781], [700001.4589668687, 2795512.033703847], [700004.8712993508, 2795511.625548356], [700006.4704144172, 2795508.6630871445], [700006.9537315506, 2795512.7038112422], [700004.879294621, 2795512.1957759075], [700005.2866261714, 2795515.580643721], [700001.9398121819, 2795515.980971781]]]}, "properties": {"id": 199, "height_m": 27.72, "interval_half_width_m": null, "coverage_nominal": null, "area_m2": null, "perimeter_m": null, "size_class": null, "confidence": null, "provenance": null, "evidence": null, "height_is_metric": false}}, {"type": "Feature", "geometry": {"type": "Polygon", "coordinates": [[[700242.9534474104, 2795515.675839314], [700241.8272129033, 2795515.43325], [700241.0772443549, 2795513.433333871], [700243.4508630736, 2795509.4409018154], [700242.9534474104, 2795515.675839314]]]}, "properties": {"id": 200, "height_m": 4.72, "interval_half_width_m": null, "coverage_nominal": null, "area_m2": null, "perimeter_m": null, "size_class": null, "confidence": null, "provenance": null, "evidence": null, "height_is_metric": false}}, {"type": "Feature", "geometry": {"type": "Polygon", "coordinates": [[[699857.5483989926, 2795511.3925411603], [699861.5905802437, 2795507.103551717], [699874.3426241935, 2795510.9334387095], [699862.640630812, 2795516.0541346064], [699857.5483989926, 2795511.3925411603]]]}, "properties": {"id": 228, "height_m": 19.19, "interval_half_width_m": null, "coverage_nominal": null, "area_m2": 62.6, "perimeter_m": 46.6, "size_class": "small", "confidence": 0.9, "provenance": "INFERRED", "evidence": {"height": 1.0, "edge": 1.0, "texture": 1.0, "shadow": 0.0}, "height_is_metric": false}}, {"type": "Feature", "geometry": {"type": "Polygon", "coordinates": [[[699911.0910830646, 2795512.9333548388], [699906.0912927419, 2795512.1833862904], [699906.8412612904, 2795505.933648387], [699909.3411564516, 2795506.6836169353], [699911.0910830646, 2795512.9333548388]]]}, "properties": {"id": 15, "height_m": 8.61, "interval_half_width_m": null, "coverage_nominal": null, "area_m2": 1773.2, "perimeter_m": 550.1, "size_class": "large", "confidence": 0.9, "provenance": "INFERRED", "evidence": {"height": 1.0, "edge": 1.0, "texture": 0.996, "shadow": 0.0}, "height_is_metric": false}}, {"type": "Feature", "geometry": {"type": "Polygon", "coordinates": [[[700015.4123001614, 2795513.8616301185], [700006.4937593854, 2795507.263914865], [700004.35490255, 2795510.174834049], [700002.3372564516, 2795505.933648387], [700011.5685892857, 2795503.2084056204], [700016.6049381337, 2795506.908964541], [700015.4123001614, 2795513.8616301185]]]}, "properties": {"id": 8, "height_m": 30.06, "interval_half_width_m": null, "coverage_nominal": null, "area_m2": 2243.4, "perimeter_m": 577.1, "size_class": "large", "confidence": 0.898, "provenance": "INFERRED", "evidence": {"height": 1.0, "edge": 1.0, "texture": 0.984, "shadow": 0.0}, "height_is_metric": false}}, {"type": "Feature", "geometry": {"type": "Polygon", "coordinates": [[[700218.3622240598, 2795512.1758640227], [700212.3558231196, 2795510.396199277], [700214.4126521451, 2795503.434714489], [700220.432419224, 2795505.227501243], [700218.3622240598, 2795512.1758640227]]]}, "properties": {"id": 204, "height_m": 4.53, "interval_half_width_m": null, "coverage_nominal": null, "area_m2": null, "perimeter_m": null, "size_class": null, "confidence": null, "provenance": null, "evidence": null, "height_is_metric": false}}, {"type": "Feature", "geometry": {"type": "Polygon", "coordinates": [[[700234.5775169355, 2795514.9332709676], [700227.8278000001, 2795513.433333871], [700229.3277370968, 2795506.6836169353], [700235.8274645162, 2795508.1835540324], [700234.5775169355, 2795514.9332709676]]]}, "properties": {"id": 205, "height_m": 4.65, "interval_half_width_m": null, "coverage_nominal": null, "area_m2": null, "perimeter_m": null, "size_class": null, "confidence": null, "provenance": null, "evidence": null, "height_is_metric": false}}, {"type": "Feature", "geometry": {"type": "Polygon", "coordinates": [[[699880.0402001943, 2795512.048641575], [699873.6277799046, 2795509.6353669264], [699876.4665890754, 2795502.41426473], [699880.2997107955, 2795506.5202937066], [699879.3539954514, 2795508.917379459], [699881.0164318369, 2795509.5653930544], [699880.0402001943, 2795512.048641575]]]}, "properties": {"id": 68, "height_m": 20.46, "interval_half_width_m": null, "coverage_nominal": null, "area_m2": 539.4, "perimeter_m": 262.9, "size_class": "medium", "confidence": 0.9, "provenance": "INFERRED", "evidence": {"height": 1.0, "edge": 1.0, "texture": 0.997, "shadow": 0.0}, "height_is_metric": false}}, {"type": "Feature", "geometry": {"type": "Polygon", "coordinates": [[[700167.3212737562, 2795515.3928921954], [700163.6044496491, 2795509.6756026656], [700169.097688516, 2795508.9149991875], [700168.2220233347, 2795503.18235996], [700170.2896856462, 2795502.7652021614], [700172.1966491304, 2795514.6700526364], [700167.3212737562, 2795515.3928921954]]]}, "properties": {"id": 373, "height_m": 7.84, "interval_half_width_m": null, "coverage_nominal": null, "area_m2": 14.9, "perimeter_m": 20.2, "size_class": "tiny", "confidence": 0.9, "provenance": "INFERRED", "evidence": {"height": 1.0, "edge": 1.0, "texture": 1.0, "shadow": 0.0}, "height_is_metric": false}}, {"type": "Feature", "geometry": {"type": "Polygon", "coordinates": [[[699987.8179221152, 2795513.895838889], [699988.8577802398, 2795506.7210909496], [699992.3327016499, 2795501.965690403], [699996.2399474587, 2795502.4207494436], [699995.1849685082, 2795509.702502783], [699991.3428139638, 2795509.1456566285], [699987.8179221152, 2795513.895838889]]]}, "properties": {"id": 208, "height_m": 24.58, "interval_half_width_m": null, "coverage_nominal": null, "area_m2": null, "perimeter_m": null, "size_class": null, "confidence": null, "provenance": null, "evidence": null, "height_is_metric": false}}, {"type": "Feature", "geometry": {"type": "Polygon", "coordinates": [[[700226.731440949, 2795511.0968992617], [700226.0556270056, 2795509.5098533914], [700224.4264533853, 2795509.005983531], [700225.4819816292, 2795505.839444574], [700228.1938429988, 2795506.7155217254], [700226.731440949, 2795511.0968992617]]]}, "properties": {"id": 209, "height_m": 4.39, "interval_half_width_m": null, "coverage_nominal": null, "area_m2": null, "perimeter_m": null, "size_class": null, "confidence": null, "provenance": null, "evidence": null, "height_is_metric": false}}, {"type": "Feature", "geometry": {"type": "Polygon", "coordinates": [[[699817.3450145161, 2795525.6828201613], [699816.845035484, 2795523.682904032], [699810.0953185484, 2795522.6829459677], [699818.5949620968, 2795511.9333967743], [699817.3450145161, 2795525.6828201613]]]}, "properties": {"id": 210, "height_m": 14.35, "interval_half_width_m": null, "coverage_nominal": null, "area_m2": null, "perimeter_m": null, "size_class": null, "confidence": null, "provenance": null, "evidence": null, "height_is_metric": false}}, {"type": "Feature", "geometry": {"type": "Polygon", "coordinates": [[[699910.3473398411, 2795522.4015551805], [699910.7814952177, 2795506.7124853535], [699916.9186584963, 2795506.809603473], [699916.5664088645, 2795522.559507541], [699910.3473398411, 2795522.4015551805]]]}, "properties": {"id": 211, "height_m": 9.72, "interval_half_width_m": null, "coverage_nominal": null, "area_m2": null, "perimeter_m": null, "size_class": null, "confidence": null, "provenance": null, "evidence": null, "height_is_metric": false}}, {"type": "Feature", "geometry": {"type": "Polygon", "coordinates": [[[699985.6387227334, 2795510.5273583275], [699975.9837016129, 2795510.8840328227], [699974.5814929616, 2795495.2227786016], [699984.398830273, 2795494.100968958], [699985.6387227334, 2795510.5273583275]]]}, "properties": {"id": 212, "height_m": 21.8, "interval_half_width_m": null, "coverage_nominal": null, "area_m2": null, "perimeter_m": null, "size_class": null, "confidence": null, "provenance": null, "evidence": null, "height_is_metric": false}}, {"type": "Feature", "geometry": {"type": "Polygon", "coordinates": [[[700110.3848797732, 2795510.100084376], [700110.4332481062, 2795497.0582881733], [700115.0952535223, 2795496.9763061376], [700115.1671499212, 2795510.1003285064], [700110.3848797732, 2795510.100084376]]]}, "properties": {"id": 439, "height_m": 5.94, "interval_half_width_m": null, "coverage_nominal": null, "area_m2": 8.8, "perimeter_m": 15.3, "size_class": "tiny", "confidence": 0.9, "provenance": "INFERRED", "evidence": {"height": 1.0, "edge": 1.0, "texture": 1.0, "shadow": 0.0}, "height_is_metric": false}}, {"type": "Feature", "geometry": {"type": "Polygon", "coordinates": [[[700175.6648264385, 2795510.0139368656], [700171.8002118984, 2795506.9711414985], [700172.0801379032, 2795504.4337112904], [700174.8300225807, 2795502.9337741933], [700176.5799491936, 2795503.433753226], [700177.7749979534, 2795507.3155942163], [700175.6648264385, 2795510.0139368656]]]}, "properties": {"id": 214, "height_m": 7.73, "interval_half_width_m": null, "coverage_nominal": null, "area_m2": null, "perimeter_m": null, "size_class": null, "confidence": null, "provenance": null, "evidence": null, "height_is_metric": false}}, {"type": "Feature", "geometry": {"type": "Polygon", "coordinates": [[[700188.1111428532, 2795508.69024665], [700178.1635924968, 2795507.1490210015], [700174.8511398592, 2795499.416252031], [700182.6932182106, 2795495.979598059], [700188.1111428532, 2795508.69024665]]]}, "properties": {"id": 215, "height_m": 7.72, "interval_half_width_m": null, "coverage_nominal": null, "area_m2": null, "perimeter_m": null, "size_class": null, "confidence": null, "provenance": null, "evidence": null, "height_is_metric": false}}, {"type": "Feature", "geometry": {"type": "Polygon", "coordinates": [[[699882.8422677419, 2795506.433627419], [699876.0925508065, 2795504.9336903226], [699877.092508871, 2795498.9339419357], [699883.8422258064, 2795500.183889516], [699882.8422677419, 2795506.433627419]]]}, "properties": {"id": 216, "height_m": 20.63, "interval_half_width_m": null, "coverage_nominal": null, "area_m2": null, "perimeter_m": null, "size_class": null, "confidence": null, "provenance": null, "evidence": null, "height_is_metric": false}}, {"type": "Feature", "geometry": {"type": "Polygon", "coordinates": [[[699997.0511011853, 2795512.998934364], [699993.9349904113, 2795504.177038705], [700000.5263277583, 2795501.874919673], [700000.537038979, 2795497.0177014964], [700002.2392381013, 2795502.127548849], [700005.7354293714, 2795500.9064544286], [699997.0511011853, 2795512.998934364]]]}, "properties": {"id": 217, "height_m": 26.54, "interval_half_width_m": null, "coverage_nominal": null, "area_m2": null, "perimeter_m": null, "size_class": null, "confidence": null, "provenance": null, "evidence": null, "height_is_metric": false}}, {"type": "Feature", "geometry": {"type": "Polygon", "coordinates": [[[699838.0767576939, 2795506.578335706], [699840.1484710439, 2795502.7147739786], [699842.4028625849, 2795503.912752303], [699840.9980905645, 2795506.5288993027], [699838.0767576939, 2795506.578335706]]]}, "properties": {"id": 220, "height_m": 8.5, "interval_half_width_m": null, "coverage_nominal": null, "area_m2": 68.8, "perimeter_m": 70.0, "size_class": "small", "confidence": 0.899, "provenance": "INFERRED", "evidence": {"height": 1.0, "edge": 1.0, "texture": 0.987, "shadow": 0.0}, "height_is_metric": false}}, {"type": "Feature", "geometry": {"type": "Polygon", "coordinates": [[[700241.4800900095, 2795513.7170286383], [700228.5614118126, 2795506.9492155383], [700232.8008580452, 2795498.8672485654], [700234.0441530729, 2795504.4962544437], [700243.7507467375, 2795509.388337491], [700241.4800900095, 2795513.7170286383]]]}, "properties": {"id": 219, "height_m": 4.48, "interval_half_width_m": null, "coverage_nominal": null, "area_m2": null, "perimeter_m": null, "size_class": null, "confidence": null, "provenance": null, "evidence": null, "height_is_metric": false}}, {"type": "Feature", "geometry": {"type": "Polygon", "coordinates": [[[700242.8887528578, 2795508.9225824876], [700241.079807724, 2795508.6738136234], [700241.7723140825, 2795502.9266181216], [700243.8178825938, 2795501.211647928], [700242.8887528578, 2795508.9225824876]]]}, "properties": {"id": 220, "height_m": 4.2, "interval_half_width_m": null, "coverage_nominal": null, "area_m2": null, "perimeter_m": null, "size_class": null, "confidence": null, "provenance": null, "evidence": null, "height_is_metric": false}}, {"type": "Feature", "geometry": {"type": "Polygon", "coordinates": [[[699820.0948991936, 2795506.183637903], [699819.3449306452, 2795504.6837008065], [699806.3454758065, 2795504.4337112904], [699806.0954862904, 2795499.683910484], [699820.0948991936, 2795499.433920968], [699820.0948991936, 2795506.183637903]]]}, "properties": {"id": 221, "height_m": 13.59, "interval_half_width_m": null, "coverage_nominal": null, "area_m2": null, "perimeter_m": null, "size_class": null, "confidence": null, "provenance": null, "evidence": null, "height_is_metric": false}}, {"type": "Feature", "geometry": {"type": "Polygon", "coordinates": [[[700220.6564698864, 2795501.2485421333], [700219.7129364576, 2795504.245990281], [700214.7388408582, 2795502.7534839027], [700215.391370866, 2795500.6577160805], [700218.7898489486, 2795501.736635067], [700219.4298062414, 2795499.7105664704], [700220.6564698864, 2795501.2485421333]]]}, "properties": {"id": 222, "height_m": 4.0, "interval_half_width_m": null, "coverage_nominal": null, "area_m2": null, "perimeter_m": null, "size_class": null, "confidence": null, "provenance": null, "evidence": null, "height_is_metric": false}}, {"type": "Feature", "geometry": {"type": "Polygon", "coordinates": [[[700241.5186626106, 2795507.0029394813], [700240.3272758065, 2795505.4336693548], [700239.887932659, 2795506.535551856], [700237.5167552442, 2795506.581692499], [700235.0581181183, 2795501.3773361705], [700241.4051419807, 2795501.1710154773], [700241.5186626106, 2795507.0029394813]]]}, "properties": {"id": 223, "height_m": 4.03, "interval_half_width_m": null, "coverage_nominal": null, "area_m2": null, "perimeter_m": null, "size_class": null, "confidence": null, "provenance": null, "evidence": null, "height_is_metric": false}}, {"type": "Feature", "geometry": {"type": "Polygon", "coordinates": [[[699907.573667709, 2795503.781059217], [699914.9770895297, 2795489.8534664223], [699924.1458181777, 2795494.60094799], [699917.1669543579, 2795508.7502264343], [699907.573667709, 2795503.781059217]]]}, "properties": {"id": 224, "height_m": 9.58, "interval_half_width_m": null, "coverage_nominal": null, "area_m2": null, "perimeter_m": null, "size_class": null, "confidence": null, "provenance": null, "evidence": null, "height_is_metric": false}}, {"type": "Feature", "geometry": {"type": "Polygon", "coordinates": [[[700003.3073695764, 2795504.4529213], [700014.1166086495, 2795495.164889184], [700014.4273255994, 2795500.2699454776], [700017.2460550459, 2795497.8479279093], [700016.3140262614, 2795507.0053044944], [700012.1094906741, 2795502.112107602], [700003.3073695764, 2795504.4529213]]]}, "properties": {"id": 420, "height_m": 29.98, "interval_half_width_m": null, "coverage_nominal": null, "area_m2": 10.1, "perimeter_m": 22.6, "size_class": "tiny", "confidence": 0.9, "provenance": "INFERRED", "evidence": {"height": 1.0, "edge": 1.0, "texture": 1.0, "shadow": 0.0}, "height_is_metric": false}}, {"type": "Feature", "geometry": {"type": "Polygon", "coordinates": [[[700204.051209234, 2795507.4141160855], [700213.8670817631, 2795485.754212064], [700221.9918020699, 2795489.4566172203], [700212.1536221268, 2795511.1109215007], [700204.051209234, 2795507.4141160855]]]}, "properties": {"id": 226, "height_m": 4.4, "interval_half_width_m": null, "coverage_nominal": null, "area_m2": null, "perimeter_m": null, "size_class": null, "confidence": null, "provenance": null, "evidence": null, "height_is_metric": false}}, {"type": "Feature", "geometry": {"type": "Polygon", "coordinates": [[[699848.5885849232, 2795500.866005075], [699849.1048367716, 2795496.1852626516], [699849.843651613, 2795496.9340258064], [699850.5996166139, 2795495.5747230705], [699852.6365184966, 2795495.798361763], [699852.0385440012, 2795501.245551536], [699848.5885849232, 2795500.866005075]]]}, "properties": {"id": 227, "height_m": 16.01, "interval_half_width_m": null, "coverage_nominal": null, "area_m2": null, "perimeter_m": null, "size_class": null, "confidence": null, "provenance": null, "evidence": null, "height_is_metric": false}}, {"type": "Feature", "geometry": {"type": "Polygon", "coordinates": [[[700179.7457405013, 2795497.5120044975], [700173.5873989116, 2795504.1904963925], [700169.0802637098, 2795503.18376371], [700163.2767656373, 2795489.300770485], [700166.9943831682, 2795492.8860235712], [700170.5466328782, 2795489.031326828], [700179.7457405013, 2795497.5120044975]]]}, "properties": {"id": 228, "height_m": 7.54, "interval_half_width_m": null, "coverage_nominal": null, "area_m2": null, "perimeter_m": null, "size_class": null, "confidence": null, "provenance": null, "evidence": null, "height_is_metric": false}}, {"type": "Feature", "geometry": {"type": "Polygon", "coordinates": [[[700223.4146549971, 2795503.2207494634], [700223.7413014546, 2795497.1470143106], [700229.2702138744, 2795497.4295799755], [700229.1498575937, 2795500.2825334505], [700225.5633075642, 2795500.089655187], [700223.4146549971, 2795503.2207494634]]]}, "properties": {"id": 229, "height_m": 3.79, "interval_half_width_m": null, "coverage_nominal": null, "area_m2": null, "perimeter_m": null, "size_class": null, "confidence": null, "provenance": null, "evidence": null, "height_is_metric": false}}, {"type": "Feature", "geometry": {"type": "Polygon", "coordinates": [[[700233.2958324046, 2795501.602515936], [700232.2652970091, 2795497.698230208], [700235.7160495109, 2795496.79714495], [700235.1058761253, 2795498.6550229685], [700236.7990424233, 2795498.212902838], [700237.0774120968, 2795499.683910484], [700236.0329002367, 2795500.88780897], [700233.2958324046, 2795501.602515936]]]}, "properties": {"id": 172, "height_m": 3.63, "interval_half_width_m": null, "coverage_nominal": null, "area_m2": 114.6, "perimeter_m": 53.4, "size_class": "small", "confidence": 0.847, "provenance": "INFERRED", "evidence": {"height": 0.966, "edge": 0.861, "texture": 1.0, "shadow": 0.0}, "height_is_metric": false}}, {"type": "Feature", "geometry": {"type": "Polygon", "coordinates": [[[699973.0782448464, 2795502.3785911775], [699968.8813383336, 2795501.6341765956], [699970.0739610478, 2795495.292386278], [699971.0900927504, 2795497.9256986957], [699973.8191500542, 2795498.4388302527], [699973.0782448464, 2795502.3785911775]]]}, "properties": {"id": 231, "height_m": 18.84, "interval_half_width_m": null, "coverage_nominal": null, "area_m2": null, "perimeter_m": null, "size_class": null, "confidence": null, "provenance": null, "evidence": null, "height_is_metric": false}}, {"type": "Feature", "geometry": {"type": "Polygon", "coordinates": [[[699987.2691170055, 2795506.197522819], [699979.631177432, 2795488.704832952], [699998.3622339441, 2795480.646134657], [699996.5884741022, 2795502.1880474105], [699987.2691170055, 2795506.197522819]]]}, "properties": {"id": 232, "height_m": 24.34, "interval_half_width_m": null, "coverage_nominal": null, "area_m2": null, "perimeter_m": null, "size_class": null, "confidence": null, "provenance": null, "evidence": null, "height_is_metric": false}}, {"type": "Feature", "geometry": {"type": "Polygon", "coordinates": [[[700127.22481076, 2795498.1488643857], [700116.3034548068, 2795496.7092274944], [700116.8094150334, 2795492.7581755393], [700127.7412991096, 2795494.1200874187], [700127.22481076, 2795498.1488643857]]]}, "properties": {"id": 403, "height_m": 6.2, "interval_half_width_m": null, "coverage_nominal": null, "area_m2": 11.8, "perimeter_m": 13.1, "size_class": "tiny", "confidence": 0.17, "provenance": "INFERRED", "evidence": {"height": 0.0, "edge": 0.279, "texture": 1.0, "shadow": 0.0}, "height_is_metric": false}}, {"type": "Feature", "geometry": {"type": "Polygon", "coordinates": [[[700237.2856858331, 2795500.8108163495], [700237.553863063, 2795498.5014039227], [700235.977696253, 2795498.417056874], [700236.4047108159, 2795492.1034483584], [700241.4908927791, 2795492.4535923656], [700241.0013198046, 2795501.0677483235], [700237.2856858331, 2795500.8108163495]]]}, "properties": {"id": 234, "height_m": 3.56, "interval_half_width_m": null, "coverage_nominal": null, "area_m2": null, "perimeter_m": null, "size_class": null, "confidence": null, "provenance": null, "evidence": null, "height_is_metric": false}}, {"type": "Feature", "geometry": {"type": "Polygon", "coordinates": [[[699908.0400330387, 2795499.1748223365], [699912.8921855098, 2795472.1941728247], [699918.2270905628, 2795483.2960174247], [699915.7045828244, 2795497.3225898333], [699908.0400330387, 2795499.1748223365]]]}, "properties": {"id": 235, "height_m": 8.51, "interval_half_width_m": null, "coverage_nominal": null, "area_m2": null, "perimeter_m": null, "size_class": null, "confidence": null, "provenance": null, "evidence": null, "height_is_metric": false}}, {"type": "Feature", "geometry": {"type": "Polygon", "coordinates": [[[700003.6777764058, 2795501.5309704742], [700006.6227212623, 2795492.388989362], [700009.5473727804, 2795489.6717113494], [700008.4309950377, 2795493.153239538], [700011.9303294864, 2795494.1134196077], [700009.3128550275, 2795503.246154282], [700003.6777764058, 2795501.5309704742]]]}, "properties": {"id": 236, "height_m": 28.23, "interval_half_width_m": null, "coverage_nominal": null, "area_m2": null, "perimeter_m": null, "size_class": null, "confidence": null, "provenance": null, "evidence": null, "height_is_metric": false}}, {"type": "Feature", "geometry": {"type": "Polygon", "coordinates": [[[700147.4904098513, 2795494.7591902553], [700141.6799235466, 2795492.3610059163], [700145.2712036023, 2795483.765968419], [700152.7161428469, 2795486.86784334], [700150.9981362821, 2795490.9176307786], [700149.0811024194, 2795486.6844556453], [700146.581207258, 2795487.934403226], [700147.4904098513, 2795494.7591902553]]]}, "properties": {"id": 476, "height_m": 2.88, "interval_half_width_m": null, "coverage_nominal": null, "area_m2": 7.1, "perimeter_m": 11.7, "size_class": "tiny", "confidence": 0.47, "provenance": "INFERRED", "evidence": {"height": 0.51, "edge": 0.356, "texture": 1.0, "shadow": 0.0}, "height_is_metric": false}}, {"type": "Feature", "geometry": {"type": "Polygon", "coordinates": [[[700242.0772024194, 2795500.6838685484], [700241.0772443549, 2795499.683910484], [700242.8271709678, 2795494.6841201615], [700243.0771604839, 2795495.684078226], [700242.5771814516, 2795499.683910484], [700242.0772024194, 2795500.6838685484]]]}, "properties": {"id": 238, "height_m": 3.51, "interval_half_width_m": null, "coverage_nominal": null, "area_m2": null, "perimeter_m": null, "size_class": null, "confidence": null, "provenance": null, "evidence": null, "height_is_metric": false}}, {"type": "Feature", "geometry": {"type": "Polygon", "coordinates": [[[699974.0818038342, 2795498.1200264837], [699970.4357165067, 2795497.4166868394], [699971.9777050626, 2795490.0114340405], [699975.1087230482, 2795493.188333281], [699974.0818038342, 2795498.1200264837]]]}, "properties": {"id": 239, "height_m": 18.91, "interval_half_width_m": null, "coverage_nominal": null, "area_m2": null, "perimeter_m": null, "size_class": null, "confidence": null, "provenance": null, "evidence": null, "height_is_metric": false}}, {"type": "Feature", "geometry": {"type": "Polygon", "coordinates": [[[699884.842183871, 2795494.9341096776], [699880.0923830646, 2795494.184141129], [699881.3423306452, 2795489.4343403224], [699885.8421419355, 2795490.1843088707], [699884.842183871, 2795494.9341096776]]]}, "properties": {"id": 240, "height_m": 20.46, "interval_half_width_m": null, "coverage_nominal": null, "area_m2": null, "perimeter_m": null, "size_class": null, "confidence": null, "provenance": null, "evidence": null, "height_is_metric": false}}, {"type": "Feature", "geometry": {"type": "Polygon", "coordinates": [[[700147.3311758065, 2795492.9341935483], [700150.33105, 2795490.6842879034], [700153.8309032258, 2795495.1840991937], [700147.8311548388, 2795495.4340887098], [700147.3311758065, 2795492.9341935483]]]}, "properties": {"id": 261, "height_m": 2.11, "interval_half_width_m": null, "coverage_nominal": null, "area_m2": 43.3, "perimeter_m": 47.9, "size_class": "small", "confidence": 0.751, "provenance": "INFERRED", "evidence": {"height": 0.729, "edge": 1.0, "texture": 1.0, "shadow": 0.0}, "height_is_metric": false}}, {"type": "Feature", "geometry": {"type": "Polygon", "coordinates": [[[700231.4644272751, 2795498.195523806], [700231.8881155615, 2795491.2813545386], [700236.3553049288, 2795491.573822742], [700236.1023248155, 2795495.435873913], [700231.4644272751, 2795498.195523806]]]}, "properties": {"id": 242, "height_m": 3.35, "interval_half_width_m": null, "coverage_nominal": null, "area_m2": null, "perimeter_m": null, "size_class": null, "confidence": null, "provenance": null, "evidence": null, "height_is_metric": false}}, {"type": "Feature", "geometry": {"type": "Polygon", "coordinates": [[[700226.3278629032, 2795497.933983871], [700223.0779991936, 2795496.6840362903], [700224.3279467742, 2795492.184225], [700226.3278629032, 2795496.9340258064], [700226.3278629032, 2795497.933983871]]]}, "properties": {"id": 306, "height_m": 3.44, "interval_half_width_m": null, "coverage_nominal": null, "area_m2": 26.3, "perimeter_m": 32.0, "size_class": "small", "confidence": 0.86, "provenance": "INFERRED", "evidence": {"height": 0.991, "edge": 0.858, "texture": 1.0, "shadow": 0.0}, "height_is_metric": false}}, {"type": "Feature", "geometry": {"type": "Polygon", "coordinates": [[[700239.2892944342, 2795491.8421525536], [700239.3253646989, 2795490.4442467005], [700242.2841334385, 2795491.0877744], [700243.5407946048, 2795488.0517841675], [700242.6965306945, 2795492.495445469], [700239.2892944342, 2795491.8421525536]]]}, "properties": {"id": 244, "height_m": 2.91, "interval_half_width_m": null, "coverage_nominal": null, "area_m2": null, "perimeter_m": null, "size_class": null, "confidence": null, "provenance": null, "evidence": null, "height_is_metric": false}}, {"type": "Feature", "geometry": {"type": "Polygon", "coordinates": [[[699854.3485972704, 2795500.213017323], [699850.1882263959, 2795488.3976864093], [699854.8277641872, 2795473.988088682], [699863.7590226305, 2795496.638505973], [699854.3485972704, 2795500.213017323]]]}, "properties": {"id": 69, "height_m": 17.0, "interval_half_width_m": null, "coverage_nominal": null, "area_m2": 529.4, "perimeter_m": 311.1, "size_class": "medium", "confidence": 0.897, "provenance": "INFERRED", "evidence": {"height": 1.0, "edge": 1.0, "texture": 0.97, "shadow": 0.0}, "height_is_metric": false}}, {"type": "Feature", "geometry": {"type": "Polygon", "coordinates": [[[699877.7235706628, 2795493.393295999], [699877.9626353441, 2795488.6742708795], [699879.092425, 2795489.1843508063], [699879.9813342548, 2795487.926560537], [699879.7022016738, 2795493.4929927457], [699877.7235706628, 2795493.393295999]]]}, "properties": {"id": 392, "height_m": 19.59, "interval_half_width_m": null, "coverage_nominal": null, "area_m2": 12.6, "perimeter_m": 22.9, "size_class": "tiny", "confidence": 0.9, "provenance": "INFERRED", "evidence": {"height": 1.0, "edge": 1.0, "texture": 1.0, "shadow": 0.0}, "height_is_metric": false}}, {"type": "Feature", "geometry": {"type": "Polygon", "coordinates": [[[699974.5516480218, 2795493.45701403], [699971.5913534672, 2795489.1852815533], [699976.99435564, 2795472.904317604], [699980.9660823873, 2795474.1919222963], [699974.5516480218, 2795493.45701403]]]}, "properties": {"id": 247, "height_m": 19.31, "interval_half_width_m": null, "coverage_nominal": null, "area_m2": null, "perimeter_m": null, "size_class": null, "confidence": null, "provenance": null, "evidence": null, "height_is_metric": false}}, {"type": "Feature", "geometry": {"type": "Polygon", "coordinates": [[[700178.4198073377, 2795495.4489196306], [700174.6194906384, 2795492.8240754856], [700177.8624271483, 2795488.1589879235], [700181.6678095532, 2795490.804964605], [700178.4198073377, 2795495.4489196306]]]}, "properties": {"id": 248, "height_m": 7.31, "interval_half_width_m": null, "coverage_nominal": null, "area_m2": null, "perimeter_m": null, "size_class": null, "confidence": null, "provenance": null, "evidence": null, "height_is_metric": false}}, {"type": "Feature", "geometry": {"type": "Polygon", "coordinates": [[[699827.9249388652, 2795496.188451605], [699828.6225567039, 2795474.4607251105], [699834.0662981349, 2795470.9093603734], [699842.6793936515, 2795476.6988056903], [699832.8753767044, 2795483.0917413235], [699837.3973504563, 2795490.0088706715], [699827.9249388652, 2795496.188451605]]]}, "properties": {"id": 249, "height_m": 13.87, "interval_half_width_m": null, "coverage_nominal": null, "area_m2": null, "perimeter_m": null, "size_class": null, "confidence": null, "provenance": null, "evidence": null, "height_is_metric": false}}, {"type": "Feature", "geometry": {"type": "Polygon", "coordinates": [[[700239.4330567158, 2795490.025776701], [700240.2500390554, 2795486.70090393], [700242.9707501516, 2795487.3210561452], [700242.1550800127, 2795490.6897503207], [700239.4330567158, 2795490.025776701]]]}, "properties": {"id": 250, "height_m": 2.76, "interval_half_width_m": null, "coverage_nominal": null, "area_m2": null, "perimeter_m": null, "size_class": null, "confidence": null, "provenance": null, "evidence": null, "height_is_metric": false}}, {"type": "Feature", "geometry": {"type": "Polygon", "coordinates": [[[700181.32975, 2795492.184225], [700172.3301274194, 2795488.434382258], [700177.579907258, 2795478.184812097], [700175.8299806452, 2795483.9345709677], [700183.8296451613, 2795487.6844137097], [700181.32975, 2795492.184225]]]}, "properties": {"id": 251, "height_m": 7.2, "interval_half_width_m": null, "coverage_nominal": null, "area_m2": null, "perimeter_m": null, "size_class": null, "confidence": null, "provenance": null, "evidence": null, "height_is_metric": false}}, {"type": "Feature", "geometry": {"type": "Polygon", "coordinates": [[[700238.3888500186, 2795491.7770155147], [700234.4828858944, 2795490.908399598], [700235.6248973276, 2795485.4109799983], [700239.5630256304, 2795486.141112953], [700238.3888500186, 2795491.7770155147]]]}, "properties": {"id": 252, "height_m": 2.85, "interval_half_width_m": null, "coverage_nominal": null, "area_m2": null, "perimeter_m": null, "size_class": null, "confidence": null, "provenance": null, "evidence": null, "height_is_metric": false}}, {"type": "Feature", "geometry": {"type": "Polygon", "coordinates": [[[699885.8107101482, 2795489.739274434], [699878.5075954002, 2795488.221027558], [699879.9957074313, 2795481.0128947888], [699887.305032246, 2795482.5148459612], [699885.8107101482, 2795489.739274434]]]}, "properties": {"id": 253, "height_m": 20.31, "interval_half_width_m": null, "coverage_nominal": null, "area_m2": null, "perimeter_m": null, "size_class": null, "confidence": null, "provenance": null, "evidence": null, "height_is_metric": false}}, {"type": "Feature", "geometry": {"type": "Polygon", "coordinates": [[[700125.5649682599, 2795492.705138213], [700124.5632097338, 2795490.999704363], [700124.6010499437, 2795487.1190077337], [700128.6063141029, 2795484.684661581], [700128.5632556059, 2795489.8225991866], [700125.5935315151, 2795489.7750090193], [700125.5649682599, 2795492.705138213]]]}, "properties": {"id": 253, "height_m": 6.16, "interval_half_width_m": null, "coverage_nominal": null, "area_m2": 45.2, "perimeter_m": 32.7, "size_class": "small", "confidence": 0.393, "provenance": "INFERRED", "evidence": {"height": 0.163, "edge": 0.813, "texture": 0.996, "shadow": 0.0}, "height_is_metric": false}}, {"type": "Feature", "geometry": {"type": "Polygon", "coordinates": [[[699764.3472370968, 2795535.4324112902], [699751.5977717742, 2795539.9322225805], [699752.3477403226, 2795525.4328306452], [699753.5976879032, 2795526.1827991935], [699753.5976879032, 2795534.1824637097], [699764.3472370968, 2795535.4324112902]]]}, "properties": {"id": 255, "height_m": 13.41, "interval_half_width_m": null, "coverage_nominal": null, "area_m2": null, "perimeter_m": null, "size_class": null, "confidence": null, "provenance": null, "evidence": null, "height_is_metric": false}}, {"type": "Feature", "geometry": {"type": "Polygon", "coordinates": [[[699754.0976669355, 2795514.4332919354], [699752.8477193549, 2795514.1833024193], [699753.097708871, 2795509.683491129], [699754.3476564516, 2795509.933480645], [699754.0976669355, 2795514.4332919354]]]}, "properties": {"id": 372, "height_m": 12.33, "interval_half_width_m": null, "coverage_nominal": null, "area_m2": 15.0, "perimeter_m": 21.1, "size_class": "tiny", "confidence": 0.495, "provenance": "INFERRED", "evidence": {"height": 0.086, "edge": 1.0, "texture": 0.979, "shadow": 1.0}, "height_is_metric": false}}, {"type": "Feature", "geometry": {"type": "Polygon", "coordinates": [[[699754.3476564516, 2795509.433501613], [699753.097708871, 2795509.1835120968], [699753.3476983871, 2795504.6837008065], [699754.5976459677, 2795504.9336903226], [699754.3476564516, 2795509.433501613]]]}, "properties": {"id": 257, "height_m": 12.12, "interval_half_width_m": null, "coverage_nominal": null, "area_m2": null, "perimeter_m": null, "size_class": null, "confidence": null, "provenance": null, "evidence": null, "height_is_metric": false}}, {"type": "Feature", "geometry": {"type": "Polygon", "coordinates": [[[699754.5976459677, 2795504.4337112904], [699753.3476983871, 2795504.1837217743], [699753.5976879032, 2795499.9339], [699754.847635484, 2795500.183889516], [699754.5976459677, 2795504.4337112904]]]}, "properties": {"id": 258, "height_m": 11.9, "interval_half_width_m": null, "coverage_nominal": null, "area_m2": null, "perimeter_m": null, "size_class": null, "confidence": null, "provenance": null, "evidence": null, "height_is_metric": false}}, {"type": "Feature", "geometry": {"type": "Polygon", "coordinates": [[[699754.847635484, 2795499.683910484], [699753.5976879032, 2795499.433920968], [699753.8476774194, 2795494.6841201615], [699755.097625, 2795494.9341096776], [699754.847635484, 2795499.683910484]]]}, "properties": {"id": 259, "height_m": 11.69, "interval_half_width_m": null, "coverage_nominal": null, "area_m2": null, "perimeter_m": null, "size_class": null, "confidence": null, "provenance": null, "evidence": null, "height_is_metric": false}}, {"type": "Feature", "geometry": {"type": "Polygon", "coordinates": [[[699755.097625, 2795494.434130645], [699753.8476774194, 2795494.184141129], [699753.8476774194, 2795489.9343193546], [699755.3476145162, 2795490.1843088707], [699755.3476145162, 2795494.184141129], [699755.097625, 2795494.434130645]]]}, "properties": {"id": 260, "height_m": 11.46, "interval_half_width_m": null, "coverage_nominal": null, "area_m2": null, "perimeter_m": null, "size_class": null, "confidence": null, "provenance": null, "evidence": null, "height_is_metric": false}}, {"type": "Feature", "geometry": {"type": "Polygon", "coordinates": [[[699755.5976040323, 2795489.6843298385], [699754.0976669355, 2795489.4343403224], [699754.0976669355, 2795484.684539516], [699755.5976040323, 2795485.184518548], [699755.5976040323, 2795489.6843298385]]]}, "properties": {"id": 261, "height_m": 11.25, "interval_half_width_m": null, "coverage_nominal": null, "area_m2": null, "perimeter_m": null, "size_class": null, "confidence": null, "provenance": null, "evidence": null, "height_is_metric": false}}, {"type": "Feature", "geometry": {"type": "Polygon", "coordinates": [[[700002.8513034974, 2795492.239978277], [699998.1495048283, 2795477.1726932875], [700005.5109819969, 2795474.891355855], [700014.8367322581, 2795477.934822581], [700007.3370467742, 2795484.684539516], [700006.4774636822, 2795492.472237824], [700005.4467451889, 2795489.146327499], [700002.8513034974, 2795492.239978277]]]}, "properties": {"id": 262, "height_m": 27.76, "interval_half_width_m": null, "coverage_nominal": null, "area_m2": null, "perimeter_m": null, "size_class": null, "confidence": null, "provenance": null, "evidence": null, "height_is_metric": false}}, {"type": "Feature", "geometry": {"type": "Polygon", "coordinates": [[[699819.9623211353, 2795501.6816294394], [699812.0952346774, 2795497.933983871], [699817.0924997764, 2795495.934266098], [699818.4800758626, 2795482.6866222047], [699819.9623211353, 2795501.6816294394]]]}, "properties": {"id": 263, "height_m": 13.43, "interval_half_width_m": null, "coverage_nominal": null, "area_m2": null, "perimeter_m": null, "size_class": null, "confidence": null, "provenance": null, "evidence": null, "height_is_metric": false}}, {"type": "Feature", "geometry": {"type": "Polygon", "coordinates": [[[699860.5932008065, 2795494.9341096776], [699860.8431903226, 2795474.934948387], [699868.3428758065, 2795474.684958871], [699868.3428758065, 2795491.1842669356], [699861.8431483872, 2795492.9341935483], [699872.3427080646, 2795493.6841620966], [699860.5932008065, 2795494.9341096776]]]}, "properties": {"id": 264, "height_m": 17.69, "interval_half_width_m": null, "coverage_nominal": null, "area_m2": null, "perimeter_m": null, "size_class": null, "confidence": null, "provenance": null, "evidence": null, "height_is_metric": false}}, {"type": "Feature", "geometry": {"type": "Polygon", "coordinates": [[[700009.5363258804, 2795492.309433372], [700007.3714081262, 2795484.596988256], [700013.0870192592, 2795482.941860524], [700015.3527933796, 2795490.6393831703], [700009.5363258804, 2795492.309433372]]]}, "properties": {"id": 265, "height_m": 28.88, "interval_half_width_m": null, "coverage_nominal": null, "area_m2": null, "perimeter_m": null, "size_class": null, "confidence": null, "provenance": null, "evidence": null, "height_is_metric": false}}, {"type": "Feature", "geometry": {"type": "Polygon", "coordinates": [[[700123.9320411349, 2795494.2982415687], [700117.0334046634, 2795491.4530239752], [700113.5690113762, 2795481.967734506], [700119.6719658844, 2795484.433359864], [700122.0061880619, 2795478.6529015973], [700124.8321193549, 2795483.1846024194], [700129.2810904921, 2795481.051818327], [700123.9320411349, 2795494.2982415687]]]}, "properties": {"id": 56, "height_m": 6.1, "interval_half_width_m": null, "coverage_nominal": null, "area_m2": 677.5, "perimeter_m": 234.4, "size_class": "large", "confidence": 0.899, "provenance": "INFERRED", "evidence": {"height": 1.0, "edge": 1.0, "texture": 0.99, "shadow": 0.0}, "height_is_metric": false}}, {"type": "Feature", "geometry": {"type": "Polygon", "coordinates": [[[700234.9321163225, 2795485.952217066], [700241.3088630594, 2795480.9667846616], [700242.3690908132, 2795473.0821513324], [700242.4490129986, 2795485.9875549395], [700234.9321163225, 2795485.952217066]]]}, "properties": {"id": 267, "height_m": 4.41, "interval_half_width_m": null, "coverage_nominal": null, "area_m2": null, "perimeter_m": null, "size_class": null, "confidence": null, "provenance": null, "evidence": null, "height_is_metric": false}}, {"type": "Feature", "geometry": {"type": "Polygon", "coordinates": [[[700013.1263852841, 2795484.5466058473], [700013.8574032113, 2795481.054015501], [700019.9605103009, 2795482.537138117], [700019.504444222, 2795484.5903814775], [700016.2074328313, 2795483.7888098685], [700015.3638402796, 2795485.0905588656], [700013.1263852841, 2795484.5466058473]]]}, "properties": {"id": 268, "height_m": 30.0, "interval_half_width_m": null, "coverage_nominal": null, "area_m2": null, "perimeter_m": null, "size_class": null, "confidence": null, "provenance": null, "evidence": null, "height_is_metric": false}}, {"type": "Feature", "geometry": {"type": "Polygon", "coordinates": [[[699826.8446161291, 2795484.684539516], [699823.0947733871, 2795484.684539516], [699823.3447629033, 2795478.684791129], [699825.3446790323, 2795482.184644355], [699827.0946056452, 2795480.434717742], [699826.8446161291, 2795484.684539516]]]}, "properties": {"id": 269, "height_m": 13.04, "interval_half_width_m": null, "coverage_nominal": null, "area_m2": null, "perimeter_m": null, "size_class": null, "confidence": null, "provenance": null, "evidence": null, "height_is_metric": false}}, {"type": "Feature", "geometry": {"type": "Polygon", "coordinates": [[[700234.5775169355, 2795485.184518548], [700231.577642742, 2795484.684539516], [700230.8276741935, 2795484.184560484], [700232.5776008065, 2795481.6846653223], [700234.5775169355, 2795481.934654839], [700235.327485484, 2795482.434633871], [700234.5775169355, 2795485.184518548]]]}, "properties": {"id": 270, "height_m": 4.21, "interval_half_width_m": null, "coverage_nominal": null, "area_m2": null, "perimeter_m": null, "size_class": null, "confidence": null, "provenance": null, "evidence": null, "height_is_metric": false}}, {"type": "Feature", "geometry": {"type": "Polygon", "coordinates": [[[700179.522635844, 2795486.731527035], [700180.3809982842, 2795474.4504868924], [700183.3734875335, 2795474.6252079587], [700182.7918468869, 2795482.9317748873], [700179.522635844, 2795486.731527035]]]}, "properties": {"id": 1, "height_m": 7.03, "interval_half_width_m": null, "coverage_nominal": null, "area_m2": 5210.3, "perimeter_m": 1561.9, "size_class": "large", "confidence": 0.897, "provenance": "INFERRED", "evidence": {"height": 1.0, "edge": 1.0, "texture": 0.972, "shadow": 0.0}, "height_is_metric": false}}, {"type": "Feature", "geometry": {"type": "Polygon", "coordinates": [[[700235.5540079667, 2795484.1808832698], [700235.8509315496, 2795482.4383110846], [700236.3283590374, 2795481.6792486794], [700239.326402253, 2795482.190060998], [700238.5773491936, 2795482.184644355], [700236.8274225807, 2795484.184560484], [700235.5540079667, 2795484.1808832698]]]}, "properties": {"id": 272, "height_m": 4.39, "interval_half_width_m": null, "coverage_nominal": null, "area_m2": null, "perimeter_m": null, "size_class": null, "confidence": null, "provenance": null, "evidence": null, "height_is_metric": false}}, {"type": "Feature", "geometry": {"type": "Polygon", "coordinates": [[[699738.9403245348, 2795487.1481660567], [699736.9222111556, 2795478.6147867404], [699741.9696021355, 2795477.296421619], [699744.0608163538, 2795485.929177261], [699738.9403245348, 2795487.1481660567]]]}, "properties": {"id": 273, "height_m": 10.8, "interval_half_width_m": null, "coverage_nominal": null, "area_m2": null, "perimeter_m": null, "size_class": null, "confidence": null, "provenance": null, "evidence": null, "height_is_metric": false}}, {"type": "Feature", "geometry": {"type": "Polygon", "coordinates": [[[700232.0776217743, 2795481.6846653223], [700230.8276741935, 2795483.6845814516], [700226.5778524193, 2795482.684623387], [700229.5777266129, 2795482.684623387], [700230.3276951613, 2795480.1847282257], [700231.3276532259, 2795481.6846653223], [700232.0776217743, 2795481.6846653223]]]}, "properties": {"id": 274, "height_m": 4.3, "interval_half_width_m": null, "coverage_nominal": null, "area_m2": null, "perimeter_m": null, "size_class": null, "confidence": null, "provenance": null, "evidence": null, "height_is_metric": false}}, {"type": "Feature", "geometry": {"type": "Polygon", "coordinates": [[[700140.0615526959, 2795483.814214687], [700124.6020569815, 2795481.305042571], [700129.9523575071, 2795478.4942626203], [700138.4610949124, 2795479.875277702], [700140.0615526959, 2795483.814214687]]]}, "properties": {"id": 94, "height_m": 6.3, "interval_half_width_m": null, "coverage_nominal": null, "area_m2": 340.8, "perimeter_m": 116.1, "size_class": "medium", "confidence": 0.897, "provenance": "INFERRED", "evidence": {"height": 1.0, "edge": 0.996, "texture": 0.977, "shadow": 0.0}, "height_is_metric": false}}, {"type": "Feature", "geometry": {"type": "Polygon", "coordinates": [[[700015.766777483, 2795481.4716005274], [700015.8759953149, 2795480.000791237], [700018.8815760562, 2795480.155173191], [700019.0404133892, 2795476.2526879245], [700020.571660208, 2795476.3046724387], [700020.3830694843, 2795481.673664197], [700015.766777483, 2795481.4716005274]]]}, "properties": {"id": 276, "height_m": 5.61, "interval_half_width_m": null, "coverage_nominal": null, "area_m2": null, "perimeter_m": null, "size_class": null, "confidence": null, "provenance": null, "evidence": null, "height_is_metric": false}}, {"type": "Feature", "geometry": {"type": "Polygon", "coordinates": [[[700182.721079591, 2795483.7733838796], [700184.7286858272, 2795476.61818163], [700191.1148621003, 2795474.8349464773], [700193.0032716752, 2795481.0125896255], [700182.721079591, 2795483.7733838796]]]}, "properties": {"id": 277, "height_m": 6.89, "interval_half_width_m": null, "coverage_nominal": null, "area_m2": null, "perimeter_m": null, "size_class": null, "confidence": null, "provenance": null, "evidence": null, "height_is_metric": false}}, {"type": "Feature", "geometry": {"type": "Polygon", "coordinates": [[[700149.0352974555, 2795483.6540193786], [700147.703840842, 2795477.247534509], [700152.490718951, 2795476.1777856704], [700153.8442693645, 2795482.6596152806], [700149.0352974555, 2795483.6540193786]]]}, "properties": {"id": 174, "height_m": 1.98, "interval_half_width_m": null, "coverage_nominal": null, "area_m2": 108.5, "perimeter_m": 67.5, "size_class": "small", "confidence": 0.693, "provenance": "INFERRED", "evidence": {"height": 0.667, "edge": 0.909, "texture": 0.991, "shadow": 0.0}, "height_is_metric": false}}, {"type": "Feature", "geometry": {"type": "Polygon", "coordinates": [[[700225.5778943548, 2795481.934654839], [700221.5780620968, 2795481.934654839], [700219.3281564517, 2795479.6847491935], [700221.828051613, 2795473.6850008066], [700225.5778943548, 2795481.934654839]]]}, "properties": {"id": 279, "height_m": 4.35, "interval_half_width_m": null, "coverage_nominal": null, "area_m2": null, "perimeter_m": null, "size_class": null, "confidence": null, "provenance": null, "evidence": null, "height_is_metric": false}}, {"type": "Feature", "geometry": {"type": "Polygon", "coordinates": [[[699978.1204070493, 2795495.6981767556], [699977.4223162081, 2795472.1409676587], [699989.4716460975, 2795471.965071715], [699993.4685182746, 2795481.488415008], [699983.7071478545, 2795481.630926121], [699978.1204070493, 2795495.6981767556]]]}, "properties": {"id": 422, "height_m": 22.18, "interval_half_width_m": null, "coverage_nominal": null, "area_m2": 9.8, "perimeter_m": 14.5, "size_class": "tiny", "confidence": 0.9, "provenance": "INFERRED", "evidence": {"height": 1.0, "edge": 1.0, "texture": 1.0, "shadow": 0.0}, "height_is_metric": false}}, {"type": "Feature", "geometry": {"type": "Polygon", "coordinates": [[[700226.4505384227, 2795481.322345312], [700222.1221982128, 2795474.29700517], [700226.9960172557, 2795471.2238003113], [700231.4926243348, 2795478.1464225934], [700226.4505384227, 2795481.322345312]]]}, "properties": {"id": 281, "height_m": 5.55, "interval_half_width_m": null, "coverage_nominal": null, "area_m2": null, "perimeter_m": null, "size_class": null, "confidence": null, "provenance": null, "evidence": null, "height_is_metric": false}}, {"type": "Feature", "geometry": {"type": "Polygon", "coordinates": [[[699765.0972056452, 2795478.934780645], [699771.8469225806, 2795463.685420161], [699824.3447209678, 2795462.935451613], [699765.0972056452, 2795478.934780645]]]}, "properties": {"id": 282, "height_m": 11.74, "interval_half_width_m": null, "coverage_nominal": null, "area_m2": null, "perimeter_m": null, "size_class": null, "confidence": null, "provenance": null, "evidence": null, "height_is_metric": false}}, {"type": "Feature", "geometry": {"type": "Polygon", "coordinates": [[[699826.3446370969, 2795473.6850008066], [699824.0947314516, 2795456.68571371], [699827.5945846775, 2795457.185692742], [699826.3446370969, 2795473.6850008066]]]}, "properties": {"id": 283, "height_m": 12.53, "interval_half_width_m": null, "coverage_nominal": null, "area_m2": null, "perimeter_m": null, "size_class": null, "confidence": null, "provenance": null, "evidence": null, "height_is_metric": false}}, {"type": "Feature", "geometry": {"type": "Polygon", "coordinates": [[[700124.5929936409, 2795481.068327645], [700121.9399982109, 2795478.4433766925], [700125.0197945897, 2795475.3515111175], [700125.5820879033, 2795477.434843548], [700128.3319725806, 2795477.6848330647], [700128.0819830645, 2795479.1847701613], [700127.0257529459, 2795478.6260167384], [700124.5929936409, 2795481.068327645]]]}, "properties": {"id": 284, "height_m": 6.08, "interval_half_width_m": null, "coverage_nominal": null, "area_m2": null, "perimeter_m": null, "size_class": null, "confidence": null, "provenance": null, "evidence": null, "height_is_metric": false}}, {"type": "Feature", "geometry": {"type": "Polygon", "coordinates": [[[700221.0015481883, 2795481.966605403], [700213.7168500263, 2795480.3675361113], [700214.9743046163, 2795474.635568242], [700219.9178228847, 2795475.713998968], [700219.0305920264, 2795479.7402888564], [700221.0015481883, 2795481.966605403]]]}, "properties": {"id": 285, "height_m": 4.53, "interval_half_width_m": null, "coverage_nominal": null, "area_m2": null, "perimeter_m": null, "size_class": null, "confidence": null, "provenance": null, "evidence": null, "height_is_metric": false}}, {"type": "Feature", "geometry": {"type": "Polygon", "coordinates": [[[699804.9815879968, 2795479.0083859568], [699797.5882060383, 2795478.86285373], [699792.502222431, 2795475.7315610973], [699800.6045971783, 2795475.2452075924], [699805.052065388, 2795475.3263199134], [699804.9815879968, 2795479.0083859568]]]}, "properties": {"id": 286, "height_m": 11.98, "interval_half_width_m": null, "coverage_nominal": null, "area_m2": null, "perimeter_m": null, "size_class": null, "confidence": null, "provenance": null, "evidence": null, "height_is_metric": false}}, {"type": "Feature", "geometry": {"type": "Polygon", "coordinates": [[[700213.5108650124, 2795480.4172166446], [700209.0143494824, 2795479.72286405], [700210.8257054038, 2795477.4537026207], [700206.9586190436, 2795476.9020900116], [700207.4847810598, 2795473.3987121535], [700214.4268727402, 2795474.464570164], [700213.5108650124, 2795480.4172166446]]]}, "properties": {"id": 340, "height_m": 4.66, "interval_half_width_m": null, "coverage_nominal": null, "area_m2": 19.1, "perimeter_m": 27.5, "size_class": "tiny", "confidence": 0.686, "provenance": "INFERRED", "evidence": {"height": 1.0, "edge": 0.146, "texture": 1.0, "shadow": 0.0}, "height_is_metric": false}}, {"type": "Feature", "geometry": {"type": "Polygon", "coordinates": [[[700239.8272967743, 2795482.184644355], [700231.577642742, 2795480.434717742], [700233.8275483871, 2795469.1851895163], [700242.0772024194, 2795471.6850846773], [700239.8272967743, 2795482.184644355]]]}, "properties": {"id": 288, "height_m": 5.44, "interval_half_width_m": null, "coverage_nominal": null, "area_m2": null, "perimeter_m": null, "size_class": null, "confidence": null, "provenance": null, "evidence": null, "height_is_metric": false}}, {"type": "Feature", "geometry": {"type": "Polygon", "coordinates": [[[699971.5885459678, 2795486.9344451614], [699971.5885459678, 2795479.9347387096], [699949.5894685484, 2795476.1848959676], [699949.3394790323, 2795469.6851685485], [699973.5884620968, 2795473.9349903227], [699971.5885459678, 2795486.9344451614]]]}, "properties": {"id": 289, "height_m": 17.74, "interval_half_width_m": null, "coverage_nominal": null, "area_m2": null, "perimeter_m": null, "size_class": null, "confidence": null, "provenance": null, "evidence": null, "height_is_metric": false}}, {"type": "Feature", "geometry": {"type": "Polygon", "coordinates": [[[700207.7808807028, 2795478.8461155402], [700192.9592366567, 2795476.6527413377], [700195.5950514108, 2795458.051699515], [700198.341945491, 2795470.8888534205], [700208.7175479645, 2795472.236071702], [700207.7808807028, 2795478.8461155402]]]}, "properties": {"id": 290, "height_m": 6.41, "interval_half_width_m": null, "coverage_nominal": null, "area_m2": null, "perimeter_m": null, "size_class": null, "confidence": null, "provenance": null, "evidence": null, "height_is_metric": false}}, {"type": "Feature", "geometry": {"type": "Polygon", "coordinates": [[[700125.5791278223, 2795476.9779840456], [700127.3320145161, 2795475.6849169354], [700125.827744105, 2795472.5030282806], [700132.5861276692, 2795472.8670572033], [700128.3960873235, 2795479.4400389967], [700128.5208074349, 2795477.136439925], [700125.5791278223, 2795476.9779840456]]]}, "properties": {"id": 291, "height_m": 6.14, "interval_half_width_m": null, "coverage_nominal": null, "area_m2": null, "perimeter_m": null, "size_class": null, "confidence": null, "provenance": null, "evidence": null, "height_is_metric": false}}, {"type": "Feature", "geometry": {"type": "Polygon", "coordinates": [[[700138.3315532259, 2795482.184644355], [700130.3318887097, 2795477.434843548], [700132.831783871, 2795473.4350112905], [700140.8314483871, 2795478.184812097], [700138.3315532259, 2795482.184644355]]]}, "properties": {"id": 292, "height_m": 6.29, "interval_half_width_m": null, "coverage_nominal": null, "area_m2": null, "perimeter_m": null, "size_class": null, "confidence": null, "provenance": null, "evidence": null, "height_is_metric": false}}, {"type": "Feature", "geometry": {"type": "Polygon", "coordinates": [[[700176.7714999984, 2795479.993360519], [700172.9479909122, 2795480.5332548693], [700171.7288647929, 2795472.3370348755], [700174.1960464823, 2795471.9717853004], [700174.7212014607, 2795475.709024811], [700178.559449919, 2795475.1474486305], [700176.3850721123, 2795477.352373252], [700176.7714999984, 2795479.993360519]]]}, "properties": {"id": 293, "height_m": 7.04, "interval_half_width_m": null, "coverage_nominal": null, "area_m2": null, "perimeter_m": null, "size_class": null, "confidence": null, "provenance": null, "evidence": null, "height_is_metric": false}}, {"type": "Feature", "geometry": {"type": "Polygon", "coordinates": [[[700183.9757877141, 2795477.948478624], [700183.6835026084, 2795474.9212923436], [700181.0797604839, 2795473.9349903227], [700183.8113658986, 2795469.541238427], [700188.4919862567, 2795469.086896519], [700188.9351744577, 2795473.6772344084], [700183.9757877141, 2795477.948478624]]]}, "properties": {"id": 294, "height_m": 6.77, "interval_half_width_m": null, "coverage_nominal": null, "area_m2": null, "perimeter_m": null, "size_class": null, "confidence": null, "provenance": null, "evidence": null, "height_is_metric": false}}, {"type": "Feature", "geometry": {"type": "Polygon", "coordinates": [[[699931.8402129032, 2795474.184979839], [699926.5904330645, 2795478.184812097], [699925.3404854839, 2795473.185021774], [699922.0906217742, 2795471.435095161], [699931.8402129032, 2795474.184979839]]]}, "properties": {"id": 295, "height_m": 9.9, "interval_half_width_m": null, "coverage_nominal": null, "area_m2": null, "perimeter_m": null, "size_class": null, "confidence": null, "provenance": null, "evidence": null, "height_is_metric": false}}, {"type": "Feature", "geometry": {"type": "Polygon", "coordinates": [[[700220.6575989896, 2795473.581550555], [700219.2595252966, 2795476.2677324596], [700214.8174813591, 2795473.955604082], [700217.5782298387, 2795472.6850427417], [700220.5781040323, 2795472.6850427417], [700220.6575989896, 2795473.581550555]]]}, "properties": {"id": 296, "height_m": 5.62, "interval_half_width_m": null, "coverage_nominal": null, "area_m2": null, "perimeter_m": null, "size_class": null, "confidence": null, "provenance": null, "evidence": null, "height_is_metric": false}}, {"type": "Feature", "geometry": {"type": "Polygon", "coordinates": [[[700231.1432432348, 2795475.637509866], [700226.6765726446, 2795473.649968096], [700228.9569945881, 2795468.1810659766], [700233.5340121132, 2795470.021763319], [700231.1432432348, 2795475.637509866]]]}, "properties": {"id": 297, "height_m": 5.25, "interval_half_width_m": null, "coverage_nominal": null, "area_m2": null, "perimeter_m": null, "size_class": null, "confidence": null, "provenance": null, "evidence": null, "height_is_metric": false}}, {"type": "Feature", "geometry": {"type": "Polygon", "coordinates": [[[700115.8395460391, 2795482.3381260773], [700111.4478845102, 2795481.4093320207], [700113.7103628702, 2795471.5569467405], [700116.5824653226, 2795470.1851475807], [700115.3686795555, 2795471.49429678], [700120.296146251, 2795472.625841123], [700120.8322870968, 2795475.4349274193], [700115.8395460391, 2795482.3381260773]]]}, "properties": {"id": 298, "height_m": 5.82, "interval_half_width_m": null, "coverage_nominal": null, "area_m2": null, "perimeter_m": null, "size_class": null, "confidence": null, "provenance": null, "evidence": null, "height_is_metric": false}}, {"type": "Feature", "geometry": {"type": "Polygon", "coordinates": [[[699912.8410096775, 2795472.1850637095], [699913.3409887097, 2795469.4351790324], [699916.3408629033, 2795470.1851475807], [699917.8408, 2795468.9351999997], [699916.5908524194, 2795474.434969355], [699912.8410096775, 2795472.1850637095]]]}, "properties": {"id": 299, "height_m": 7.81, "interval_half_width_m": null, "coverage_nominal": null, "area_m2": null, "perimeter_m": null, "size_class": null, "confidence": null, "provenance": null, "evidence": null, "height_is_metric": false}}, {"type": "Feature", "geometry": {"type": "Polygon", "coordinates": [[[699887.8420580645, 2795474.934948387], [699888.0920475806, 2795471.435095161], [699898.0916282259, 2795471.435095161], [699895.3417435484, 2795473.4350112905], [699893.5918169355, 2795471.435095161], [699893.3418274194, 2795474.934948387], [699887.8420580645, 2795474.934948387]]]}, "properties": {"id": 300, "height_m": 4.82, "interval_half_width_m": null, "coverage_nominal": null, "area_m2": null, "perimeter_m": null, "size_class": null, "confidence": null, "provenance": null, "evidence": null, "height_is_metric": false}}, {"type": "Feature", "geometry": {"type": "Polygon", "coordinates": [[[700173.4817514868, 2795473.296375747], [700181.2407339577, 2795470.6214696146], [700182.017068588, 2795472.8873352837], [700179.329833871, 2795472.6850427417], [700178.3298758065, 2795475.184937903], [700173.4817514868, 2795473.296375747]]]}, "properties": {"id": 301, "height_m": 6.94, "interval_half_width_m": null, "coverage_nominal": null, "area_m2": null, "perimeter_m": null, "size_class": null, "confidence": null, "provenance": null, "evidence": null, "height_is_metric": false}}, {"type": "Feature", "geometry": {"type": "Polygon", "coordinates": [[[700222.8280096775, 2795473.9349903227], [700216.5782717742, 2795471.9350741934], [700219.3281564517, 2795464.6853782255], [700225.0779153226, 2795466.4353048387], [700222.8280096775, 2795473.9349903227]]]}, "properties": {"id": 302, "height_m": 5.45, "interval_half_width_m": null, "coverage_nominal": null, "area_m2": null, "perimeter_m": null, "size_class": null, "confidence": null, "provenance": null, "evidence": null, "height_is_metric": false}}, {"type": "Feature", "geometry": {"type": "Polygon", "coordinates": [[[700224.4907207097, 2795473.141154595], [700225.9307237965, 2795461.7097797478], [700229.7791952147, 2795462.200680181], [700229.1106441503, 2795467.4396725083], [700224.4907207097, 2795473.141154595]]]}, "properties": {"id": 23, "height_m": 5.23, "interval_half_width_m": null, "coverage_nominal": null, "area_m2": 1515.3, "perimeter_m": 328.6, "size_class": "large", "confidence": 0.841, "provenance": "INFERRED", "evidence": {"height": 1.0, "edge": 0.779, "texture": 0.965, "shadow": 0.0}, "height_is_metric": false}}, {"type": "Feature", "geometry": {"type": "Polygon", "coordinates": [[[699945.0896572581, 2795478.184812097], [699921.590642742, 2795471.9350741934], [699923.0905798387, 2795464.1853991933], [699945.0896572581, 2795470.1851475807], [699948.0895314517, 2795460.935535484], [699945.0896572581, 2795478.184812097]]]}, "properties": {"id": 304, "height_m": 12.26, "interval_half_width_m": null, "coverage_nominal": null, "area_m2": null, "perimeter_m": null, "size_class": null, "confidence": null, "provenance": null, "evidence": null, "height_is_metric": false}}, {"type": "Feature", "geometry": {"type": "Polygon", "coordinates": [[[700115.876959021, 2795480.951663836], [700120.4875749906, 2795470.3912394014], [700127.4267371063, 2795468.479118663], [700133.4734805928, 2795470.8971691118], [700126.0069968415, 2795472.952853776], [700127.7208837061, 2795477.6879915013], [700115.876959021, 2795480.951663836]]]}, "properties": {"id": 305, "height_m": 6.09, "interval_half_width_m": null, "coverage_nominal": null, "area_m2": null, "perimeter_m": null, "size_class": null, "confidence": null, "provenance": null, "evidence": null, "height_is_metric": false}}, {"type": "Feature", "geometry": {"type": "Polygon", "coordinates": [[[700240.0772862904, 2795472.4350532256], [700235.4019147356, 2795467.721719396], [700235.473658553, 2795464.2242616992], [700241.1688542826, 2795464.4649284864], [700242.4389426201, 2795460.7332276837], [700242.1532185186, 2795471.532533702], [700240.0772862904, 2795472.4350532256]]]}, "properties": {"id": 306, "height_m": 4.99, "interval_half_width_m": null, "coverage_nominal": null, "area_m2": null, "perimeter_m": null, "size_class": null, "confidence": null, "provenance": null, "evidence": null, "height_is_metric": false}}, {"type": "Feature", "geometry": {"type": "Polygon", "coordinates": [[[699750.5978137098, 2795473.9349903227], [699740.5982330645, 2795472.6850427417], [699743.0981282259, 2795453.185860484], [699752.0977508065, 2795460.685545968], [699750.5978137098, 2795473.9349903227]]]}, "properties": {"id": 307, "height_m": 10.37, "interval_half_width_m": null, "coverage_nominal": null, "area_m2": null, "perimeter_m": null, "size_class": null, "confidence": null, "provenance": null, "evidence": null, "height_is_metric": false}}, {"type": "Feature", "geometry": {"type": "Polygon", "coordinates": [[[699985.1473035228, 2795469.531000209], [699980.8810182055, 2795474.472641725], [699957.5190523854, 2795472.048152337], [699970.5564694992, 2795456.9391363095], [699985.1473035228, 2795469.531000209]]]}, "properties": {"id": 152, "height_m": 19.66, "interval_half_width_m": null, "coverage_nominal": null, "area_m2": 148.1, "perimeter_m": 74.9, "size_class": "medium", "confidence": 0.9, "provenance": "INFERRED", "evidence": {"height": 1.0, "edge": 1.0, "texture": 0.995, "shadow": 0.0}, "height_is_metric": false}}, {"type": "Feature", "geometry": {"type": "Polygon", "coordinates": [[[700013.7282277204, 2795483.173128291], [700011.9438176902, 2795464.1674861265], [700025.9960237896, 2795462.912854294], [700026.9280830903, 2795473.4869958046], [700013.7282277204, 2795483.173128291]]]}, "properties": {"id": 233, "height_m": 31.18, "interval_half_width_m": null, "coverage_nominal": null, "area_m2": 61.3, "perimeter_m": 79.6, "size_class": "small", "confidence": 0.899, "provenance": "INFERRED", "evidence": {"height": 1.0, "edge": 1.0, "texture": 0.994, "shadow": 0.0}, "height_is_metric": false}}, {"type": "Feature", "geometry": {"type": "Polygon", "coordinates": [[[699948.4788736443, 2795468.117164848], [699952.5070402853, 2795461.754104671], [699957.5133763539, 2795465.526254827], [699967.8857135834, 2795453.8139621946], [699959.8107501011, 2795466.465729588], [699948.4788736443, 2795468.117164848]]]}, "properties": {"id": 73, "height_m": 15.68, "interval_half_width_m": null, "coverage_nominal": null, "area_m2": 484.0, "perimeter_m": 139.4, "size_class": "medium", "confidence": 0.895, "provenance": "INFERRED", "evidence": {"height": 1.0, "edge": 1.0, "texture": 0.945, "shadow": 0.0}, "height_is_metric": false}}, {"type": "Feature", "geometry": {"type": "Polygon", "coordinates": [[[700171.3301693549, 2795471.435095161], [700173.3300854838, 2795465.6853362904], [700181.5797395161, 2795465.6853362904], [700181.5797395161, 2795469.1851895163], [700175.5799911291, 2795472.935032258], [700171.3301693549, 2795471.435095161]]]}, "properties": {"id": 311, "height_m": 6.96, "interval_half_width_m": null, "coverage_nominal": null, "area_m2": null, "perimeter_m": null, "size_class": null, "confidence": null, "provenance": null, "evidence": null, "height_is_metric": false}}, {"type": "Feature", "geometry": {"type": "Polygon", "coordinates": [[[699918.3407790323, 2795472.935032258], [699917.0908314517, 2795464.4353887094], [699923.3405693548, 2795464.6853782255], [699918.3407790323, 2795472.935032258]]]}, "properties": {"id": 312, "height_m": 8.34, "interval_half_width_m": null, "coverage_nominal": null, "area_m2": null, "perimeter_m": null, "size_class": null, "confidence": null, "provenance": null, "evidence": null, "height_is_metric": false}}, {"type": "Feature", "geometry": {"type": "Polygon", "coordinates": [[[699860.1799948686, 2795484.7982127275], [699853.3593733138, 2795468.5038063484], [699862.2847955151, 2795464.7399566253], [699866.5486242702, 2795474.94811617], [699860.5932008065, 2795474.434969355], [699864.0930540323, 2795477.434843548], [699860.1799948686, 2795484.7982127275]]]}, "properties": {"id": 313, "height_m": 16.58, "interval_half_width_m": null, "coverage_nominal": null, "area_m2": null, "perimeter_m": null, "size_class": null, "confidence": null, "provenance": null, "evidence": null, "height_is_metric": false}}, {"type": "Feature", "geometry": {"type": "Polygon", "coordinates": [[[700112.054182326, 2795472.1023187665], [700118.0489565564, 2795469.6039646785], [700117.195171561, 2795464.8871214744], [700126.0213089855, 2795463.415884956], [700120.1073113967, 2795467.960539947], [700120.8172425617, 2795470.6415798552], [700112.054182326, 2795472.1023187665]]]}, "properties": {"id": 314, "height_m": 5.89, "interval_half_width_m": null, "coverage_nominal": null, "area_m2": null, "perimeter_m": null, "size_class": null, "confidence": null, "provenance": null, "evidence": null, "height_is_metric": false}}, {"type": "Feature", "geometry": {"type": "Polygon", "coordinates": [[[700171.3301693549, 2795465.9353258065], [700171.0557362838, 2795465.6626474224], [700170.3546548453, 2795460.9582243515], [700172.5801169355, 2795464.4353887094], [700171.3301693549, 2795465.9353258065]]]}, "properties": {"id": 506, "height_m": 6.98, "interval_half_width_m": null, "coverage_nominal": null, "area_m2": 6.1, "perimeter_m": 9.6, "size_class": "tiny", "confidence": 0.556, "provenance": "INFERRED", "evidence": {"height": 0.375, "edge": 1.0, "texture": 1.0, "shadow": 0.0}, "height_is_metric": false}}, {"type": "Feature", "geometry": {"type": "Polygon", "coordinates": [[[699863.6654444016, 2795461.156046256], [699857.5273427468, 2795464.961245563], [699852.8078675119, 2795457.494014162], [699846.1593121054, 2795460.494910652], [699854.2156072422, 2795455.3401890825], [699856.4533063681, 2795459.0492925663], [699860.5749062856, 2795456.303527589], [699863.6654444016, 2795461.156046256]]]}, "properties": {"id": 135, "height_m": 6.3, "interval_half_width_m": null, "coverage_nominal": null, "area_m2": 187.5, "perimeter_m": 118.0, "size_class": "medium", "confidence": 0.895, "provenance": "INFERRED", "evidence": {"height": 1.0, "edge": 1.0, "texture": 0.948, "shadow": 0.0}, "height_is_metric": false}}, {"type": "Feature", "geometry": {"type": "Polygon", "coordinates": [[[700226.1411641899, 2795465.894083029], [700220.6486577141, 2795465.004014155], [700221.2078993977, 2795461.087018389], [700225.112215642, 2795461.702196447], [700224.7799541855, 2795463.7398459795], [700226.1411641899, 2795465.894083029]]]}, "properties": {"id": 317, "height_m": 5.22, "interval_half_width_m": null, "coverage_nominal": null, "area_m2": null, "perimeter_m": null, "size_class": null, "confidence": null, "provenance": null, "evidence": null, "height_is_metric": false}}, {"type": "Feature", "geometry": {"type": "Polygon", "coordinates": [[[699912.7095607222, 2795470.419634817], [699913.2525067027, 2795467.046897232], [699909.3917829907, 2795466.466507754], [699910.9633570978, 2795456.550434959], [699918.1378303901, 2795457.693636528], [699914.113752933, 2795458.6891544713], [699913.2709385469, 2795463.8954485846], [699917.1566551072, 2795464.4948039427], [699916.5722832518, 2795468.162252679], [699912.7095607222, 2795470.419634817]]]}, "properties": {"id": 318, "height_m": 7.47, "interval_half_width_m": null, "coverage_nominal": null, "area_m2": null, "perimeter_m": null, "size_class": null, "confidence": null, "provenance": null, "evidence": null, "height_is_metric": false}}, {"type": "Feature", "geometry": {"type": "Polygon", "coordinates": [[[700119.1379611795, 2795463.4218661506], [700116.7053849724, 2795463.19334485], [700117.1539135256, 2795458.4413010958], [700118.5823814516, 2795458.4356403225], [700119.1874280991, 2795460.072488792], [700118.9772928687, 2795462.298561208], [700119.1379611795, 2795463.4218661506]]]}, "properties": {"id": 319, "height_m": 5.7, "interval_half_width_m": null, "coverage_nominal": null, "area_m2": null, "perimeter_m": null, "size_class": null, "confidence": null, "provenance": null, "evidence": null, "height_is_metric": false}}, {"type": "Feature", "geometry": {"type": "Polygon", "coordinates": [[[700233.0989412476, 2795463.2036288427], [700235.8147392197, 2795462.2276413306], [700236.3114224918, 2795458.0784623083], [700241.7821098143, 2795458.7406354663], [700241.1297323881, 2795464.177236084], [700233.0989412476, 2795463.2036288427]]]}, "properties": {"id": 320, "height_m": 4.9, "interval_half_width_m": null, "coverage_nominal": null, "area_m2": null, "perimeter_m": null, "size_class": null, "confidence": null, "provenance": null, "evidence": null, "height_is_metric": false}}, {"type": "Feature", "geometry": {"type": "Polygon", "coordinates": [[[699982.5880846775, 2795468.6852104836], [699981.0881475806, 2795460.185566935], [699995.8375290323, 2795457.685671774], [699997.8374451613, 2795465.185357258], [699982.5880846775, 2795468.6852104836]]]}, "properties": {"id": 165, "height_m": 23.18, "interval_half_width_m": null, "coverage_nominal": null, "area_m2": 128.0, "perimeter_m": 81.0, "size_class": "medium", "confidence": 0.898, "provenance": "INFERRED", "evidence": {"height": 1.0, "edge": 1.0, "texture": 0.982, "shadow": 0.0}, "height_is_metric": false}}, {"type": "Feature", "geometry": {"type": "Polygon", "coordinates": [[[699914.1939955394, 2795463.7760840836], [699914.7292361545, 2795457.4150837567], [699926.1223893386, 2795458.446427834], [699926.0916289098, 2795460.934833609], [699920.5557435158, 2795460.433542376], [699917.8512823485, 2795464.1072622114], [699914.1939955394, 2795463.7760840836]]]}, "properties": {"id": 322, "height_m": 8.62, "interval_half_width_m": null, "coverage_nominal": null, "area_m2": null, "perimeter_m": null, "size_class": null, "confidence": null, "provenance": null, "evidence": null, "height_is_metric": false}}, {"type": "Feature", "geometry": {"type": "Polygon", "coordinates": [[[700181.8491984307, 2795464.869727184], [700182.2210090098, 2795454.1791812535], [700176.2431408087, 2795448.571094298], [700182.8259030759, 2795452.8411026034], [700186.0288632349, 2795447.902451684], [700189.0599556017, 2795453.7514800737], [700181.8491984307, 2795464.869727184]]]}, "properties": {"id": 323, "height_m": 6.79, "interval_half_width_m": null, "coverage_nominal": null, "area_m2": null, "perimeter_m": null, "size_class": null, "confidence": null, "provenance": null, "evidence": null, "height_is_metric": false}}, {"type": "Feature", "geometry": {"type": "Polygon", "coordinates": [[[700224.8279258065, 2795460.185566935], [700220.078125, 2795461.9354935484], [700219.5781459678, 2795466.685294355], [700217.5782298387, 2795462.4354725806], [700213.3284080646, 2795461.9354935484], [700213.8283870968, 2795459.185608871], [700224.8279258065, 2795460.185566935]]]}, "properties": {"id": 324, "height_m": 5.45, "interval_half_width_m": null, "coverage_nominal": null, "area_m2": null, "perimeter_m": null, "size_class": null, "confidence": null, "provenance": null, "evidence": null, "height_is_metric": false}}, {"type": "Feature", "geometry": {"type": "Polygon", "coordinates": [[[700174.5102422902, 2795467.5965873143], [700171.9686008327, 2795462.3520867955], [700174.9413765534, 2795460.876730577], [700176.4414357153, 2795454.0018357853], [700180.7182949298, 2795462.6194553436], [700178.3998496786, 2795465.6662025712], [700174.5102422902, 2795467.5965873143]]]}, "properties": {"id": 325, "height_m": 6.92, "interval_half_width_m": null, "coverage_nominal": null, "area_m2": null, "perimeter_m": null, "size_class": null, "confidence": null, "provenance": null, "evidence": null, "height_is_metric": false}}, {"type": "Feature", "geometry": {"type": "Polygon", "coordinates": [[[699899.1380626127, 2795468.4080004296], [699899.299188668, 2795460.658798432], [699906.5912717743, 2795457.435682258], [699902.9874647781, 2795454.844772237], [699909.4632216451, 2795454.7053432697], [699909.8189196187, 2795468.310683954], [699899.1380626127, 2795468.4080004296]]]}, "properties": {"id": 326, "height_m": 6.38, "interval_half_width_m": null, "coverage_nominal": null, "area_m2": null, "perimeter_m": null, "size_class": null, "confidence": null, "provenance": null, "evidence": null, "height_is_metric": false}}, {"type": "Feature", "geometry": {"type": "Polygon", "coordinates": [[[700021.9715343625, 2795464.8315055203], [700013.0614466013, 2795460.256074843], [700016.9807158316, 2795452.6077902443], [700019.8365225807, 2795456.935703226], [700025.8324564304, 2795457.297123005], [700021.9715343625, 2795464.8315055203]]]}, "properties": {"id": 327, "height_m": 30.44, "interval_half_width_m": null, "coverage_nominal": null, "area_m2": null, "perimeter_m": null, "size_class": null, "confidence": null, "provenance": null, "evidence": null, "height_is_metric": false}}, {"type": "Feature", "geometry": {"type": "Polygon", "coordinates": [[[700199.8289741935, 2795461.435514516], [700196.5791104839, 2795457.9356612903], [700197.5790685484, 2795454.1858185483], [700201.5789008065, 2795455.685755645], [700199.8289741935, 2795461.435514516]]]}, "properties": {"id": 328, "height_m": 6.15, "interval_half_width_m": null, "coverage_nominal": null, "area_m2": null, "perimeter_m": null, "size_class": null, "confidence": null, "provenance": null, "evidence": null, "height_is_metric": false}}, {"type": "Feature", "geometry": {"type": "Polygon", "coordinates": [[[700233.8275483871, 2795462.4354725806], [700220.078125, 2795452.4358919356], [700235.327485484, 2795455.935745161], [700233.8275483871, 2795462.4354725806]]]}, "properties": {"id": 329, "height_m": 5.24, "interval_half_width_m": null, "coverage_nominal": null, "area_m2": null, "perimeter_m": null, "size_class": null, "confidence": null, "provenance": null, "evidence": null, "height_is_metric": false}}, {"type": "Feature", "geometry": {"type": "Polygon", "coordinates": [[[699813.5951717743, 2795460.435556452], [699808.5953814517, 2795459.685587903], [699809.5953395162, 2795454.9357870966], [699814.3451403226, 2795455.435766129], [699813.5951717743, 2795460.435556452]]]}, "properties": {"id": 330, "height_m": 11.64, "interval_half_width_m": null, "coverage_nominal": null, "area_m2": null, "perimeter_m": null, "size_class": null, "confidence": null, "provenance": null, "evidence": null, "height_is_metric": false}}, {"type": "Feature", "geometry": {"type": "Polygon", "coordinates": [[[699789.8116385504, 2795464.1629849724], [699789.9029776459, 2795459.7088413225], [699787.0741816355, 2795459.6626243885], [699790.0612084673, 2795458.200023983], [699790.1312700739, 2795453.9064723533], [699792.7637699952, 2795453.948188133], [699792.6501501873, 2795459.41875339], [699794.9309421409, 2795459.8398630493], [699792.6033801455, 2795459.8008937365], [699792.5315714809, 2795464.2074167025], [699789.8116385504, 2795464.1629849724]]]}, "properties": {"id": 331, "height_m": 11.22, "interval_half_width_m": null, "coverage_nominal": null, "area_m2": null, "perimeter_m": null, "size_class": null, "confidence": null, "provenance": null, "evidence": null, "height_is_metric": false}}, {"type": "Feature", "geometry": {"type": "Polygon", "coordinates": [[[700178.9554599228, 2795459.9775373293], [700176.7043336257, 2795452.8939110576], [700181.1119246624, 2795454.732029773], [700181.7975648538, 2795456.8894710336], [700178.9554599228, 2795459.9775373293]]]}, "properties": {"id": 332, "height_m": 3.48, "interval_half_width_m": null, "coverage_nominal": null, "area_m2": null, "perimeter_m": null, "size_class": null, "confidence": null, "provenance": null, "evidence": null, "height_is_metric": false}}, {"type": "Feature", "geometry": {"type": "Polygon", "coordinates": [[[700221.3318566016, 2795458.742405412], [700217.8151278629, 2795457.8777108397], [700218.8201516329, 2795453.753448375], [700222.3453944189, 2795454.619363599], [700221.3318566016, 2795458.742405412]]]}, "properties": {"id": 333, "height_m": 5.35, "interval_half_width_m": null, "coverage_nominal": null, "area_m2": null, "perimeter_m": null, "size_class": null, "confidence": null, "provenance": null, "evidence": null, "height_is_metric": false}}, {"type": "Feature", "geometry": {"type": "Polygon", "coordinates": [[[700216.2904725644, 2795459.314723329], [700197.7923774739, 2795455.1492943782], [700199.6021465479, 2795446.9899838474], [700218.1295372848, 2795451.0394508643], [700216.2904725644, 2795459.314723329]]]}, "properties": {"id": 334, "height_m": 6.13, "interval_half_width_m": null, "coverage_nominal": null, "area_m2": null, "perimeter_m": null, "size_class": null, "confidence": null, "provenance": null, "evidence": null, "height_is_metric": false}}, {"type": "Feature", "geometry": {"type": "Polygon", "coordinates": [[[699816.4855458601, 2795455.222518236], [699817.3394986952, 2795450.9712927123], [699830.5638662819, 2795453.8236511196], [699829.9224594649, 2795456.937015427], [699822.9449536203, 2795455.415045562], [699822.0622773195, 2795459.495105169], [699816.4855458601, 2795455.222518236]]]}, "properties": {"id": 335, "height_m": 12.36, "interval_half_width_m": null, "coverage_nominal": null, "area_m2": null, "perimeter_m": null, "size_class": null, "confidence": null, "provenance": null, "evidence": null, "height_is_metric": false}}, {"type": "Feature", "geometry": {"type": "Polygon", "coordinates": [[[700235.0774959677, 2795459.435598387], [700234.8275064516, 2795455.685755645], [700237.8273806452, 2795455.685755645], [700238.3273596774, 2795450.9359548385], [700241.5772233871, 2795451.1859443546], [700241.327233871, 2795457.435682258], [700235.8274645162, 2795456.935703226], [700235.0774959677, 2795459.435598387]]]}, "properties": {"id": 336, "height_m": 5.03, "interval_half_width_m": null, "coverage_nominal": null, "area_m2": null, "perimeter_m": null, "size_class": null, "confidence": null, "provenance": null, "evidence": null, "height_is_metric": false}}, {"type": "Feature", "geometry": {"type": "Polygon", "coordinates": [[[699933.9775286657, 2795453.8470266038], [699934.0421621855, 2795435.981290248], [699954.435944988, 2795436.0880972925], [699940.1189337097, 2795443.38544446], [699940.1246555157, 2795453.8792212987], [699933.9775286657, 2795453.8470266038]]]}, "properties": {"id": 92, "height_m": 12.5, "interval_half_width_m": null, "coverage_nominal": null, "area_m2": 350.6, "perimeter_m": 121.7, "size_class": "medium", "confidence": 0.885, "provenance": "INFERRED", "evidence": {"height": 1.0, "edge": 0.958, "texture": 0.957, "shadow": 0.0}, "height_is_metric": false}}, {"type": "Feature", "geometry": {"type": "Polygon", "coordinates": [[[699946.9897393171, 2795453.4188981964], [699947.9448841974, 2795446.4100673716], [699951.9395897174, 2795446.951594344], [699950.9836819295, 2795453.9633852495], [699946.9897393171, 2795453.4188981964]]]}, "properties": {"id": 105, "height_m": 12.91, "interval_half_width_m": null, "coverage_nominal": null, "area_m2": 272.5, "perimeter_m": 88.3, "size_class": "medium", "confidence": 0.983, "provenance": "INFERRED", "evidence": {"height": 1.0, "edge": 0.932, "texture": 0.999, "shadow": 1.0}, "height_is_metric": false}}, {"type": "Feature", "geometry": {"type": "Polygon", "coordinates": [[[699995.919007549, 2795479.4637501608], [699991.9136213246, 2795456.2081488986], [700010.4321013023, 2795453.135539108], [700014.3341288242, 2795476.4338021553], [699995.919007549, 2795479.4637501608]]]}, "properties": {"id": 339, "height_m": 27.46, "interval_half_width_m": null, "coverage_nominal": null, "area_m2": null, "perimeter_m": null, "size_class": null, "confidence": null, "provenance": null, "evidence": null, "height_is_metric": false}}, {"type": "Feature", "geometry": {"type": "Polygon", "coordinates": [[[700012.4307967795, 2795458.3572897264], [700009.6485037932, 2795454.0468473257], [700011.2877783083, 2795451.114704056], [700014.3335490145, 2795449.0957762734], [700015.8160613049, 2795451.313502482], [700013.802046646, 2795452.6186845624], [700016.0388302829, 2795456.0042237346], [700012.4307967795, 2795458.3572897264]]]}, "properties": {"id": 340, "height_m": 28.01, "interval_half_width_m": null, "coverage_nominal": null, "area_m2": null, "perimeter_m": null, "size_class": null, "confidence": null, "provenance": null, "evidence": null, "height_is_metric": false}}, {"type": "Feature", "geometry": {"type": "Polygon", "coordinates": [[[700234.4577099482, 2795453.519754562], [700236.0205106195, 2795447.2927513015], [700223.6995246422, 2795441.732880097], [700228.1006462236, 2795431.684229244], [700241.6095706634, 2795437.701951731], [700234.4577099482, 2795453.519754562]]]}, "properties": {"id": 474, "height_m": 6.03, "interval_half_width_m": null, "coverage_nominal": null, "area_m2": 7.2, "perimeter_m": 11.3, "size_class": "tiny", "confidence": 0.454, "provenance": "INFERRED", "evidence": {"height": 0.451, "edge": 0.429, "texture": 0.989, "shadow": 0.0}, "height_is_metric": false}}, {"type": "Feature", "geometry": {"type": "Polygon", "coordinates": [[[699803.0956120968, 2795453.185860484], [699791.0961153226, 2795452.6858814517], [699792.0960733871, 2795443.686258871], [699800.8457064517, 2795444.1862379033], [699803.8455806451, 2795442.6863008062], [699803.0956120968, 2795453.185860484]]]}, "properties": {"id": 342, "height_m": 11.23, "interval_half_width_m": null, "coverage_nominal": null, "area_m2": null, "perimeter_m": null, "size_class": null, "confidence": null, "provenance": null, "evidence": null, "height_is_metric": false}}, {"type": "Feature", "geometry": {"type": "Polygon", "coordinates": [[[700218.1438494287, 2795451.1031383793], [700225.4136556371, 2795449.2198402844], [700228.6724911386, 2795451.174500743], [700218.8320835056, 2795453.7462923033], [700218.1438494287, 2795451.1031383793]]]}, "properties": {"id": 343, "height_m": 5.41, "interval_half_width_m": null, "coverage_nominal": null, "area_m2": null, "perimeter_m": null, "size_class": null, "confidence": null, "provenance": null, "evidence": null, "height_is_metric": false}}, {"type": "Feature", "geometry": {"type": "Polygon", "coordinates": [[[699746.2109880605, 2795457.3047063053], [699745.9850167783, 2795452.566867888], [699744.1466854027, 2795454.7428935748], [699741.8594392521, 2795454.898602987], [699741.3454799405, 2795447.3000599546], [699746.5408463584, 2795447.052267612], [699748.8478870968, 2795451.685923387], [699746.2109880605, 2795457.3047063053]]]}, "properties": {"id": 344, "height_m": 9.75, "interval_half_width_m": null, "coverage_nominal": null, "area_m2": null, "perimeter_m": null, "size_class": null, "confidence": null, "provenance": null, "evidence": null, "height_is_metric": false}}, {"type": "Feature", "geometry": {"type": "Polygon", "coordinates": [[[699790.6737277935, 2795451.529130646], [699780.8430014561, 2795451.85869141], [699780.5767734548, 2795444.40250691], [699785.8477163464, 2795444.2205534806], [699788.5962201613, 2795449.686007258], [699790.5404898203, 2795447.669520779], [699790.6737277935, 2795451.529130646]]]}, "properties": {"id": 345, "height_m": 10.96, "interval_half_width_m": null, "coverage_nominal": null, "area_m2": null, "perimeter_m": null, "size_class": null, "confidence": null, "provenance": null, "evidence": null, "height_is_metric": false}}, {"type": "Feature", "geometry": {"type": "Polygon", "coordinates": [[[699821.8685674866, 2795451.9423823585], [699822.0107581788, 2795445.487071411], [699831.4821398448, 2795445.803937395], [699831.2670304577, 2795452.2607741575], [699821.8685674866, 2795451.9423823585]]]}, "properties": {"id": 346, "height_m": 12.4, "interval_half_width_m": null, "coverage_nominal": null, "area_m2": null, "perimeter_m": null, "size_class": null, "confidence": null, "provenance": null, "evidence": null, "height_is_metric": false}}, {"type": "Feature", "geometry": {"type": "Polygon", "coordinates": [[[700003.0292135169, 2795456.0919580925], [699996.6839901161, 2795444.8696198887], [700006.453416839, 2795439.0347663197], [700012.9319964637, 2795450.4980306993], [700003.0292135169, 2795456.0919580925]]]}, "properties": {"id": 347, "height_m": 26.75, "interval_half_width_m": null, "coverage_nominal": null, "area_m2": null, "perimeter_m": null, "size_class": null, "confidence": null, "provenance": null, "evidence": null, "height_is_metric": false}}, {"type": "Feature", "geometry": {"type": "Polygon", "coordinates": [[[700019.0900939229, 2795454.9400593783], [700013.6636247167, 2795453.167764319], [700018.3532473828, 2795438.83534231], [700022.4893654293, 2795444.551167057], [700019.0900939229, 2795454.9400593783]]]}, "properties": {"id": 185, "height_m": 29.47, "interval_half_width_m": null, "coverage_nominal": null, "area_m2": 96.4, "perimeter_m": 58.5, "size_class": "small", "confidence": 0.9, "provenance": "INFERRED", "evidence": {"height": 1.0, "edge": 1.0, "texture": 1.0, "shadow": 0.0}, "height_is_metric": false}}, {"type": "Feature", "geometry": {"type": "Polygon", "coordinates": [[[700215.5783137097, 2795448.4360596775], [700220.5781040323, 2795424.937045161], [700222.5780201614, 2795429.4368564514], [700215.5783137097, 2795448.4360596775]]]}, "properties": {"id": 349, "height_m": 6.64, "interval_half_width_m": null, "coverage_nominal": null, "area_m2": null, "perimeter_m": null, "size_class": null, "confidence": null, "provenance": null, "evidence": null, "height_is_metric": false}}, {"type": "Feature", "geometry": {"type": "Polygon", "coordinates": [[[700217.0674480369, 2795450.1462540696], [700220.3389172858, 2795447.7258233493], [700223.8221391289, 2795447.6781721497], [700220.0839536131, 2795450.443894786], [700217.0674480369, 2795450.1462540696]]]}, "properties": {"id": 350, "height_m": 5.5, "interval_half_width_m": null, "coverage_nominal": null, "area_m2": null, "perimeter_m": null, "size_class": null, "confidence": null, "provenance": null, "evidence": null, "height_is_metric": false}}, {"type": "Feature", "geometry": {"type": "Polygon", "coordinates": [[[700242.821983197, 2795452.916248988], [700242.0772024194, 2795450.18598629], [700241.1304342629, 2795451.1956027634], [700238.8606930238, 2795450.9375722026], [700239.466014318, 2795445.5834723976], [700243.6070760048, 2795446.047228584], [700242.821983197, 2795452.916248988]]]}, "properties": {"id": 351, "height_m": 5.24, "interval_half_width_m": null, "coverage_nominal": null, "area_m2": null, "perimeter_m": null, "size_class": null, "confidence": null, "provenance": null, "evidence": null, "height_is_metric": false}}, {"type": "Feature", "geometry": {"type": "Polygon", "coordinates": [[[700224.6708279025, 2795448.7792001944], [700223.7350761298, 2795446.8429715796], [700219.9864845561, 2795446.455353558], [700223.4898166399, 2795444.8175895996], [700222.9896545098, 2795442.4489145214], [700224.5961240042, 2795445.7729938687], [700224.6708279025, 2795448.7792001944]]]}, "properties": {"id": 352, "height_m": 5.59, "interval_half_width_m": null, "coverage_nominal": null, "area_m2": null, "perimeter_m": null, "size_class": null, "confidence": null, "provenance": null, "evidence": null, "height_is_metric": false}}, {"type": "Feature", "geometry": {"type": "Polygon", "coordinates": [[[700027.927034117, 2795448.3594332524], [700021.9540485236, 2795449.0528550996], [700020.9784424652, 2795440.6658319505], [700025.0864855172, 2795440.1879772344], [700027.2355958289, 2795442.4151024627], [700027.927034117, 2795448.3594332524]]]}, "properties": {"id": 353, "height_m": 30.99, "interval_half_width_m": null, "coverage_nominal": null, "area_m2": null, "perimeter_m": null, "size_class": null, "confidence": null, "provenance": null, "evidence": null, "height_is_metric": false}}, {"type": "Feature", "geometry": {"type": "Polygon", "coordinates": [[[699787.3462725807, 2795447.4361016126], [699786.096325, 2795444.4362274194], [699788.3462306452, 2795444.6862169355], [699789.0961991936, 2795442.186321774], [699791.5960943549, 2795442.6863008062], [699787.3462725807, 2795447.4361016126]]]}, "properties": {"id": 354, "height_m": 10.96, "interval_half_width_m": null, "coverage_nominal": null, "area_m2": null, "perimeter_m": null, "size_class": null, "confidence": null, "provenance": null, "evidence": null, "height_is_metric": false}}, {"type": "Feature", "geometry": {"type": "Polygon", "coordinates": [[[699789.5054723435, 2795447.2976796837], [699788.4828368548, 2795445.9504156276], [699793.2094147581, 2795443.1720287274], [699792.4367687856, 2795445.5746074133], [699789.5054723435, 2795447.2976796837]]]}, "properties": {"id": 355, "height_m": 11.0, "interval_half_width_m": null, "coverage_nominal": null, "area_m2": null, "perimeter_m": null, "size_class": null, "confidence": null, "provenance": null, "evidence": null, "height_is_metric": false}}, {"type": "Feature", "geometry": {"type": "Polygon", "coordinates": [[[699797.0958637097, 2795457.685671774], [699815.8450774194, 2795448.6860491936], [699812.8452032259, 2795439.686426613], [699829.0945217742, 2795448.4360596775], [699797.0958637097, 2795457.685671774]]]}, "properties": {"id": 356, "height_m": 12.05, "interval_half_width_m": null, "coverage_nominal": null, "area_m2": null, "perimeter_m": null, "size_class": null, "confidence": null, "provenance": null, "evidence": null, "height_is_metric": false}}, {"type": "Feature", "geometry": {"type": "Polygon", "coordinates": [[[700203.5864154939, 2795446.3943514777], [700204.0899954493, 2795445.1165272584], [700206.0675126154, 2795445.505854193], [700206.9223351649, 2795444.70060537], [700206.4774380511, 2795446.9635262163], [700203.5864154939, 2795446.3943514777]]]}, "properties": {"id": 357, "height_m": 6.09, "interval_half_width_m": null, "coverage_nominal": null, "area_m2": null, "perimeter_m": null, "size_class": null, "confidence": null, "provenance": null, "evidence": null, "height_is_metric": false}}, {"type": "Feature", "geometry": {"type": "Polygon", "coordinates": [[[700182.5746318751, 2795452.465508003], [700173.4057964202, 2795446.2894059275], [700179.4762815868, 2795437.2818338512], [700185.6124683438, 2795447.9578997986], [700182.5746318751, 2795452.465508003]]]}, "properties": {"id": 358, "height_m": 7.03, "interval_half_width_m": null, "coverage_nominal": null, "area_m2": null, "perimeter_m": null, "size_class": null, "confidence": null, "provenance": null, "evidence": null, "height_is_metric": false}}, {"type": "Feature", "geometry": {"type": "Polygon", "coordinates": [[[699980.4762805405, 2795441.723114881], [699979.4146032626, 2795448.3784754225], [699947.3664172458, 2795443.262021291], [699954.8478997577, 2795437.6315658884], [699980.4762805405, 2795441.723114881]]]}, "properties": {"id": 149, "height_m": 18.78, "interval_half_width_m": null, "coverage_nominal": null, "area_m2": 161.5, "perimeter_m": 65.1, "size_class": "medium", "confidence": 0.9, "provenance": "INFERRED", "evidence": {"height": 1.0, "edge": 1.0, "texture": 0.997, "shadow": 0.0}, "height_is_metric": false}}, {"type": "Feature", "geometry": {"type": "Polygon", "coordinates": [[[700202.3288693549, 2795444.6862169355], [700203.4030125407, 2795443.182938304], [700206.7544955239, 2795444.439568954], [700206.0223484937, 2795445.1650023987], [700204.0007352766, 2795444.39664778], [700203.2132621976, 2795446.496901498], [700202.3288693549, 2795444.6862169355]]]}, "properties": {"id": 360, "height_m": 6.19, "interval_half_width_m": null, "coverage_nominal": null, "area_m2": null, "perimeter_m": null, "size_class": null, "confidence": null, "provenance": null, "evidence": null, "height_is_metric": false}}, {"type": "Feature", "geometry": {"type": "Polygon", "coordinates": [[[700220.8327320258, 2795445.4038076913], [700219.4889163114, 2795442.837966809], [700220.5781040323, 2795441.686342742], [700222.3280306451, 2795441.686342742], [700222.4126218242, 2795444.566928725], [700220.8327320258, 2795445.4038076913]]]}, "properties": {"id": 361, "height_m": 5.73, "interval_half_width_m": null, "coverage_nominal": null, "area_m2": null, "perimeter_m": null, "size_class": null, "confidence": null, "provenance": null, "evidence": null, "height_is_metric": false}}, {"type": "Feature", "geometry": {"type": "Polygon", "coordinates": [[[700230.0396213048, 2795448.2346673664], [700224.4221200709, 2795448.761683839], [700223.7860078317, 2795442.136610724], [700229.5636280831, 2795441.6118371994], [700230.0396213048, 2795448.2346673664]]]}, "properties": {"id": 362, "height_m": 5.6, "interval_half_width_m": null, "coverage_nominal": null, "area_m2": null, "perimeter_m": null, "size_class": null, "confidence": null, "provenance": null, "evidence": null, "height_is_metric": false}}, {"type": "Feature", "geometry": {"type": "Polygon", "coordinates": [[[699819.5949201613, 2795439.436437097], [699831.0944379033, 2795438.9364580642], [699831.5944169355, 2795444.6862169355], [699822.5947943549, 2795444.9362064516], [699819.5949201613, 2795439.436437097]]]}, "properties": {"id": 363, "height_m": 12.37, "interval_half_width_m": null, "coverage_nominal": null, "area_m2": null, "perimeter_m": null, "size_class": null, "confidence": null, "provenance": null, "evidence": null, "height_is_metric": false}}, {"type": "Feature", "geometry": {"type": "Polygon", "coordinates": [[[699807.8454129032, 2795447.686091129], [699808.3453919356, 2795437.4365209676], [699809.3453500001, 2795437.1865314515], [699814.8451193549, 2795443.936248387], [699807.8454129032, 2795447.686091129]]]}, "properties": {"id": 364, "height_m": 11.5, "interval_half_width_m": null, "coverage_nominal": null, "area_m2": null, "perimeter_m": null, "size_class": null, "confidence": null, "provenance": null, "evidence": null, "height_is_metric": false}}, {"type": "Feature", "geometry": {"type": "Polygon", "coordinates": [[[699783.3385022705, 2795444.5235803234], [699780.3583911947, 2795444.074426186], [699780.7273752016, 2795441.602148275], [699783.7117127848, 2795442.0449855383], [699783.3385022705, 2795444.5235803234]]]}, "properties": {"id": 365, "height_m": 10.77, "interval_half_width_m": null, "coverage_nominal": null, "area_m2": null, "perimeter_m": null, "size_class": null, "confidence": null, "provenance": null, "evidence": null, "height_is_metric": false}}, {"type": "Feature", "geometry": {"type": "Polygon", "coordinates": [[[699800.6440623812, 2795444.7621262274], [699796.359169751, 2795444.347836961], [699796.6708937389, 2795441.574683606], [699793.5980779631, 2795441.287891434], [699793.9940612651, 2795437.101589335], [699801.3089133444, 2795437.794049919], [699800.6440623812, 2795444.7621262274]]]}, "properties": {"id": 366, "height_m": 11.17, "interval_half_width_m": null, "coverage_nominal": null, "area_m2": null, "perimeter_m": null, "size_class": null, "confidence": null, "provenance": null, "evidence": null, "height_is_metric": false}}, {"type": "Feature", "geometry": {"type": "Polygon", "coordinates": [[[700008.6455551314, 2795445.679842868], [700007.0573343835, 2795437.8388783615], [700003.5855561522, 2795435.652141454], [700008.0886632027, 2795435.4710577396], [700008.3081669367, 2795437.290485222], [700008.6455551314, 2795445.679842868]]]}, "properties": {"id": 367, "height_m": 26.15, "interval_half_width_m": null, "coverage_nominal": null, "area_m2": null, "perimeter_m": null, "size_class": null, "confidence": null, "provenance": null, "evidence": null, "height_is_metric": false}}, {"type": "Feature", "geometry": {"type": "Polygon", "coordinates": [[[700212.32845, 2795450.18598629], [700205.3287435484, 2795447.9360806453], [700206.8286806452, 2795447.1861120965], [700208.8285967743, 2795437.4365209676], [700214.3283661291, 2795441.1863637096], [700212.32845, 2795450.18598629]]]}, "properties": {"id": 368, "height_m": 6.15, "interval_half_width_m": null, "coverage_nominal": null, "area_m2": null, "perimeter_m": null, "size_class": null, "confidence": null, "provenance": null, "evidence": null, "height_is_metric": false}}, {"type": "Feature", "geometry": {"type": "Polygon", "coordinates": [[[700173.2188535763, 2795442.228251168], [700176.8299387097, 2795437.6865104837], [700178.17354081, 2795437.432859012], [700178.3474531943, 2795442.148039078], [700173.2188535763, 2795442.228251168]]]}, "properties": {"id": 369, "height_m": 7.1, "interval_half_width_m": null, "coverage_nominal": null, "area_m2": null, "perimeter_m": null, "size_class": null, "confidence": null, "provenance": null, "evidence": null, "height_is_metric": false}}, {"type": "Feature", "geometry": {"type": "Polygon", "coordinates": [[[700191.079341129, 2795450.18598629], [700182.8296870968, 2795445.936164516], [700188.0794669355, 2795443.936248387], [700193.0792572581, 2795433.6866782256], [700195.5791524193, 2795441.1863637096], [700191.079341129, 2795450.18598629]]]}, "properties": {"id": 370, "height_m": 6.78, "interval_half_width_m": null, "coverage_nominal": null, "area_m2": null, "perimeter_m": null, "size_class": null, "confidence": null, "provenance": null, "evidence": null, "height_is_metric": false}}, {"type": "Feature", "geometry": {"type": "Polygon", "coordinates": [[[699999.9736165626, 2795442.922496956], [700001.2432776719, 2795437.1876300382], [700005.787154497, 2795438.2067675963], [700005.3428371929, 2795440.187702588], [700001.8372774194, 2795441.4363532257], [700003.3392285919, 2795443.677378628], [699999.9736165626, 2795442.922496956]]]}, "properties": {"id": 371, "height_m": 25.29, "interval_half_width_m": null, "coverage_nominal": null, "area_m2": null, "perimeter_m": null, "size_class": null, "confidence": null, "provenance": null, "evidence": null, "height_is_metric": false}}, {"type": "Feature", "geometry": {"type": "Polygon", "coordinates": [[[699780.5396351197, 2795441.9956712], [699781.8032311148, 2795432.8867087224], [699800.2560781639, 2795435.4654579987], [699788.7860620534, 2795443.1480886913], [699780.5396351197, 2795441.9956712]]]}, "properties": {"id": 372, "height_m": 11.1, "interval_half_width_m": null, "coverage_nominal": null, "area_m2": null, "perimeter_m": null, "size_class": null, "confidence": null, "provenance": null, "evidence": null, "height_is_metric": false}}, {"type": "Feature", "geometry": {"type": "Polygon", "coordinates": [[[700217.9307846336, 2795442.318548895], [700219.0781669355, 2795439.186447581], [700221.8607040521, 2795439.6601673383], [700220.6392892106, 2795436.4236239926], [700224.4995399199, 2795435.111179033], [700225.5624531079, 2795438.301139249], [700221.7254863342, 2795441.0541365887], [700217.9307846336, 2795442.318548895]]]}, "properties": {"id": 373, "height_m": 6.02, "interval_half_width_m": null, "coverage_nominal": null, "area_m2": null, "perimeter_m": null, "size_class": null, "confidence": null, "provenance": null, "evidence": null, "height_is_metric": false}}, {"type": "Feature", "geometry": {"type": "Polygon", "coordinates": [[[700173.300637256, 2795446.855651102], [700172.331927881, 2795444.208819964], [700170.0802217742, 2795440.9363741935], [700171.8578266697, 2795438.9943474825], [700173.300637256, 2795446.855651102]]]}, "properties": {"id": 374, "height_m": 7.15, "interval_half_width_m": null, "coverage_nominal": null, "area_m2": null, "perimeter_m": null, "size_class": null, "confidence": null, "provenance": null, "evidence": null, "height_is_metric": false}}, {"type": "Feature", "geometry": {"type": "Polygon", "coordinates": [[[699805.345517742, 2795446.436143548], [699805.0955282259, 2795442.6863008062], [699799.3457693548, 2795437.1865314515], [699805.5955072581, 2795437.9365], [699807.0954443548, 2795436.186573387], [699805.345517742, 2795446.436143548]]]}, "properties": {"id": 375, "height_m": 11.32, "interval_half_width_m": null, "coverage_nominal": null, "area_m2": null, "perimeter_m": null, "size_class": null, "confidence": null, "provenance": null, "evidence": null, "height_is_metric": false}}, {"type": "Feature", "geometry": {"type": "Polygon", "coordinates": [[[699979.728448133, 2795440.82370802], [699980.7567405805, 2795437.1628813203], [699981.838116129, 2795438.436479032], [699983.588042742, 2795436.9365419354], [699983.741982209, 2795439.2729612864], [699983.1252935937, 2795441.736145341], [699979.728448133, 2795440.82370802]]]}, "properties": {"id": 376, "height_m": 20.03, "interval_half_width_m": null, "coverage_nominal": null, "area_m2": null, "perimeter_m": null, "size_class": null, "confidence": null, "provenance": null, "evidence": null, "height_is_metric": false}}, {"type": "Feature", "geometry": {"type": "Polygon", "coordinates": [[[700009.8369419355, 2795443.936248387], [700009.0869733872, 2795434.68663629], [700012.5868266129, 2795436.6865524193], [700013.0868056451, 2795440.6863846774], [700009.8369419355, 2795443.936248387]]]}, "properties": {"id": 377, "height_m": 27.19, "interval_half_width_m": null, "coverage_nominal": null, "area_m2": null, "perimeter_m": null, "size_class": null, "confidence": null, "provenance": null, "evidence": null, "height_is_metric": false}}, {"type": "Feature", "geometry": {"type": "Polygon", "coordinates": [[[700212.7741405375, 2795440.292770203], [700209.1698910551, 2795437.2809336204], [700214.5410952449, 2795430.552547578], [700218.3284425176, 2795433.3701936956], [700212.7741405375, 2795440.292770203]]]}, "properties": {"id": 378, "height_m": 6.42, "interval_half_width_m": null, "coverage_nominal": null, "area_m2": null, "perimeter_m": null, "size_class": null, "confidence": null, "provenance": null, "evidence": null, "height_is_metric": false}}, {"type": "Feature", "geometry": {"type": "Polygon", "coordinates": [[[699934.4189316632, 2795439.1439536354], [699920.667555233, 2795438.846007756], [699920.9707499153, 2795428.5949117797], [699924.3294500031, 2795433.9060598947], [699934.5653946372, 2795434.1921959664], [699934.4189316632, 2795439.1439536354]]]}, "properties": {"id": 379, "height_m": 9.65, "interval_half_width_m": null, "coverage_nominal": null, "area_m2": null, "perimeter_m": null, "size_class": null, "confidence": null, "provenance": null, "evidence": null, "height_is_metric": false}}, {"type": "Feature", "geometry": {"type": "Polygon", "coordinates": [[[700171.9816007758, 2795440.0171622545], [700173.9762375853, 2795431.090717757], [700180.3684866019, 2795432.498068405], [700179.4934622628, 2795436.3905595834], [700175.3300016129, 2795439.436437097], [700171.9816007758, 2795440.0171622545]]]}, "properties": {"id": 380, "height_m": 7.25, "interval_half_width_m": null, "coverage_nominal": null, "area_m2": null, "perimeter_m": null, "size_class": null, "confidence": null, "provenance": null, "evidence": null, "height_is_metric": false}}, {"type": "Feature", "geometry": {"type": "Polygon", "coordinates": [[[700243.6026206253, 2795437.710145357], [700237.3101904207, 2795438.6977443206], [700236.3648565302, 2795431.641689524], [700239.826137155, 2795431.1779638543], [700243.0326372046, 2795433.4556698473], [700243.6026206253, 2795437.710145357]]]}, "properties": {"id": 443, "height_m": 6.13, "interval_half_width_m": null, "coverage_nominal": null, "area_m2": 8.7, "perimeter_m": 12.9, "size_class": "tiny", "confidence": 0.724, "provenance": "INFERRED", "evidence": {"height": 1.0, "edge": 0.296, "texture": 1.0, "shadow": 0.0}, "height_is_metric": false}}, {"type": "Feature", "geometry": {"type": "Polygon", "coordinates": [[[699769.3470274194, 2795438.9364580642], [699751.3477822581, 2795431.936751613], [699769.3470274194, 2795430.6868040324], [699769.3470274194, 2795438.9364580642]]]}, "properties": {"id": 382, "height_m": 10.2, "interval_half_width_m": null, "coverage_nominal": null, "area_m2": null, "perimeter_m": null, "size_class": null, "confidence": null, "provenance": null, "evidence": null, "height_is_metric": false}}, {"type": "Feature", "geometry": {"type": "Polygon", "coordinates": [[[700188.6154551998, 2795443.5664366256], [700178.4921309649, 2795439.5747369607], [700184.76988283, 2795423.4983085007], [700191.893912681, 2795426.306174145], [700193.3761198085, 2795431.4879026385], [700188.6154551998, 2795443.5664366256]]]}, "properties": {"id": 383, "height_m": 7.29, "interval_half_width_m": null, "coverage_nominal": null, "area_m2": null, "perimeter_m": null, "size_class": null, "confidence": null, "provenance": null, "evidence": null, "height_is_metric": false}}, {"type": "Feature", "geometry": {"type": "Polygon", "coordinates": [[[700015.552186873, 2795447.083241655], [700013.9468769981, 2795434.190426021], [700007.2614579032, 2795435.0357427434], [700012.0868475806, 2795423.4371080645], [700019.8365225807, 2795435.686594355], [700015.552186873, 2795447.083241655]]]}, "properties": {"id": 384, "height_m": 28.56, "interval_half_width_m": null, "coverage_nominal": null, "area_m2": null, "perimeter_m": null, "size_class": null, "confidence": null, "provenance": null, "evidence": null, "height_is_metric": false}}, {"type": "Feature", "geometry": {"type": "Polygon", "coordinates": [[[699996.5361691668, 2795440.8069850886], [699999.6185289149, 2795430.1338029318], [700007.4447082748, 2795432.391932719], [700006.4326047236, 2795436.1487026606], [700003.1542082749, 2795435.20172089], [700004.837151613, 2795437.1865314515], [699996.5361691668, 2795440.8069850886]]]}, "properties": {"id": 385, "height_m": 25.51, "interval_half_width_m": null, "coverage_nominal": null, "area_m2": null, "perimeter_m": null, "size_class": null, "confidence": null, "provenance": null, "evidence": null, "height_is_metric": false}}, {"type": "Feature", "geometry": {"type": "Polygon", "coordinates": [[[700193.4937296223, 2795433.4203319736], [700194.1030485516, 2795431.70635356], [700196.3052877388, 2795432.1671496653], [700197.0790895162, 2795432.9367096773], [700196.8105460906, 2795434.3658489618], [700195.1832339645, 2795433.773832774], [700193.4937296223, 2795433.4203319736]]]}, "properties": {"id": 386, "height_m": 6.89, "interval_half_width_m": null, "coverage_nominal": null, "area_m2": null, "perimeter_m": null, "size_class": null, "confidence": null, "provenance": null, "evidence": null, "height_is_metric": false}}, {"type": "Feature", "geometry": {"type": "Polygon", "coordinates": [[[700021.2079860613, 2795436.0980913797], [700017.4519790271, 2795433.085888602], [700020.087458102, 2795429.833934526], [700023.8485003255, 2795432.97889846], [700021.2079860613, 2795436.0980913797]]]}, "properties": {"id": 387, "height_m": 29.61, "interval_half_width_m": null, "coverage_nominal": null, "area_m2": null, "perimeter_m": null, "size_class": null, "confidence": null, "provenance": null, "evidence": null, "height_is_metric": false}}, {"type": "Feature", "geometry": {"type": "Polygon", "coordinates": [[[700243.1731037259, 2795432.684614537], [700239.8736815477, 2795432.4247072237], [700240.2284335161, 2795427.818867055], [700243.5336843074, 2795428.069115959], [700243.1731037259, 2795432.684614537]]]}, "properties": {"id": 309, "height_m": 6.4, "interval_half_width_m": null, "coverage_nominal": null, "area_m2": 25.6, "perimeter_m": 28.1, "size_class": "small", "confidence": 0.9, "provenance": "INFERRED", "evidence": {"height": 1.0, "edge": 1.0, "texture": 1.0, "shadow": 0.0}, "height_is_metric": false}}, {"type": "Feature", "geometry": {"type": "Polygon", "coordinates": [[[700196.8298934238, 2795431.6627152534], [700191.5658929901, 2795430.7593717896], [700192.2410050585, 2795429.8960962254], [700193.2055337006, 2795423.6500355364], [700198.0536885367, 2795424.466346517], [700196.8298934238, 2795431.6627152534]]]}, "properties": {"id": 389, "height_m": 7.23, "interval_half_width_m": null, "coverage_nominal": null, "area_m2": null, "perimeter_m": null, "size_class": null, "confidence": null, "provenance": null, "evidence": null, "height_is_metric": false}}, {"type": "Feature", "geometry": {"type": "Polygon", "coordinates": [[[699924.4879669149, 2795432.783838281], [699919.3186738131, 2795431.4750247607], [699921.4662888262, 2795423.302012412], [699916.3689531559, 2795424.1357787154], [699917.9050062918, 2795417.7947207894], [699927.7470618049, 2795420.380900784], [699924.4879669149, 2795432.783838281]]]}, "properties": {"id": 390, "height_m": 8.27, "interval_half_width_m": null, "coverage_nominal": null, "area_m2": null, "perimeter_m": null, "size_class": null, "confidence": null, "provenance": null, "evidence": null, "height_is_metric": false}}, {"type": "Feature", "geometry": {"type": "Polygon", "coordinates": [[[700180.2971700126, 2795430.5264561423], [700182.9775080461, 2795418.492063981], [700187.8839184956, 2795419.604047377], [700186.1599307364, 2795426.8757913704], [700184.5796137097, 2795423.4371080645], [700181.8297290322, 2795425.4370241934], [700184.5796137097, 2795429.1868669353], [700180.2971700126, 2795430.5264561423]]]}, "properties": {"id": 391, "height_m": 7.56, "interval_half_width_m": null, "coverage_nominal": null, "area_m2": null, "perimeter_m": null, "size_class": null, "confidence": null, "provenance": null, "evidence": null, "height_is_metric": false}}, {"type": "Feature", "geometry": {"type": "Polygon", "coordinates": [[[699921.619587451, 2795437.768950264], [699914.0909572581, 2795432.436730645], [699903.5913975807, 2795440.186405645], [699896.8503625321, 2795418.5502738203], [699910.8324116615, 2795419.5743092443], [699906.0531168528, 2795430.079804342], [699922.0998682126, 2795431.211363943], [699921.619587451, 2795437.768950264]]]}, "properties": {"id": 392, "height_m": 7.41, "interval_half_width_m": null, "coverage_nominal": null, "area_m2": null, "perimeter_m": null, "size_class": null, "confidence": null, "provenance": null, "evidence": null, "height_is_metric": false}}, {"type": "Feature", "geometry": {"type": "Polygon", "coordinates": [[[699754.8268271829, 2795427.3547751894], [699766.3679615267, 2795424.519231262], [699775.0015716249, 2795426.742679277], [699759.6531838457, 2795430.4157887865], [699760.3868700416, 2795433.4020069367], [699754.8268271829, 2795427.3547751894]]]}, "properties": {"id": 393, "height_m": 10.28, "interval_half_width_m": null, "coverage_nominal": null, "area_m2": null, "perimeter_m": null, "size_class": null, "confidence": null, "provenance": null, "evidence": null, "height_is_metric": false}}, {"type": "Feature", "geometry": {"type": "Polygon", "coordinates": [[[700197.2724407825, 2795434.3405662086], [700198.6492446155, 2795420.8751580105], [700202.8941227493, 2795418.827636456], [700207.7497845948, 2795429.704652228], [700197.2724407825, 2795434.3405662086]]]}, "properties": {"id": 394, "height_m": 7.33, "interval_half_width_m": null, "coverage_nominal": null, "area_m2": null, "perimeter_m": null, "size_class": null, "confidence": null, "provenance": null, "evidence": null, "height_is_metric": false}}, {"type": "Feature", "geometry": {"type": "Polygon", "coordinates": [[[699813.3574269228, 2795431.045904573], [699800.5834722708, 2795430.077713975], [699803.9389071147, 2795426.4274001406], [699804.6092510115, 2795416.4409567616], [699811.2382378416, 2795416.9434076142], [699815.5950879032, 2795428.686887903], [699813.3574269228, 2795431.045904573]]]}, "properties": {"id": 353, "height_m": 16.11, "interval_half_width_m": null, "coverage_nominal": null, "area_m2": 17.6, "perimeter_m": 20.4, "size_class": "tiny", "confidence": 0.898, "provenance": "INFERRED", "evidence": {"height": 1.0, "edge": 1.0, "texture": 0.982, "shadow": 0.0}, "height_is_metric": false}}, {"type": "Feature", "geometry": {"type": "Polygon", "coordinates": [[[700028.9524427743, 2795428.657439675], [700027.5861975807, 2795427.6869298387], [700028.754178384, 2795425.2401330364], [700027.8876375759, 2795423.9282984026], [700031.4957321119, 2795421.8117489815], [700033.8404518961, 2795425.7975590006], [700028.9524427743, 2795428.657439675]]]}, "properties": {"id": 396, "height_m": 8.18, "interval_half_width_m": null, "coverage_nominal": null, "area_m2": null, "perimeter_m": null, "size_class": null, "confidence": null, "provenance": null, "evidence": null, "height_is_metric": false}}, {"type": "Feature", "geometry": {"type": "Polygon", "coordinates": [[[699984.5919068927, 2795428.617142903], [699983.3370614462, 2795425.9859361104], [699983.5890345217, 2795423.38817518], [699986.0879379032, 2795421.4371919353], [699985.5831983285, 2795419.9769260264], [699987.1319157281, 2795420.121893702], [699986.2947621153, 2795428.782312368], [699984.5919068927, 2795428.617142903]]]}, "properties": {"id": 397, "height_m": 20.82, "interval_half_width_m": null, "coverage_nominal": null, "area_m2": null, "perimeter_m": null, "size_class": null, "confidence": null, "provenance": null, "evidence": null, "height_is_metric": false}}, {"type": "Feature", "geometry": {"type": "Polygon", "coordinates": [[[700018.9878338071, 2795431.464710252], [700019.1267745135, 2795429.177727304], [700016.0174383578, 2795427.589613363], [700017.9884555523, 2795423.8486813805], [700020.0107096117, 2795423.0070266137], [700019.1623565174, 2795424.6171580637], [700021.3364596774, 2795424.187076613], [700021.812330834, 2795426.1039273776], [700018.9878338071, 2795431.464710252]]]}, "properties": {"id": 398, "height_m": 28.97, "interval_half_width_m": null, "coverage_nominal": null, "area_m2": null, "perimeter_m": null, "size_class": null, "confidence": null, "provenance": null, "evidence": null, "height_is_metric": false}}, {"type": "Feature", "geometry": {"type": "Polygon", "coordinates": [[[700213.1805260828, 2795430.237054827], [700205.5804419772, 2795424.4348384393], [700210.8285129033, 2795424.937045161], [700211.5784814516, 2795419.1872862903], [700214.066109061, 2795419.4039825248], [700218.7366590407, 2795422.9224354345], [700213.1805260828, 2795430.237054827]]]}, "properties": {"id": 399, "height_m": 7.21, "interval_half_width_m": null, "coverage_nominal": null, "area_m2": null, "perimeter_m": null, "size_class": null, "confidence": null, "provenance": null, "evidence": null, "height_is_metric": false}}, {"type": "Feature", "geometry": {"type": "Polygon", "coordinates": [[[699829.9301877174, 2795422.8199311886], [699832.0086985729, 2795417.054578489], [699837.8851458565, 2795414.6990101608], [699849.3454348969, 2795418.6808378026], [699846.5510421983, 2795426.4319012943], [699833.8443225807, 2795426.9369612904], [699829.9301877174, 2795422.8199311886]]]}, "properties": {"id": 400, "height_m": 18.16, "interval_half_width_m": null, "coverage_nominal": null, "area_m2": null, "perimeter_m": null, "size_class": null, "confidence": null, "provenance": null, "evidence": null, "height_is_metric": false}}, {"type": "Feature", "geometry": {"type": "Polygon", "coordinates": [[[700198.469290004, 2795424.9476190587], [700193.3019957198, 2795422.467055972], [700196.9156747385, 2795422.2972632884], [700196.5198173162, 2795416.797371868], [700200.8754696131, 2795420.2099332227], [700198.1422468346, 2795420.403971106], [700198.469290004, 2795424.9476190587]]]}, "properties": {"id": 401, "height_m": 7.52, "interval_half_width_m": null, "coverage_nominal": null, "area_m2": null, "perimeter_m": null, "size_class": null, "confidence": null, "provenance": null, "evidence": null, "height_is_metric": false}}, {"type": "Feature", "geometry": {"type": "Polygon", "coordinates": [[[700016.586658871, 2795422.687139516], [700016.0866798387, 2795423.1871185484], [700015.3367112904, 2795422.9371290323], [700012.0868475806, 2795420.1872443547], [700012.3368370968, 2795419.9372548386], [700016.586658871, 2795422.687139516]]]}, "properties": {"id": 402, "height_m": 27.72, "interval_half_width_m": null, "coverage_nominal": null, "area_m2": null, "perimeter_m": null, "size_class": null, "confidence": null, "provenance": null, "evidence": null, "height_is_metric": false}}, {"type": "Feature", "geometry": {"type": "Polygon", "coordinates": [[[700225.507737385, 2795432.6999642346], [700223.9135964751, 2795423.0509853414], [700228.5777685484, 2795413.9375064517], [700232.7705248446, 2795416.5110069243], [700235.3691097149, 2795430.98607737], [700225.507737385, 2795432.6999642346]]]}, "properties": {"id": 403, "height_m": 7.38, "interval_half_width_m": null, "coverage_nominal": null, "area_m2": null, "perimeter_m": null, "size_class": null, "confidence": null, "provenance": null, "evidence": null, "height_is_metric": false}}, {"type": "Feature", "geometry": {"type": "Polygon", "coordinates": [[[700186.4991804252, 2795425.4431884857], [700191.9196379206, 2795413.558600833], [700198.5986180765, 2795411.529556897], [700199.7953452328, 2795415.4413343766], [700195.1202178084, 2795416.8295818213], [700196.7921447627, 2795422.321859425], [700186.4991804252, 2795425.4431884857]]]}, "properties": {"id": 404, "height_m": 7.79, "interval_half_width_m": null, "coverage_nominal": null, "area_m2": null, "perimeter_m": null, "size_class": null, "confidence": null, "provenance": null, "evidence": null, "height_is_metric": false}}, {"type": "Feature", "geometry": {"type": "Polygon", "coordinates": [[[699816.4761010659, 2795428.581621932], [699812.3901365557, 2795422.8293607244], [699827.3020783287, 2795411.9614082933], [699830.3444693548, 2795426.6869717743], [699823.961291308, 2795423.12634534], [699816.4761010659, 2795428.581621932]]]}, "properties": {"id": 405, "height_m": 16.75, "interval_half_width_m": null, "coverage_nominal": null, "area_m2": null, "perimeter_m": null, "size_class": null, "confidence": null, "provenance": null, "evidence": null, "height_is_metric": false}}, {"type": "Feature", "geometry": {"type": "Polygon", "coordinates": [[[699999.3373822581, 2795420.437233871], [700014.0867637097, 2795403.187957258], [700008.3370048387, 2795418.687307258], [699999.3373822581, 2795420.437233871]]]}, "properties": {"id": 381, "height_m": 26.21, "interval_half_width_m": null, "coverage_nominal": null, "area_m2": 13.6, "perimeter_m": 16.0, "size_class": "tiny", "confidence": 0.31, "provenance": "INFERRED", "evidence": {"height": 0.0, "edge": 0.842, "texture": 1.0, "shadow": 0.0}, "height_is_metric": false}}, {"type": "Feature", "geometry": {"type": "Polygon", "coordinates": [[[700180.0570677771, 2795435.5996229043], [700176.4848909242, 2795431.3510522987], [700178.1749445597, 2795426.022723508], [700174.0917417746, 2795415.519883328], [700185.3406291581, 2795418.9418284446], [700180.0570677771, 2795435.5996229043]]]}, "properties": {"id": 407, "height_m": 7.66, "interval_half_width_m": null, "coverage_nominal": null, "area_m2": null, "perimeter_m": null, "size_class": null, "confidence": null, "provenance": null, "evidence": null, "height_is_metric": false}}, {"type": "Feature", "geometry": {"type": "Polygon", "coordinates": [[[700210.2683557307, 2795423.6101659923], [700202.8625994131, 2795424.1723982734], [700202.2685996656, 2795417.4824017338], [700209.6652926425, 2795416.733959], [700210.2683557307, 2795423.6101659923]]]}, "properties": {"id": 408, "height_m": 7.46, "interval_half_width_m": null, "coverage_nominal": null, "area_m2": null, "perimeter_m": null, "size_class": null, "confidence": null, "provenance": null, "evidence": null, "height_is_metric": false}}, {"type": "Feature", "geometry": {"type": "Polygon", "coordinates": [[[699927.7141042026, 2795420.758982463], [699920.2814325099, 2795419.764959818], [699923.3647535213, 2795399.0522359232], [699925.8404645162, 2795394.9383032257], [699931.0016097663, 2795398.674596731], [699927.7141042026, 2795420.758982463]]]}, "properties": {"id": 409, "height_m": 8.53, "interval_half_width_m": null, "coverage_nominal": null, "area_m2": null, "perimeter_m": null, "size_class": null, "confidence": null, "provenance": null, "evidence": null, "height_is_metric": false}}, {"type": "Feature", "geometry": {"type": "Polygon", "coordinates": [[[700235.8274645162, 2795432.186741129], [700232.6242907429, 2795426.515805857], [700233.3509448394, 2795417.319688831], [700243.8377487041, 2795418.2440427663], [700242.9965059074, 2795427.6690472877], [700235.8274645162, 2795432.186741129]]]}, "properties": {"id": 410, "height_m": 7.2, "interval_half_width_m": null, "coverage_nominal": null, "area_m2": null, "perimeter_m": null, "size_class": null, "confidence": null, "provenance": null, "evidence": null, "height_is_metric": false}}, {"type": "Feature", "geometry": {"type": "Polygon", "coordinates": [[[700031.6374192851, 2795418.6720338506], [700028.3361661291, 2795413.9375064517], [700035.0858830645, 2795409.1877056453], [700035.1430706077, 2795411.7376933102], [700039.2785172956, 2795414.38739298], [700038.9857744455, 2795418.4750816613], [700033.8844869146, 2795415.16496352], [700031.6374192851, 2795418.6720338506]]]}, "properties": {"id": 112, "height_m": 32.57, "interval_half_width_m": null, "coverage_nominal": null, "area_m2": 243.4, "perimeter_m": 92.1, "size_class": "medium", "confidence": 0.899, "provenance": "INFERRED", "evidence": {"height": 1.0, "edge": 1.0, "texture": 0.989, "shadow": 0.0}, "height_is_metric": false}}, {"type": "Feature", "geometry": {"type": "Polygon", "coordinates": [[[700198.317196773, 2795416.4821842806], [700199.9336145807, 2795413.3525853027], [700201.7242499356, 2795415.772375181], [700207.2175803514, 2795414.3177853036], [700208.689686584, 2795416.307112277], [700202.578858871, 2795417.187370161], [700200.8407725819, 2795419.8924721708], [700198.317196773, 2795416.4821842806]]]}, "properties": {"id": 412, "height_m": 7.68, "interval_half_width_m": null, "coverage_nominal": null, "area_m2": null, "perimeter_m": null, "size_class": null, "confidence": null, "provenance": null, "evidence": null, "height_is_metric": false}}, {"type": "Feature", "geometry": {"type": "Polygon", "coordinates": [[[700169.1206978051, 2795418.908428356], [700169.276361443, 2795410.6707367124], [700173.5458357133, 2795408.936998996], [700173.3777824582, 2795418.9838036126], [700169.1206978051, 2795418.908428356]]]}, "properties": {"id": 413, "height_m": 7.87, "interval_half_width_m": null, "coverage_nominal": null, "area_m2": null, "perimeter_m": null, "size_class": null, "confidence": null, "provenance": null, "evidence": null, "height_is_metric": false}}, {"type": "Feature", "geometry": {"type": "Polygon", "coordinates": [[[699985.3379693548, 2795419.6872653225], [699995.087560484, 2795379.688942742], [699992.3376758065, 2795413.6875169356], [699985.3379693548, 2795419.6872653225]]]}, "properties": {"id": 101, "height_m": 21.86, "interval_half_width_m": null, "coverage_nominal": null, "area_m2": 294.9, "perimeter_m": 169.4, "size_class": "medium", "confidence": 0.828, "provenance": "INFERRED", "evidence": {"height": 1.0, "edge": 0.728, "texture": 0.956, "shadow": 0.0}, "height_is_metric": false}}, {"type": "Feature", "geometry": {"type": "Polygon", "coordinates": [[[700218.2434241103, 2795425.283359373], [700214.5997780866, 2795416.2379318285], [700219.6359133206, 2795414.2387023163], [700218.057549337, 2795411.0276858546], [700223.6102949858, 2795408.444603264], [700229.0716748373, 2795420.6422576215], [700218.2434241103, 2795425.283359373]]]}, "properties": {"id": 408, "height_m": 11.15, "interval_half_width_m": null, "coverage_nominal": null, "area_m2": 11.3, "perimeter_m": 19.4, "size_class": "tiny", "confidence": 0.881, "provenance": "INFERRED", "evidence": {"height": 1.0, "edge": 0.925, "texture": 1.0, "shadow": 0.0}, "height_is_metric": false}}, {"type": "Feature", "geometry": {"type": "Polygon", "coordinates": [[[700191.9757573933, 2795410.755983992], [700188.4556413454, 2795411.84544636], [700192.2029817508, 2795414.529537898], [700187.5441805461, 2795421.3345045913], [700176.9401940957, 2795414.147107647], [700183.608371482, 2795404.7627203185], [700191.9757573933, 2795410.755983992]]]}, "properties": {"id": 436, "height_m": 8.07, "interval_half_width_m": null, "coverage_nominal": null, "area_m2": 8.9, "perimeter_m": 18.2, "size_class": "tiny", "confidence": 0.9, "provenance": "INFERRED", "evidence": {"height": 1.0, "edge": 1.0, "texture": 1.0, "shadow": 0.0}, "height_is_metric": false}}, {"type": "Feature", "geometry": {"type": "Polygon", "coordinates": [[[700211.4082920557, 2795420.184223241], [700206.6385641064, 2795418.2460873583], [700209.3650732993, 2795411.859392308], [700212.0766600223, 2795413.0501230117], [700212.6540894198, 2795417.3472297904], [700211.4082920557, 2795420.184223241]]]}, "properties": {"id": 483, "height_m": 7.73, "interval_half_width_m": null, "coverage_nominal": null, "area_m2": 6.8, "perimeter_m": 14.2, "size_class": "tiny", "confidence": 0.9, "provenance": "INFERRED", "evidence": {"height": 1.0, "edge": 1.0, "texture": 1.0, "shadow": 0.0}, "height_is_metric": false}}, {"type": "Feature", "geometry": {"type": "Polygon", "coordinates": [[[700189.2389031752, 2795411.7172931647], [700192.0621795502, 2795410.890866031], [700192.7660379718, 2795408.2195608215], [700196.0952745734, 2795409.0930288294], [700194.9839015036, 2795413.267490605], [700189.2389031752, 2795411.7172931647]]]}, "properties": {"id": 418, "height_m": 8.02, "interval_half_width_m": null, "coverage_nominal": null, "area_m2": null, "perimeter_m": null, "size_class": null, "confidence": null, "provenance": null, "evidence": null, "height_is_metric": false}}, {"type": "Feature", "geometry": {"type": "Polygon", "coordinates": [[[700213.9102012927, 2795416.3864546525], [700208.9365329215, 2795410.535869932], [700213.9891469566, 2795406.0823060917], [700215.3283241936, 2795410.437653226], [700221.7275309261, 2795409.4959507748], [700213.9102012927, 2795416.3864546525]]]}, "properties": {"id": 419, "height_m": 11.37, "interval_half_width_m": null, "coverage_nominal": null, "area_m2": null, "perimeter_m": null, "size_class": null, "confidence": null, "provenance": null, "evidence": null, "height_is_metric": false}}, {"type": "Feature", "geometry": {"type": "Polygon", "coordinates": [[[700019.0733099588, 2795418.745929067], [700011.6292251706, 2795410.908092481], [700016.8813852805, 2795405.6923688315], [700023.3251763249, 2795412.467902555], [700025.7736210072, 2795412.3736377098], [700019.0733099588, 2795418.745929067]]]}, "properties": {"id": 90, "height_m": 28.91, "interval_half_width_m": null, "coverage_nominal": null, "area_m2": 354.1, "perimeter_m": 131.7, "size_class": "medium", "confidence": 0.899, "provenance": "INFERRED", "evidence": {"height": 1.0, "edge": 1.0, "texture": 0.995, "shadow": 0.0}, "height_is_metric": false}}, {"type": "Feature", "geometry": {"type": "Polygon", "coordinates": [[[700131.8318258065, 2795411.187621774], [700136.0816475807, 2795406.4378209678], [700136.3316370968, 2795411.9375903225], [700131.8318258065, 2795411.187621774]]]}, "properties": {"id": 55, "height_m": 10.12, "interval_half_width_m": null, "coverage_nominal": null, "area_m2": 681.5, "perimeter_m": 221.7, "size_class": "large", "confidence": 0.898, "provenance": "INFERRED", "evidence": {"height": 1.0, "edge": 1.0, "texture": 0.979, "shadow": 0.0}, "height_is_metric": false}}, {"type": "Feature", "geometry": {"type": "Polygon", "coordinates": [[[699900.0915443549, 2795408.6877266127], [699900.0915443549, 2795410.687642742], [699899.8415548387, 2795410.937632258], [699896.591691129, 2795410.1876637097], [699899.3415758065, 2795408.1877475805], [699900.0915443549, 2795408.6877266127]]]}, "properties": {"id": 74, "height_m": 3.88, "interval_half_width_m": null, "coverage_nominal": null, "area_m2": 481.8, "perimeter_m": 181.6, "size_class": "medium", "confidence": 0.898, "provenance": "INFERRED", "evidence": {"height": 1.0, "edge": 1.0, "texture": 0.979, "shadow": 0.0}, "height_is_metric": false}}, {"type": "Feature", "geometry": {"type": "Polygon", "coordinates": [[[700131.2894291196, 2795411.2299021054], [700128.3980098503, 2795410.3374071857], [700127.5820040323, 2795407.9377580644], [700129.843627936, 2795405.397260968], [700132.7964459975, 2795406.2863990953], [700131.2894291196, 2795411.2299021054]]]}, "properties": {"id": 423, "height_m": 9.92, "interval_half_width_m": null, "coverage_nominal": null, "area_m2": null, "perimeter_m": null, "size_class": null, "confidence": null, "provenance": null, "evidence": null, "height_is_metric": false}}, {"type": "Feature", "geometry": {"type": "Polygon", "coordinates": [[[699827.8445741936, 2795412.4375693547], [699832.5938409648, 2795405.515343785], [699847.7524612355, 2795395.5754530192], [699856.685176832, 2795409.2230435186], [699856.1799337383, 2795415.882249113], [699852.0993095803, 2795409.483271253], [699843.7516066815, 2795414.947061892], [699827.8445741936, 2795412.4375693547]]]}, "properties": {"id": 511, "height_m": 18.78, "interval_half_width_m": null, "coverage_nominal": null, "area_m2": 6.1, "perimeter_m": 11.2, "size_class": "tiny", "confidence": 0.9, "provenance": "INFERRED", "evidence": {"height": 1.0, "edge": 1.0, "texture": 1.0, "shadow": 0.0}, "height_is_metric": false}}, {"type": "Feature", "geometry": {"type": "Polygon", "coordinates": [[[699897.8416387097, 2795408.4377370966], [699896.8541007786, 2795409.08593379], [699893.5793968021, 2795408.789498468], [699893.5918169355, 2795407.6877685483], [699894.5894557614, 2795406.960748256], [699896.8439998839, 2795407.16484126], [699897.8416387097, 2795408.4377370966]]]}, "properties": {"id": 425, "height_m": 3.45, "interval_half_width_m": null, "coverage_nominal": null, "area_m2": null, "perimeter_m": null, "size_class": null, "confidence": null, "provenance": null, "evidence": null, "height_is_metric": false}}, {"type": "Feature", "geometry": {"type": "Polygon", "coordinates": [[[699892.3138248767, 2795409.1831587167], [699894.4132699128, 2795396.3121164613], [699902.1500060023, 2795397.58458507], [699900.5134169215, 2795407.5442656553], [699894.5678959966, 2795406.565592709], [699892.3138248767, 2795409.1831587167]]]}, "properties": {"id": 426, "height_m": 3.85, "interval_half_width_m": null, "coverage_nominal": null, "area_m2": null, "perimeter_m": null, "size_class": null, "confidence": null, "provenance": null, "evidence": null, "height_is_metric": false}}, {"type": "Feature", "geometry": {"type": "Polygon", "coordinates": [[[700201.6119194413, 2795407.9644445674], [700201.3132869456, 2795404.9549424816], [700209.728858092, 2795404.1418662285], [700209.4225354891, 2795401.174339311], [700214.383081852, 2795406.881360106], [700206.0123086316, 2795407.5102247247], [700201.6119194413, 2795407.9644445674]]]}, "properties": {"id": 427, "height_m": 9.57, "interval_half_width_m": null, "coverage_nominal": null, "area_m2": null, "perimeter_m": null, "size_class": null, "confidence": null, "provenance": null, "evidence": null, "height_is_metric": false}}, {"type": "Feature", "geometry": {"type": "Polygon", "coordinates": [[[700132.6755709397, 2795408.614929983], [700131.8628303657, 2795405.4293030817], [700133.3655444456, 2795403.9456159137], [700134.9221503084, 2795403.4930897253], [700136.0826241022, 2795407.7063072], [700132.6755709397, 2795408.614929983]]]}, "properties": {"id": 428, "height_m": 10.1, "interval_half_width_m": null, "coverage_nominal": null, "area_m2": null, "perimeter_m": null, "size_class": null, "confidence": null, "provenance": null, "evidence": null, "height_is_metric": false}}, {"type": "Feature", "geometry": {"type": "Polygon", "coordinates": [[[699859.7740136643, 2795408.4735021982], [699850.0932062718, 2795402.6466286415], [699852.6631897413, 2795398.443740934], [699844.3449579576, 2795401.2367756576], [699857.0922718812, 2795380.390176762], [699854.0934733871, 2795398.6881459677], [699859.7740136643, 2795408.4735021982]]]}, "properties": {"id": 133, "height_m": 18.94, "interval_half_width_m": null, "coverage_nominal": null, "area_m2": 191.8, "perimeter_m": 130.2, "size_class": "medium", "confidence": 0.894, "provenance": "INFERRED", "evidence": {"height": 1.0, "edge": 1.0, "texture": 0.941, "shadow": 0.0}, "height_is_metric": false}}, {"type": "Feature", "geometry": {"type": "Polygon", "coordinates": [[[700224.7011000705, 2795409.0546088098], [700221.3801944182, 2795409.2499436354], [700221.2703662604, 2795405.2488602092], [700212.7527486123, 2795405.484766454], [700212.5903713888, 2795402.9699335643], [700224.5241360563, 2795402.618965617], [700224.7011000705, 2795409.0546088098]]]}, "properties": {"id": 137, "height_m": 5.51, "interval_half_width_m": null, "coverage_nominal": null, "area_m2": 180.7, "perimeter_m": 103.5, "size_class": "medium", "confidence": 0.85, "provenance": "INFERRED", "evidence": {"height": 1.0, "edge": 0.802, "texture": 1.0, "shadow": 0.0}, "height_is_metric": false}}, {"type": "Feature", "geometry": {"type": "Polygon", "coordinates": [[[700137.8315741936, 2795407.437779032], [700133.5817524194, 2795403.437946774], [700136.3316370968, 2795394.9383032257], [700141.0814379032, 2795396.688229839], [700142.3313854838, 2795403.68793629], [700137.8315741936, 2795407.437779032]]]}, "properties": {"id": 431, "height_m": 10.44, "interval_half_width_m": null, "coverage_nominal": null, "area_m2": null, "perimeter_m": null, "size_class": null, "confidence": null, "provenance": null, "evidence": null, "height_is_metric": false}}, {"type": "Feature", "geometry": {"type": "Polygon", "coordinates": [[[700015.8366903226, 2795408.4377370966], [700014.586742742, 2795404.4379048385], [700010.8369, 2795402.1879991936], [700017.5866169356, 2795399.938093548], [700019.3365435484, 2795405.9378419355], [700018.3365854839, 2795404.4379048385], [700015.8366903226, 2795408.4377370966]]]}, "properties": {"id": 7, "height_m": 27.38, "interval_half_width_m": null, "coverage_nominal": null, "area_m2": 2317.4, "perimeter_m": 754.1, "size_class": "large", "confidence": 0.898, "provenance": "INFERRED", "evidence": {"height": 1.0, "edge": 1.0, "texture": 0.982, "shadow": 0.0}, "height_is_metric": false}}, {"type": "Feature", "geometry": {"type": "Polygon", "coordinates": [[[700200.4778117292, 2795408.248856468], [700196.4401697775, 2795410.248345369], [700184.7185544161, 2795403.627254631], [700190.829351613, 2795399.688104032], [700193.1803882709, 2795404.126806435], [700200.4778117292, 2795408.248856468]]]}, "properties": {"id": 433, "height_m": 9.42, "interval_half_width_m": null, "coverage_nominal": null, "area_m2": null, "perimeter_m": null, "size_class": null, "confidence": null, "provenance": null, "evidence": null, "height_is_metric": false}}, {"type": "Feature", "geometry": {"type": "Polygon", "coordinates": [[[700023.116719491, 2795412.4514237544], [700019.3062103478, 2795402.6741238264], [700023.2157143628, 2795396.5676294276], [700027.2068799922, 2795406.8083956367], [700023.116719491, 2795412.4514237544]]]}, "properties": {"id": 434, "height_m": 29.23, "interval_half_width_m": null, "coverage_nominal": null, "area_m2": null, "perimeter_m": null, "size_class": null, "confidence": null, "provenance": null, "evidence": null, "height_is_metric": false}}, {"type": "Feature", "geometry": {"type": "Polygon", "coordinates": [[[700118.507036711, 2795405.249150114], [700115.3770410212, 2795403.489351479], [700117.0037123051, 2795400.4746768805], [700120.1919025758, 2795402.2887029783], [700118.507036711, 2795405.249150114]]]}, "properties": {"id": 435, "height_m": 9.16, "interval_half_width_m": null, "coverage_nominal": null, "area_m2": null, "perimeter_m": null, "size_class": null, "confidence": null, "provenance": null, "evidence": null, "height_is_metric": false}}, {"type": "Feature", "geometry": {"type": "Polygon", "coordinates": [[[699803.8892113228, 2795415.193053773], [699796.51095019, 2795411.9758425024], [699805.1360691282, 2795393.6441375287], [699810.5960604881, 2795400.9384178086], [699803.8892113228, 2795415.193053773]]]}, "properties": {"id": 436, "height_m": 16.03, "interval_half_width_m": null, "coverage_nominal": null, "area_m2": null, "perimeter_m": null, "size_class": null, "confidence": null, "provenance": null, "evidence": null, "height_is_metric": false}}, {"type": "Feature", "geometry": {"type": "Polygon", "coordinates": [[[700032.6387200669, 2795406.100051319], [700033.2896021944, 2795398.933649588], [700039.9246083644, 2795394.445312426], [700039.2467803453, 2795401.931021445], [700037.4787270512, 2795400.4789644205], [700036.936513462, 2795406.4892104142], [700032.6387200669, 2795406.100051319]]]}, "properties": {"id": 437, "height_m": 31.61, "interval_half_width_m": null, "coverage_nominal": null, "area_m2": null, "perimeter_m": null, "size_class": null, "confidence": null, "provenance": null, "evidence": null, "height_is_metric": false}}, {"type": "Feature", "geometry": {"type": "Polygon", "coordinates": [[[699986.9764504462, 2795400.5170945353], [699990.1681195749, 2795378.497922133], [699994.4254178422, 2795379.1014124495], [699991.2809879433, 2795401.137628204], [699986.9764504462, 2795400.5170945353]]]}, "properties": {"id": 438, "height_m": 21.16, "interval_half_width_m": null, "coverage_nominal": null, "area_m2": null, "perimeter_m": null, "size_class": null, "confidence": null, "provenance": null, "evidence": null, "height_is_metric": false}}, {"type": "Feature", "geometry": {"type": "Polygon", "coordinates": [[[700028.8491145881, 2795418.522839668], [700026.1026782524, 2795408.3881023373], [700030.3196644896, 2795395.9878807915], [700033.0729975087, 2795406.1023095255], [700028.8491145881, 2795418.522839668]]]}, "properties": {"id": 439, "height_m": 30.61, "interval_half_width_m": null, "coverage_nominal": null, "area_m2": null, "perimeter_m": null, "size_class": null, "confidence": null, "provenance": null, "evidence": null, "height_is_metric": false}}, {"type": "Feature", "geometry": {"type": "Polygon", "coordinates": [[[700008.7891648315, 2795406.2592090736], [700005.3849496847, 2795393.366988507], [700010.230571668, 2795399.5168160493], [700011.4432283321, 2795404.109213789], [700008.7891648315, 2795406.2592090736]]]}, "properties": {"id": 440, "height_m": 25.67, "interval_half_width_m": null, "coverage_nominal": null, "area_m2": null, "perimeter_m": null, "size_class": null, "confidence": null, "provenance": null, "evidence": null, "height_is_metric": false}}, {"type": "Feature", "geometry": {"type": "Polygon", "coordinates": [[[700012.060695113, 2795402.2484062063], [700005.9115389291, 2795392.5749074672], [700015.231735224, 2795386.6554779774], [700013.1385307709, 2795391.727225731], [700017.5916216085, 2795398.735629328], [700012.060695113, 2795402.2484062063]]]}, "properties": {"id": 441, "height_m": 26.48, "interval_half_width_m": null, "coverage_nominal": null, "area_m2": null, "perimeter_m": null, "size_class": null, "confidence": null, "provenance": null, "evidence": null, "height_is_metric": false}}, {"type": "Feature", "geometry": {"type": "Polygon", "coordinates": [[[700143.8313225807, 2795400.938051613], [700143.3313435484, 2795400.4380725804], [700142.5813750001, 2795400.4380725804], [700141.0814379032, 2795398.6881459677], [700141.5814169355, 2795397.188208871], [700144.8312806452, 2795397.9381774194], [700145.3312596774, 2795398.4381564516], [700144.0813120968, 2795399.938093548], [700143.8313225807, 2795400.938051613]]]}, "properties": {"id": 442, "height_m": 10.62, "interval_half_width_m": null, "coverage_nominal": null, "area_m2": null, "perimeter_m": null, "size_class": null, "confidence": null, "provenance": null, "evidence": null, "height_is_metric": false}}, {"type": "Feature", "geometry": {"type": "Polygon", "coordinates": [[[700032.8918222453, 2795399.074299207], [700030.7008740887, 2795398.2312254324], [700031.4153826983, 2795396.508977102], [700032.5859879033, 2795395.93826129], [700032.5859879033, 2795397.188208871], [700033.5859459678, 2795398.1881669355], [700032.8918222453, 2795399.074299207]]]}, "properties": {"id": 443, "height_m": 30.28, "interval_half_width_m": null, "coverage_nominal": null, "area_m2": null, "perimeter_m": null, "size_class": null, "confidence": null, "provenance": null, "evidence": null, "height_is_metric": false}}, {"type": "Feature", "geometry": {"type": "Polygon", "coordinates": [[[700155.5253512083, 2795397.6399416355], [700140.4638795734, 2795396.732234341], [700140.7640073678, 2795391.627803631], [700151.0715279797, 2795392.253296199], [700155.5253512083, 2795397.6399416355]]]}, "properties": {"id": 444, "height_m": 11.0, "interval_half_width_m": null, "coverage_nominal": null, "area_m2": null, "perimeter_m": null, "size_class": null, "confidence": null, "provenance": null, "evidence": null, "height_is_metric": false}}, {"type": "Feature", "geometry": {"type": "Polygon", "coordinates": [[[700021.068740192, 2795399.906112468], [700017.5355936846, 2795398.7409086474], [700018.7325039387, 2795395.316796874], [700022.2592420235, 2795396.538913591], [700021.068740192, 2795399.906112468]]]}, "properties": {"id": 445, "height_m": 27.7, "interval_half_width_m": null, "coverage_nominal": null, "area_m2": null, "perimeter_m": null, "size_class": null, "confidence": null, "provenance": null, "evidence": null, "height_is_metric": false}}, {"type": "Feature", "geometry": {"type": "Polygon", "coordinates": [[[699918.7612936236, 2795404.0768359965], [699910.1329933613, 2795399.080936502], [699914.7252080031, 2795391.090594715], [699920.3801832513, 2795394.43060357], [699918.9286144875, 2795396.7078518183], [699922.3665654021, 2795398.7423734297], [699917.5908104839, 2795400.1880830643], [699918.7612936236, 2795404.0768359965]]]}, "properties": {"id": 269, "height_m": 6.66, "interval_half_width_m": null, "coverage_nominal": null, "area_m2": 36.8, "perimeter_m": 36.9, "size_class": "small", "confidence": 0.9, "provenance": "INFERRED", "evidence": {"height": 1.0, "edge": 1.0, "texture": 1.0, "shadow": 0.0}, "height_is_metric": false}}, {"type": "Feature", "geometry": {"type": "Polygon", "coordinates": [[[699930.9844290903, 2795398.1953077493], [699926.121016105, 2795395.6436874624], [699927.9156338369, 2795392.2258620462], [699929.340317742, 2795391.688439516], [699930.8402548387, 2795394.1883346774], [699930.9844290903, 2795398.1953077493]]]}, "properties": {"id": 14, "height_m": 8.51, "interval_half_width_m": null, "coverage_nominal": null, "area_m2": 1888.6, "perimeter_m": 495.1, "size_class": "large", "confidence": 0.9, "provenance": "INFERRED", "evidence": {"height": 1.0, "edge": 1.0, "texture": 0.997, "shadow": 0.0}, "height_is_metric": false}}, {"type": "Feature", "geometry": {"type": "Polygon", "coordinates": [[[699826.6625864094, 2795396.454047765], [699822.3147310267, 2795396.707882335], [699822.1251027487, 2795393.222554867], [699824.2712148341, 2795393.1236820603], [699824.1670016752, 2795391.181716382], [699826.5276891125, 2795393.940145623], [699826.6625864094, 2795396.454047765]]]}, "properties": {"id": 448, "height_m": 16.41, "interval_half_width_m": null, "coverage_nominal": null, "area_m2": null, "perimeter_m": null, "size_class": null, "confidence": null, "provenance": null, "evidence": null, "height_is_metric": false}}, {"type": "Feature", "geometry": {"type": "Polygon", "coordinates": [[[700217.5782298387, 2795396.4382403228], [700216.3282822581, 2795393.688355645], [700221.0780830645, 2795392.4384080647], [700221.3280725806, 2795392.6883975808], [700220.5781040323, 2795393.438366129], [700221.0780830645, 2795394.6883137096], [700217.5782298387, 2795396.4382403228]]]}, "properties": {"id": 449, "height_m": 4.48, "interval_half_width_m": null, "coverage_nominal": null, "area_m2": null, "perimeter_m": null, "size_class": null, "confidence": null, "provenance": null, "evidence": null, "height_is_metric": false}}, {"type": "Feature", "geometry": {"type": "Polygon", "coordinates": [[[700020.4688813152, 2795395.434009976], [700020.6775822797, 2795391.8612533137], [700022.8629154376, 2795392.019846516], [700021.0864701613, 2795389.438533871], [700023.5863653226, 2795386.6886491934], [700024.3373409088, 2795390.3270158977], [700024.0950109836, 2795393.7104799612], [700021.5767450107, 2795393.5277178506], [700020.4688813152, 2795395.434009976]]]}, "properties": {"id": 450, "height_m": 6.08, "interval_half_width_m": null, "coverage_nominal": null, "area_m2": null, "perimeter_m": null, "size_class": null, "confidence": null, "provenance": null, "evidence": null, "height_is_metric": false}}, {"type": "Feature", "geometry": {"type": "Polygon", "coordinates": [[[699825.4068102158, 2795391.1086603636], [699829.9474523133, 2795389.5369794494], [699832.3442176443, 2795391.687981772], [699826.4297012785, 2795393.9201574475], [699825.4068102158, 2795391.1086603636]]]}, "properties": {"id": 451, "height_m": 16.53, "interval_half_width_m": null, "coverage_nominal": null, "area_m2": null, "perimeter_m": null, "size_class": null, "confidence": null, "provenance": null, "evidence": null, "height_is_metric": false}}, {"type": "Feature", "geometry": {"type": "Polygon", "coordinates": [[[699902.5608774434, 2795393.6976936324], [699895.247600768, 2795392.3936406546], [699895.866089845, 2795388.832022441], [699903.1917561374, 2795390.080474723], [699902.5608774434, 2795393.6976936324]]]}, "properties": {"id": 452, "height_m": 3.79, "interval_half_width_m": null, "coverage_nominal": null, "area_m2": null, "perimeter_m": null, "size_class": null, "confidence": null, "provenance": null, "evidence": null, "height_is_metric": false}}, {"type": "Feature", "geometry": {"type": "Polygon", "coordinates": [[[700167.2542904813, 2795391.3026829883], [700166.3303790323, 2795392.4384080647], [700165.4347256755, 2795392.310392193], [700162.7262210987, 2795390.316518291], [700163.830483871, 2795390.6884814515], [700164.9064885511, 2795389.5743008824], [700167.2542904813, 2795391.3026829883]]]}, "properties": {"id": 120, "height_m": 2.62, "interval_half_width_m": null, "coverage_nominal": null, "area_m2": 226.8, "perimeter_m": 74.6, "size_class": "medium", "confidence": 0.774, "provenance": "INFERRED", "evidence": {"height": 0.929, "edge": 0.655, "texture": 0.995, "shadow": 0.0}, "height_is_metric": false}}, {"type": "Feature", "geometry": {"type": "Polygon", "coordinates": [[[700015.3567604984, 2795395.544631558], [700013.7897180616, 2795391.893325943], [700015.7766647637, 2795391.014090355], [700016.586658871, 2795388.1885862905], [700020.9595223601, 2795388.239273862], [700022.8004180584, 2795392.250854895], [700015.3567604984, 2795395.544631558]]]}, "properties": {"id": 454, "height_m": 27.26, "interval_half_width_m": null, "coverage_nominal": null, "area_m2": null, "perimeter_m": null, "size_class": null, "confidence": null, "provenance": null, "evidence": null, "height_is_metric": false}}, {"type": "Feature", "geometry": {"type": "Polygon", "coordinates": [[[700037.3357887097, 2795389.938512903], [700035.5993197844, 2795391.1590122557], [700031.516300097, 2795389.3648370104], [700032.8922494736, 2795386.2918152497], [700034.0997183669, 2795388.6202698466], [700034.8555765608, 2795386.9249979244], [700037.3023123305, 2795388.020533035], [700037.3357887097, 2795389.938512903]]]}, "properties": {"id": 215, "height_m": 30.39, "interval_half_width_m": null, "coverage_nominal": null, "area_m2": 70.3, "perimeter_m": 42.2, "size_class": "small", "confidence": 0.9, "provenance": "INFERRED", "evidence": {"height": 1.0, "edge": 1.0, "texture": 1.0, "shadow": 0.0}, "height_is_metric": false}}, {"type": "Feature", "geometry": {"type": "Polygon", "coordinates": [[[699931.8402129032, 2795394.4383241935], [699929.340317742, 2795391.1884604837], [699927.590391129, 2795392.938387097], [699928.8403387098, 2795385.688691129], [699933.3401500001, 2795386.4386596773], [699931.8402129032, 2795394.4383241935]]]}, "properties": {"id": 456, "height_m": 8.62, "interval_half_width_m": null, "coverage_nominal": null, "area_m2": null, "perimeter_m": null, "size_class": null, "confidence": null, "provenance": null, "evidence": null, "height_is_metric": false}}, {"type": "Feature", "geometry": {"type": "Polygon", "coordinates": [[[700106.5352182194, 2795397.45589784], [700101.6624672469, 2795391.2120800987], [700106.5830677752, 2795387.3718175646], [700108.6435587566, 2795389.931158475], [700106.990216228, 2795391.221296021], [700106.5352182194, 2795397.45589784]]]}, "properties": {"id": 240, "height_m": 2.9, "interval_half_width_m": null, "coverage_nominal": null, "area_m2": 57.4, "perimeter_m": 31.8, "size_class": "small", "confidence": 0.883, "provenance": "INFERRED", "evidence": {"height": 0.97, "edge": 1.0, "texture": 1.0, "shadow": 0.0}, "height_is_metric": false}}, {"type": "Feature", "geometry": {"type": "Polygon", "coordinates": [[[700168.8280770201, 2795389.2846706947], [700167.4112968363, 2795391.0052711447], [700164.7225668208, 2795388.858266458], [700163.7706108936, 2795390.128751507], [700160.3365202908, 2795387.453479179], [700164.1635997839, 2795385.650942468], [700168.8280770201, 2795389.2846706947]]]}, "properties": {"id": 458, "height_m": 2.71, "interval_half_width_m": null, "coverage_nominal": null, "area_m2": null, "perimeter_m": null, "size_class": null, "confidence": null, "provenance": null, "evidence": null, "height_is_metric": false}}, {"type": "Feature", "geometry": {"type": "Polygon", "coordinates": [[[699903.3977564095, 2795390.1908826907], [699895.8649912581, 2795388.8774917256], [699896.5231057485, 2795385.21523076], [699897.8035696275, 2795383.620387975], [699904.3684035694, 2795384.7893147836], [699903.3977564095, 2795390.1908826907]]]}, "properties": {"id": 459, "height_m": 3.83, "interval_half_width_m": null, "coverage_nominal": null, "area_m2": null, "perimeter_m": null, "size_class": null, "confidence": null, "provenance": null, "evidence": null, "height_is_metric": false}}, {"type": "Feature", "geometry": {"type": "Polygon", "coordinates": [[[699816.6557352562, 2795405.199545871], [699800.7160732162, 2795392.9236477246], [699811.8837262136, 2795378.521511232], [699821.2960054387, 2795385.847040201], [699813.1744969724, 2795396.2004268095], [699816.6557352562, 2795405.199545871]]]}, "properties": {"id": 460, "height_m": 16.09, "interval_half_width_m": null, "coverage_nominal": null, "area_m2": null, "perimeter_m": null, "size_class": null, "confidence": null, "provenance": null, "evidence": null, "height_is_metric": false}}, {"type": "Feature", "geometry": {"type": "Polygon", "coordinates": [[[699814.3451403226, 2795401.4380306453], [699816.5950459677, 2795389.438533871], [699841.5939975807, 2795384.6887330646], [699814.3451403226, 2795401.4380306453]]]}, "properties": {"id": 461, "height_m": 16.69, "interval_half_width_m": null, "coverage_nominal": null, "area_m2": null, "perimeter_m": null, "size_class": null, "confidence": null, "provenance": null, "evidence": null, "height_is_metric": false}}, {"type": "Feature", "geometry": {"type": "Polygon", "coordinates": [[[700015.9058097384, 2795388.790672857], [700014.6746296813, 2795381.2039243737], [700019.114140766, 2795380.4664675076], [700020.4019285566, 2795388.0438780035], [700015.9058097384, 2795388.790672857]]]}, "properties": {"id": 462, "height_m": 26.5, "interval_half_width_m": null, "coverage_nominal": null, "area_m2": null, "perimeter_m": null, "size_class": null, "confidence": null, "provenance": null, "evidence": null, "height_is_metric": false}}, {"type": "Feature", "geometry": {"type": "Polygon", "coordinates": [[[700021.5035974436, 2795388.2102833786], [700019.404716959, 2795379.8618175723], [700023.6395857469, 2795378.7874302557], [700024.7977708185, 2795383.3957575033], [700021.5035974436, 2795388.2102833786]]]}, "properties": {"id": 463, "height_m": 27.12, "interval_half_width_m": null, "coverage_nominal": null, "area_m2": null, "perimeter_m": null, "size_class": null, "confidence": null, "provenance": null, "evidence": null, "height_is_metric": false}}, {"type": "Feature", "geometry": {"type": "Polygon", "coordinates": [[[700141.373112683, 2795391.9978442653], [700133.8462982099, 2795406.688970103], [700113.067079301, 2795396.3443111563], [700120.2915993226, 2795381.472223669], [700141.373112683, 2795391.9978442653]]]}, "properties": {"id": 464, "height_m": 10.32, "interval_half_width_m": null, "coverage_nominal": null, "area_m2": null, "perimeter_m": null, "size_class": null, "confidence": null, "provenance": null, "evidence": null, "height_is_metric": false}}, {"type": "Feature", "geometry": {"type": "Polygon", "coordinates": [[[700034.2389642363, 2795388.0235846653], [700032.6344477851, 2795385.258991132], [700036.2014063509, 2795383.2312136223], [700034.7694595669, 2795380.804527061], [700037.6897472544, 2795379.095919516], [700037.5857782258, 2795382.6888169353], [700040.6315794484, 2795384.564836893], [700036.685303294, 2795386.592278723], [700034.2389642363, 2795388.0235846653]]]}, "properties": {"id": 465, "height_m": 30.5, "interval_half_width_m": null, "coverage_nominal": null, "area_m2": null, "perimeter_m": null, "size_class": null, "confidence": null, "provenance": null, "evidence": null, "height_is_metric": false}}, {"type": "Feature", "geometry": {"type": "Polygon", "coordinates": [[[699874.2722688677, 2795387.366111017], [699868.8936644755, 2795386.509915234], [699869.7878835662, 2795380.887195713], [699875.167067768, 2795381.7418046487], [699874.2722688677, 2795387.366111017]]]}, "properties": {"id": 154, "height_m": 5.58, "interval_half_width_m": null, "coverage_nominal": null, "area_m2": 145.9, "perimeter_m": 97.1, "size_class": "medium", "confidence": 0.899, "provenance": "INFERRED", "evidence": {"height": 1.0, "edge": 1.0, "texture": 0.986, "shadow": 0.0}, "height_is_metric": false}}, {"type": "Feature", "geometry": {"type": "Polygon", "coordinates": [[[699905.4086889222, 2795381.0872910814], [699904.5247843403, 2795384.816443773], [699898.0656435977, 2795383.2914833114], [699902.11663643, 2795380.310101995], [699905.4086889222, 2795381.0872910814]]]}, "properties": {"id": 467, "height_m": 3.86, "interval_half_width_m": null, "coverage_nominal": null, "area_m2": null, "perimeter_m": null, "size_class": null, "confidence": null, "provenance": null, "evidence": null, "height_is_metric": false}}, {"type": "Feature", "geometry": {"type": "Polygon", "coordinates": [[[699927.4808681343, 2795387.6414290606], [699928.8890732381, 2795379.5027322895], [699934.3264215047, 2795380.446998109], [699933.4005722707, 2795385.758115708], [699929.6043600135, 2795385.094630349], [699927.4808681343, 2795387.6414290606]]]}, "properties": {"id": 468, "height_m": 8.51, "interval_half_width_m": null, "coverage_nominal": null, "area_m2": null, "perimeter_m": null, "size_class": null, "confidence": null, "provenance": null, "evidence": null, "height_is_metric": false}}, {"type": "Feature", "geometry": {"type": "Polygon", "coordinates": [[[700182.5796975807, 2795388.6885653227], [700184.2032256857, 2795388.1302696443], [700182.2972997557, 2795384.485525034], [700186.7129165789, 2795382.1126997387], [700188.4337611594, 2795385.2251790734], [700185.6596465411, 2795386.954751315], [700184.1706342791, 2795387.723670485], [700186.5795298388, 2795388.9385548388], [700182.5796975807, 2795388.6885653227]]]}, "properties": {"id": 232, "height_m": 1.63, "interval_half_width_m": null, "coverage_nominal": null, "area_m2": 61.6, "perimeter_m": 72.7, "size_class": "small", "confidence": 0.632, "provenance": "INFERRED", "evidence": {"height": 0.517, "edge": 0.994, "texture": 0.992, "shadow": 0.0}, "height_is_metric": false}}, {"type": "Feature", "geometry": {"type": "Polygon", "coordinates": [[[700102.7355728786, 2795385.3206950873], [700098.9306787344, 2795382.306844429], [700098.1692970904, 2795379.5739268134], [700102.2470069419, 2795382.803832864], [700102.7355728786, 2795385.3206950873]]]}, "properties": {"id": 237, "height_m": 11.41, "interval_half_width_m": null, "coverage_nominal": null, "area_m2": 58.3, "perimeter_m": 43.0, "size_class": "small", "confidence": 0.872, "provenance": "INFERRED", "evidence": {"height": 1.0, "edge": 0.887, "texture": 1.0, "shadow": 0.0}, "height_is_metric": false}}, {"type": "Feature", "geometry": {"type": "Polygon", "coordinates": [[[699896.5380129602, 2795384.484243349], [699897.4282801903, 2795379.6321824268], [699901.8085133656, 2795380.4501718045], [699901.0660060521, 2795381.964207431], [699898.0383162526, 2795381.3968484118], [699897.4204527598, 2795384.7053949633], [699896.5380129602, 2795384.484243349]]]}, "properties": {"id": 471, "height_m": 3.27, "interval_half_width_m": null, "coverage_nominal": null, "area_m2": null, "perimeter_m": null, "size_class": null, "confidence": null, "provenance": null, "evidence": null, "height_is_metric": false}}, {"type": "Feature", "geometry": {"type": "Polygon", "coordinates": [[[700102.8635277175, 2795382.071075508], [700099.533284078, 2795380.6337883715], [700101.4954210297, 2795376.0143531915], [700102.1834109761, 2795377.594517637], [700104.9826099917, 2795378.7834936534], [700103.9400816909, 2795379.536544348], [700102.8635277175, 2795382.071075508]]]}, "properties": {"id": 510, "height_m": 14.14, "interval_half_width_m": null, "coverage_nominal": null, "area_m2": 6.1, "perimeter_m": 13.9, "size_class": "tiny", "confidence": 0.659, "provenance": "INFERRED", "evidence": {"height": 1.0, "edge": 0.037, "texture": 1.0, "shadow": 0.0}, "height_is_metric": false}}, {"type": "Feature", "geometry": {"type": "Polygon", "coordinates": [[[700096.6669186897, 2795382.6092304294], [700090.1024356853, 2795381.295046041], [700090.481051399, 2795379.4123735297], [700094.083408871, 2795378.189005645], [700093.7373235313, 2795379.9685025513], [700095.9294313075, 2795380.409340997], [700096.6669186897, 2795382.6092304294]]]}, "properties": {"id": 285, "height_m": 41.51, "interval_half_width_m": null, "coverage_nominal": null, "area_m2": 33.3, "perimeter_m": 41.8, "size_class": "small", "confidence": 0.837, "provenance": "INFERRED", "evidence": {"height": 1.0, "edge": 0.749, "texture": 1.0, "shadow": 0.0}, "height_is_metric": false}}, {"type": "Feature", "geometry": {"type": "Polygon", "coordinates": [[[700159.5438899572, 2795382.8376754387], [700158.6555910285, 2795379.03842681], [700167.9563484413, 2795376.8839151133], [700166.4162213795, 2795381.2457011864], [700159.5438899572, 2795382.8376754387]]]}, "properties": {"id": 295, "height_m": 2.97, "interval_half_width_m": null, "coverage_nominal": null, "area_m2": 29.8, "perimeter_m": 30.1, "size_class": "small", "confidence": 0.815, "provenance": "INFERRED", "evidence": {"height": 1.0, "edge": 0.661, "texture": 0.997, "shadow": 0.0}, "height_is_metric": false}}, {"type": "Feature", "geometry": {"type": "Polygon", "coordinates": [[[700113.8325806452, 2795380.1889217743], [700112.3326435484, 2795379.688942742], [700111.5826750001, 2795380.9388903226], [700110.8327064516, 2795381.1888798387], [700107.582842742, 2795379.438953226], [700110.3327274193, 2795378.189005645], [700113.8325806452, 2795380.1889217743]]]}, "properties": {"id": 288, "height_m": 12.56, "interval_half_width_m": null, "coverage_nominal": null, "area_m2": 32.1, "perimeter_m": 30.4, "size_class": "small", "confidence": 0.301, "provenance": "INFERRED", "evidence": {"height": 0.053, "edge": 0.688, "texture": 1.0, "shadow": 0.0}, "height_is_metric": false}}, {"type": "Feature", "geometry": {"type": "Polygon", "coordinates": [[[700155.0808508064, 2795381.1888798387], [700151.5809975807, 2795380.4389112904], [700152.080976613, 2795377.689026613], [700153.0809346775, 2795376.6890685484], [700155.3308403227, 2795378.438995161], [700155.0808508064, 2795381.1888798387]]]}, "properties": {"id": 301, "height_m": 6.16, "interval_half_width_m": null, "coverage_nominal": null, "area_m2": 28.0, "perimeter_m": 28.2, "size_class": "small", "confidence": 0.9, "provenance": "INFERRED", "evidence": {"height": 1.0, "edge": 1.0, "texture": 0.997, "shadow": 0.0}, "height_is_metric": false}}, {"type": "Feature", "geometry": {"type": "Polygon", "coordinates": [[[700032.5687156784, 2795385.78472592], [700025.0439457973, 2795384.331509276], [700026.9882307143, 2795374.0508124903], [700036.9393209615, 2795375.9004968824], [700035.6399674938, 2795382.6269603986], [700032.5687156784, 2795385.78472592]]]}, "properties": {"id": 477, "height_m": 29.28, "interval_half_width_m": null, "coverage_nominal": null, "area_m2": null, "perimeter_m": null, "size_class": null, "confidence": null, "provenance": null, "evidence": null, "height_is_metric": false}}, {"type": "Feature", "geometry": {"type": "Polygon", "coordinates": [[[700104.0829895162, 2795377.1890475806], [700105.8302306948, 2795376.383722467], [700109.5364656463, 2795376.2220471185], [700109.6310966876, 2795378.9102278403], [700107.3334940681, 2795378.9901195094], [700106.3328951614, 2795380.1889217743], [700104.0829895162, 2795377.1890475806]]]}, "properties": {"id": 478, "height_m": 12.21, "interval_half_width_m": null, "coverage_nominal": null, "area_m2": null, "perimeter_m": null, "size_class": null, "confidence": null, "provenance": null, "evidence": null, "height_is_metric": false}}, {"type": "Feature", "geometry": {"type": "Polygon", "coordinates": [[[700151.6667788953, 2795379.1910998505], [700149.4725044621, 2795380.7028162386], [700145.6050519063, 2795379.4173476864], [700148.8073101905, 2795377.2106531197], [700150.1038561588, 2795376.9230064917], [700151.6667788953, 2795379.1910998505]]]}, "properties": {"id": 479, "height_m": 5.99, "interval_half_width_m": null, "coverage_nominal": null, "area_m2": null, "perimeter_m": null, "size_class": null, "confidence": null, "provenance": null, "evidence": null, "height_is_metric": false}}, {"type": "Feature", "geometry": {"type": "Polygon", "coordinates": [[[700116.0474840961, 2795375.303689636], [700114.4033269733, 2795379.488511694], [700109.8498069979, 2795377.721465438], [700110.5320293639, 2795375.9870716208], [700112.3305074075, 2795376.6945309658], [700113.3326016129, 2795375.439120968], [700116.0474840961, 2795375.303689636]]]}, "properties": {"id": 79, "height_m": 12.84, "interval_half_width_m": null, "coverage_nominal": null, "area_m2": 440.7, "perimeter_m": 135.5, "size_class": "medium", "confidence": 0.742, "provenance": "INFERRED", "evidence": {"height": 1.0, "edge": 0.38, "texture": 0.966, "shadow": 0.0}, "height_is_metric": false}}, {"type": "Feature", "geometry": {"type": "Polygon", "coordinates": [[[700080.3698421344, 2795377.700287127], [700077.0906522621, 2795377.799709227], [700077.1577881185, 2795374.496960772], [700073.7334932474, 2795374.539592041], [700077.6919148886, 2795372.683682324], [700077.7007340988, 2795375.7069014856], [700080.3442694765, 2795375.646692829], [700080.3698421344, 2795377.700287127]]]}, "properties": {"id": 167, "height_m": 38.74, "interval_half_width_m": null, "coverage_nominal": null, "area_m2": 125.9, "perimeter_m": 105.8, "size_class": "medium", "confidence": 0.897, "provenance": "INFERRED", "evidence": {"height": 1.0, "edge": 1.0, "texture": 0.969, "shadow": 0.0}, "height_is_metric": false}}, {"type": "Feature", "geometry": {"type": "Polygon", "coordinates": [[[699814.1723341541, 2795384.846715941], [699814.359498241, 2795378.7529468387], [699819.6625366494, 2795379.1631469214], [699819.8168957155, 2795368.977722019], [699827.6103082001, 2795369.1135195466], [699820.8122534481, 2795383.6228597956], [699828.4802820919, 2795385.0960340984], [699814.1723341541, 2795384.846715941]]]}, "properties": {"id": 482, "height_m": 15.92, "interval_half_width_m": null, "coverage_nominal": null, "area_m2": null, "perimeter_m": null, "size_class": null, "confidence": null, "provenance": null, "evidence": null, "height_is_metric": false}}, {"type": "Feature", "geometry": {"type": "Polygon", "coordinates": [[[699934.3401080646, 2795380.6889008065], [699928.5903491935, 2795379.1889637094], [699929.5903072581, 2795374.189173387], [699932.5901814516, 2795379.688942742], [699935.0900766129, 2795377.1890475806], [699934.3401080646, 2795380.6889008065]]]}, "properties": {"id": 483, "height_m": 8.5, "interval_half_width_m": null, "coverage_nominal": null, "area_m2": null, "perimeter_m": null, "size_class": null, "confidence": null, "provenance": null, "evidence": null, "height_is_metric": false}}, {"type": "Feature", "geometry": {"type": "Polygon", "coordinates": [[[700019.0592724616, 2795381.981082944], [700016.8721998747, 2795373.7404007036], [700012.3166353073, 2795370.086440171], [700015.3743073699, 2795366.333728897], [700023.2834300288, 2795372.84670039], [700023.8636364095, 2795376.146854959], [700019.0592724616, 2795381.981082944]]]}, "properties": {"id": 484, "height_m": 26.19, "interval_half_width_m": null, "coverage_nominal": null, "area_m2": null, "perimeter_m": null, "size_class": null, "confidence": null, "provenance": null, "evidence": null, "height_is_metric": false}}, {"type": "Feature", "geometry": {"type": "Polygon", "coordinates": [[[699996.932209687, 2795378.081771373], [699962.6920684755, 2795373.0391666833], [699974.3384306452, 2795368.689404032], [699970.3385983871, 2795359.6897814516], [699975.864138756, 2795356.7706839], [699974.1948667195, 2795367.274515859], [699998.0073599105, 2795370.7807775075], [699996.932209687, 2795378.081771373]]]}, "properties": {"id": 160, "height_m": 20.57, "interval_half_width_m": null, "coverage_nominal": null, "area_m2": 134.8, "perimeter_m": 58.8, "size_class": "medium", "confidence": 0.863, "provenance": "INFERRED", "evidence": {"height": 1.0, "edge": 0.853, "texture": 1.0, "shadow": 0.0}, "height_is_metric": false}}, {"type": "Feature", "geometry": {"type": "Polygon", "coordinates": [[[700025.8362709677, 2795376.9390580645], [700013.0868056451, 2795361.189718548], [700026.8362290323, 2795359.9397709677], [700025.8362709677, 2795376.9390580645]]]}, "properties": {"id": 486, "height_m": 26.44, "interval_half_width_m": null, "coverage_nominal": null, "area_m2": null, "perimeter_m": null, "size_class": null, "confidence": null, "provenance": null, "evidence": null, "height_is_metric": false}}, {"type": "Feature", "geometry": {"type": "Polygon", "coordinates": [[[699813.8823759162, 2795377.5232010474], [699813.1220547135, 2795375.831194369], [699810.8414344141, 2795376.424644823], [699810.626019864, 2795375.076556827], [699814.5644075554, 2795374.0517584956], [699813.2849583433, 2795375.2273073406], [699813.8823759162, 2795377.5232010474]]]}, "properties": {"id": 487, "height_m": 15.34, "interval_half_width_m": null, "coverage_nominal": null, "area_m2": null, "perimeter_m": null, "size_class": null, "confidence": null, "provenance": null, "evidence": null, "height_is_metric": false}}, {"type": "Feature", "geometry": {"type": "Polygon", "coordinates": [[[700077.5841008065, 2795375.689110484], [700078.3340693549, 2795372.439246774], [700085.8337548388, 2795373.4392048386], [700080.8339645162, 2795376.189089516], [700077.5841008065, 2795375.689110484]]]}, "properties": {"id": 488, "height_m": 39.44, "interval_half_width_m": null, "coverage_nominal": null, "area_m2": null, "perimeter_m": null, "size_class": null, "confidence": null, "provenance": null, "evidence": null, "height_is_metric": false}}, {"type": "Feature", "geometry": {"type": "Polygon", "coordinates": [[[700107.0326949152, 2795375.583859771], [700107.6624292481, 2795370.8603640134], [700112.2623339971, 2795371.412403851], [700111.897084422, 2795374.2661354914], [700112.8090945147, 2795376.3232086473], [700107.0326949152, 2795375.583859771]]]}, "properties": {"id": 489, "height_m": 12.87, "interval_half_width_m": null, "coverage_nominal": null, "area_m2": null, "perimeter_m": null, "size_class": null, "confidence": null, "provenance": null, "evidence": null, "height_is_metric": false}}, {"type": "Feature", "geometry": {"type": "Polygon", "coordinates": [[[700117.4378371655, 2795376.9883724027], [700116.1851126017, 2795375.4274332253], [700112.2326111224, 2795373.7020417163], [700113.040591154, 2795371.656991982], [700116.6218923801, 2795373.220372463], [700119.2269467055, 2795372.889911468], [700117.4378371655, 2795376.9883724027]]]}, "properties": {"id": 490, "height_m": 13.17, "interval_half_width_m": null, "coverage_nominal": null, "area_m2": null, "perimeter_m": null, "size_class": null, "confidence": null, "provenance": null, "evidence": null, "height_is_metric": false}}, {"type": "Feature", "geometry": {"type": "Polygon", "coordinates": [[[700132.4138326488, 2795375.90043585], [700130.5993030322, 2795374.905726589], [700130.7769078886, 2795371.816836353], [700132.1367751759, 2795369.3118144535], [700133.9249081943, 2795369.6756297625], [700136.7384498701, 2795371.203031528], [700133.9822788353, 2795373.0113053033], [700132.4138326488, 2795375.90043585]]]}, "properties": {"id": 491, "height_m": 14.52, "interval_half_width_m": null, "coverage_nominal": null, "area_m2": null, "perimeter_m": null, "size_class": null, "confidence": null, "provenance": null, "evidence": null, "height_is_metric": false}}, {"type": "Feature", "geometry": {"type": "Polygon", "coordinates": [[[699813.0230064382, 2795373.2961139157], [699810.2049864957, 2795377.212423065], [699801.6078586321, 2795370.9940559166], [699810.5456323051, 2795371.5042273924], [699813.0230064382, 2795373.2961139157]]]}, "properties": {"id": 492, "height_m": 15.24, "interval_half_width_m": null, "coverage_nominal": null, "area_m2": null, "perimeter_m": null, "size_class": null, "confidence": null, "provenance": null, "evidence": null, "height_is_metric": false}}, {"type": "Feature", "geometry": {"type": "Polygon", "coordinates": [[[699933.8750549358, 2795379.4437442846], [699931.6898591012, 2795378.84535019], [699932.9454827134, 2795374.5366624766], [699929.5910243911, 2795373.614185293], [699931.105487246, 2795368.095923062], [699936.5841850967, 2795369.5992474677], [699933.8750549358, 2795379.4437442846]]]}, "properties": {"id": 493, "height_m": 8.36, "interval_half_width_m": null, "coverage_nominal": null, "area_m2": null, "perimeter_m": null, "size_class": null, "confidence": null, "provenance": null, "evidence": null, "height_is_metric": false}}, {"type": "Feature", "geometry": {"type": "Polygon", "coordinates": [[[699792.9254567875, 2795374.913721859], [699793.7211730815, 2795372.7934494494], [699794.0287239655, 2795371.423023523], [699795.7429960984, 2795371.8892210126], [699794.8115623818, 2795375.426639802], [699792.9254567875, 2795374.913721859]]]}, "properties": {"id": 494, "height_m": 14.73, "interval_half_width_m": null, "coverage_nominal": null, "area_m2": null, "perimeter_m": null, "size_class": null, "confidence": null, "provenance": null, "evidence": null, "height_is_metric": false}}, {"type": "Feature", "geometry": {"type": "Polygon", "coordinates": [[[700123.5764041939, 2795374.6142959394], [700123.5388996631, 2795371.703742951], [700125.3318237404, 2795371.6562595908], [700126.3940960862, 2795369.4369312767], [700126.5693206714, 2795374.5350145963], [700123.5764041939, 2795374.6142959394]]]}, "properties": {"id": 495, "height_m": 13.88, "interval_half_width_m": null, "coverage_nominal": null, "area_m2": null, "perimeter_m": null, "size_class": null, "confidence": null, "provenance": null, "evidence": null, "height_is_metric": false}}, {"type": "Feature", "geometry": {"type": "Polygon", "coordinates": [[[699942.839751613, 2795373.4392048386], [699942.0897830646, 2795373.939183871], [699937.0899927419, 2795372.9392258064], [699936.3400241936, 2795372.439246774], [699936.5900137097, 2795370.6893201615], [699937.339982258, 2795369.9393516127], [699943.0897411291, 2795371.1892991937], [699942.839751613, 2795373.4392048386]]]}, "properties": {"id": 132, "height_m": 3.17, "interval_half_width_m": null, "coverage_nominal": null, "area_m2": 198.0, "perimeter_m": 71.2, "size_class": "medium", "confidence": 0.857, "provenance": "INFERRED", "evidence": {"height": 1.0, "edge": 0.83, "texture": 0.999, "shadow": 0.0}, "height_is_metric": false}}, {"type": "Feature", "geometry": {"type": "Polygon", "coordinates": [[[700040.5811360072, 2795375.5357660847], [700024.5656943695, 2795372.1447034623], [700027.1131339236, 2795360.129216148], [700033.3341865063, 2795361.448161079], [700040.5811360072, 2795375.5357660847]]]}, "properties": {"id": 497, "height_m": 29.12, "interval_half_width_m": null, "coverage_nominal": null, "area_m2": null, "perimeter_m": null, "size_class": null, "confidence": null, "provenance": null, "evidence": null, "height_is_metric": false}}, {"type": "Feature", "geometry": {"type": "Polygon", "coordinates": [[[700103.2365589486, 2795373.031842772], [700095.0490360998, 2795371.078128319], [700097.0764474138, 2795369.468485129], [700103.7206695058, 2795370.928751038], [700103.2365589486, 2795373.031842772]]]}, "properties": {"id": 177, "height_m": 42.42, "interval_half_width_m": null, "coverage_nominal": null, "area_m2": 105.3, "perimeter_m": 76.4, "size_class": "small", "confidence": 0.9, "provenance": "INFERRED", "evidence": {"height": 1.0, "edge": 1.0, "texture": 0.998, "shadow": 0.0}, "height_is_metric": false}}, {"type": "Feature", "geometry": {"type": "Polygon", "coordinates": [[[700122.8679072949, 2795372.8535055243], [700118.8664271567, 2795372.5317111583], [700119.0456188606, 2795370.2756107044], [700123.0491741071, 2795370.5963064837], [700122.8679072949, 2795372.8535055243]]]}, "properties": {"id": 499, "height_m": 13.58, "interval_half_width_m": null, "coverage_nominal": null, "area_m2": null, "perimeter_m": null, "size_class": null, "confidence": null, "provenance": null, "evidence": null, "height_is_metric": false}}, {"type": "Feature", "geometry": {"type": "Polygon", "coordinates": [[[699795.8039981787, 2795374.9350527516], [699796.3608481475, 2795371.9903520253], [699796.622845827, 2795369.642336481], [699797.6693107303, 2795371.410603389], [699797.2723852375, 2795374.967827256], [699795.8039981787, 2795374.9350527516]]]}, "properties": {"id": 500, "height_m": 14.81, "interval_half_width_m": null, "coverage_nominal": null, "area_m2": null, "perimeter_m": null, "size_class": null, "confidence": null, "provenance": null, "evidence": null, "height_is_metric": false}}, {"type": "Feature", "geometry": {"type": "Polygon", "coordinates": [[[699964.3388500001, 2795374.439162903], [699947.3395629033, 2795369.9393516127], [699947.8395419355, 2795364.689571774], [699962.0889443549, 2795368.439414516], [699963.5888814516, 2795365.1895508063], [699964.3388500001, 2795374.439162903]]]}, "properties": {"id": 104, "height_m": 13.62, "interval_half_width_m": null, "coverage_nominal": null, "area_m2": 282.8, "perimeter_m": 129.9, "size_class": "medium", "confidence": 0.893, "provenance": "INFERRED", "evidence": {"height": 1.0, "edge": 0.972, "texture": 0.999, "shadow": 0.0}, "height_is_metric": false}}, {"type": "Feature", "geometry": {"type": "Polygon", "coordinates": [[[700092.7874121962, 2795374.0881949556], [700082.8799297394, 2795372.5402252055], [700086.2876847768, 2795368.6666083573], [700091.3795732878, 2795369.4621682554], [700092.7874121962, 2795374.0881949556]]]}, "properties": {"id": 502, "height_m": 40.71, "interval_half_width_m": null, "coverage_nominal": null, "area_m2": null, "perimeter_m": null, "size_class": null, "confidence": null, "provenance": null, "evidence": null, "height_is_metric": false}}, {"type": "Feature", "geometry": {"type": "Polygon", "coordinates": [[[699915.0141210578, 2795370.296636434], [699915.0084755427, 2795368.131260935], [699921.8186452652, 2795369.1253293543], [699919.840716129, 2795371.939267742], [699918.5907685484, 2795370.9393096776], [699914.7721725863, 2795371.9541596957], [699915.0141210578, 2795370.296636434]]]}, "properties": {"id": 503, "height_m": 5.82, "interval_half_width_m": null, "coverage_nominal": null, "area_m2": null, "perimeter_m": null, "size_class": null, "confidence": null, "provenance": null, "evidence": null, "height_is_metric": false}}, {"type": "Feature", "geometry": {"type": "Polygon", "coordinates": [[[699929.6094104609, 2795371.773472693], [699927.4140221827, 2795371.226895273], [699925.042448056, 2795371.064273919], [699925.266330879, 2795367.8966516335], [699929.8697755184, 2795368.2354130615], [699929.6094104609, 2795371.773472693]]]}, "properties": {"id": 504, "height_m": 7.24, "interval_half_width_m": null, "coverage_nominal": null, "area_m2": null, "perimeter_m": null, "size_class": null, "confidence": null, "provenance": null, "evidence": null, "height_is_metric": false}}, {"type": "Feature", "geometry": {"type": "Polygon", "coordinates": [[[699795.8459161291, 2795371.689278226], [699793.846, 2795368.9393935483], [699794.0959895161, 2795368.689404032], [699794.8459580645, 2795368.689404032], [699796.0959056452, 2795369.1893830644], [699796.0959056452, 2795371.43928871], [699795.8459161291, 2795371.689278226]]]}, "properties": {"id": 505, "height_m": 14.54, "interval_half_width_m": null, "coverage_nominal": null, "area_m2": null, "perimeter_m": null, "size_class": null, "confidence": null, "provenance": null, "evidence": null, "height_is_metric": false}}, {"type": "Feature", "geometry": {"type": "Polygon", "coordinates": [[[700117.9098937848, 2795368.4333112566], [700118.9360653496, 2795366.576455534], [700120.9785822311, 2795367.5524888206], [700120.0823185485, 2795368.689404032], [700120.3323080646, 2795369.4393725805], [700119.5048586347, 2795369.1954863244], [700117.9098937848, 2795368.4333112566]]]}, "properties": {"id": 506, "height_m": 13.43, "interval_half_width_m": null, "coverage_nominal": null, "area_m2": null, "perimeter_m": null, "size_class": null, "confidence": null, "provenance": null, "evidence": null, "height_is_metric": false}}, {"type": "Feature", "geometry": {"type": "Polygon", "coordinates": [[[699819.1062321594, 2795372.000056208], [699801.6515427133, 2795372.092306978], [699801.3929399719, 2795364.1845575524], [699818.9805202683, 2795363.7308107126], [699819.1062321594, 2795372.000056208]]]}, "properties": {"id": 507, "height_m": 15.11, "interval_half_width_m": null, "coverage_nominal": null, "area_m2": null, "perimeter_m": null, "size_class": null, "confidence": null, "provenance": null, "evidence": null, "height_is_metric": false}}, {"type": "Feature", "geometry": {"type": "Polygon", "coordinates": [[[699946.0896153226, 2795370.439330645], [699935.5900556452, 2795369.6893620966], [699936.3400241936, 2795363.6896137097], [699946.839583871, 2795364.689571774], [699946.0896153226, 2795370.439330645]]]}, "properties": {"id": 508, "height_m": 9.96, "interval_half_width_m": null, "coverage_nominal": null, "area_m2": null, "perimeter_m": null, "size_class": null, "confidence": null, "provenance": null, "evidence": null, "height_is_metric": false}}, {"type": "Feature", "geometry": {"type": "Polygon", "coordinates": [[[699799.3983870823, 2795369.187826733], [699803.8668428761, 2795358.7460038923], [699808.1340665694, 2795360.5709700827], [699806.2329316981, 2795365.0037065493], [699801.3456854839, 2795365.6895298385], [699801.3456854839, 2795368.9393935483], [699799.3983870823, 2795369.187826733]]]}, "properties": {"id": 509, "height_m": 14.51, "interval_half_width_m": null, "coverage_nominal": null, "area_m2": null, "perimeter_m": null, "size_class": null, "confidence": null, "provenance": null, "evidence": null, "height_is_metric": false}}, {"type": "Feature", "geometry": {"type": "Polygon", "coordinates": [[[699796.1906511225, 2795367.110429723], [699798.3478558824, 2795363.829378356], [699798.8457903226, 2795364.689571774], [699800.4253062964, 2795364.334972387], [699797.9194528279, 2795368.233307437], [699796.1906511225, 2795367.110429723]]]}, "properties": {"id": 510, "height_m": 14.38, "interval_half_width_m": null, "coverage_nominal": null, "area_m2": null, "perimeter_m": null, "size_class": null, "confidence": null, "provenance": null, "evidence": null, "height_is_metric": false}}, {"type": "Feature", "geometry": {"type": "Polygon", "coordinates": [[[699914.6661589658, 2795365.037030347], [699934.5148749052, 2795365.5920607815], [699933.5958155476, 2795367.558470015], [699924.757486862, 2795367.277292842], [699924.6678604936, 2795370.482480691], [699914.6661589658, 2795365.037030347]]]}, "properties": {"id": 511, "height_m": 7.63, "interval_half_width_m": null, "coverage_nominal": null, "area_m2": null, "perimeter_m": null, "size_class": null, "confidence": null, "provenance": null, "evidence": null, "height_is_metric": false}}, {"type": "Feature", "geometry": {"type": "Polygon", "coordinates": [[[699912.8576563182, 2795373.6138801305], [699903.1566471362, 2795372.502629126], [699897.9673506008, 2795361.7584202844], [699905.383711332, 2795358.1330840397], [699912.8576563182, 2795373.6138801305]]]}, "properties": {"id": 173, "height_m": 4.36, "interval_half_width_m": null, "coverage_nominal": null, "area_m2": 112.4, "perimeter_m": 76.1, "size_class": "small", "confidence": 0.9, "provenance": "INFERRED", "evidence": {"height": 1.0, "edge": 1.0, "texture": 0.996, "shadow": 0.0}, "height_is_metric": false}}, {"type": "Feature", "geometry": {"type": "Polygon", "coordinates": [[[699817.095025, 2795369.9393516127], [699818.0949830646, 2795361.6896975804], [699824.0947314516, 2795362.6896556453], [699825.8446580645, 2795357.939854839], [699823.8447419355, 2795370.6893201615], [699817.095025, 2795369.9393516127]]]}, "properties": {"id": 513, "height_m": 15.23, "interval_half_width_m": null, "coverage_nominal": null, "area_m2": null, "perimeter_m": null, "size_class": null, "confidence": null, "provenance": null, "evidence": null, "height_is_metric": false}}, {"type": "Feature", "geometry": {"type": "Polygon", "coordinates": [[[700039.5182228192, 2795376.6648691236], [700042.8460556712, 2795359.4248389495], [700050.3247459418, 2795364.70452476], [700060.8348032258, 2795357.939854839], [700059.4052977457, 2795369.309098503], [700049.332325403, 2795383.5932589862], [700039.5182228192, 2795376.6648691236]]]}, "properties": {"id": 365, "height_m": 33.34, "interval_half_width_m": null, "coverage_nominal": null, "area_m2": 16.3, "perimeter_m": 31.4, "size_class": "tiny", "confidence": 0.9, "provenance": "INFERRED", "evidence": {"height": 1.0, "edge": 1.0, "texture": 0.995, "shadow": 0.0}, "height_is_metric": false}}, {"type": "Feature", "geometry": {"type": "Polygon", "coordinates": [[[699796.0415103433, 2795366.989463116], [699791.4207019301, 2795364.297589922], [699794.4755703078, 2795359.2248046137], [699795.8459161291, 2795363.1896346775], [699798.4460039269, 2795362.9966496066], [699796.0415103433, 2795366.989463116]]]}, "properties": {"id": 515, "height_m": 14.16, "interval_half_width_m": null, "coverage_nominal": null, "area_m2": null, "perimeter_m": null, "size_class": null, "confidence": null, "provenance": null, "evidence": null, "height_is_metric": false}}, {"type": "Feature", "geometry": {"type": "Polygon", "coordinates": [[[699801.8618915578, 2795364.6421189304], [699798.5236831644, 2795363.563123653], [699799.7367975729, 2795359.7438563323], [699803.7604401727, 2795361.059597052], [699803.8455806451, 2795362.6896556453], [699801.8618915578, 2795364.6421189304]]]}, "properties": {"id": 516, "height_m": 14.24, "interval_half_width_m": null, "coverage_nominal": null, "area_m2": null, "perimeter_m": null, "size_class": null, "confidence": null, "provenance": null, "evidence": null, "height_is_metric": false}}, {"type": "Feature", "geometry": {"type": "Polygon", "coordinates": [[[699840.120251097, 2795367.059955765], [699827.9008996512, 2795363.736822423], [699828.5961601058, 2795360.5044445526], [699833.7334721269, 2795361.9000159088], [699834.8748122017, 2795357.6979216253], [699841.0902040111, 2795363.488846983], [699840.120251097, 2795367.059955765]]]}, "properties": {"id": 517, "height_m": 16.05, "interval_half_width_m": null, "coverage_nominal": null, "area_m2": null, "perimeter_m": null, "size_class": null, "confidence": null, "provenance": null, "evidence": null, "height_is_metric": false}}, {"type": "Feature", "geometry": {"type": "Polygon", "coordinates": [[[700069.0434433531, 2795375.013174475], [700064.1111855988, 2795375.66622326], [700060.8348032258, 2795371.689278226], [700066.5990573385, 2795359.1386571033], [700069.0434433531, 2795375.013174475]]]}, "properties": {"id": 414, "height_m": 35.98, "interval_half_width_m": null, "coverage_nominal": null, "area_m2": 10.6, "perimeter_m": 18.6, "size_class": "tiny", "confidence": 0.9, "provenance": "INFERRED", "evidence": {"height": 1.0, "edge": 1.0, "texture": 1.0, "shadow": 0.0}, "height_is_metric": false}}, {"type": "Feature", "geometry": {"type": "Polygon", "coordinates": [[[700060.6461819857, 2795364.1469004406], [700059.3061502923, 2795361.548254538], [700059.8348451613, 2795359.6897814516], [700060.6408416335, 2795361.060085313], [700063.4087309269, 2795359.6243850244], [700064.671922581, 2795362.0688625877], [700060.6461819857, 2795364.1469004406]]]}, "properties": {"id": 98, "height_m": 34.34, "interval_half_width_m": null, "coverage_nominal": null, "area_m2": 316.3, "perimeter_m": 235.8, "size_class": "medium", "confidence": 0.898, "provenance": "INFERRED", "evidence": {"height": 1.0, "edge": 0.998, "texture": 0.988, "shadow": 0.0}, "height_is_metric": false}}, {"type": "Feature", "geometry": {"type": "Polygon", "coordinates": [[[699798.8457903226, 2795362.6896556453], [699795.8459161291, 2795362.439666129], [699794.0959895161, 2795359.1898024194], [699798.8457903226, 2795359.6897814516], [699798.8457903226, 2795362.6896556453]]]}, "properties": {"id": 520, "height_m": 13.97, "interval_half_width_m": null, "coverage_nominal": null, "area_m2": null, "perimeter_m": null, "size_class": null, "confidence": null, "provenance": null, "evidence": null, "height_is_metric": false}}, {"type": "Feature", "geometry": {"type": "Polygon", "coordinates": [[[699846.0076995061, 2795363.166289709], [699839.1042033142, 2795363.2510945024], [699839.084146477, 2795361.1594463806], [699843.3319389174, 2795357.439936839], [699843.3055346903, 2795360.3283349946], [699845.9801509178, 2795360.293302284], [699846.0076995061, 2795363.166289709]]]}, "properties": {"id": 521, "height_m": 16.44, "interval_half_width_m": null, "coverage_nominal": null, "area_m2": null, "perimeter_m": null, "size_class": null, "confidence": null, "provenance": null, "evidence": null, "height_is_metric": false}}, {"type": "Feature", "geometry": {"type": "Polygon", "coordinates": [[[699943.8397096775, 2795362.189676613], [699937.2011483588, 2795357.9447679627], [699931.086979111, 2795361.732725561], [699925.4825998853, 2795352.6421338953], [699936.1479088373, 2795352.6580328867], [699942.531887937, 2795348.7222848553], [699943.8397096775, 2795362.189676613]]]}, "properties": {"id": 522, "height_m": 8.78, "interval_half_width_m": null, "coverage_nominal": null, "area_m2": null, "perimeter_m": null, "size_class": null, "confidence": null, "provenance": null, "evidence": null, "height_is_metric": false}}, {"type": "Feature", "geometry": {"type": "Polygon", "coordinates": [[[700055.7401377317, 2795362.973274122], [700047.9770355604, 2795363.4976051603], [700042.9120929408, 2795359.1779315793], [700042.2112861491, 2795351.504730423], [700054.836000844, 2795350.5457862634], [700055.7401377317, 2795362.973274122]]]}, "properties": {"id": 48, "height_m": 31.86, "interval_half_width_m": null, "coverage_nominal": null, "area_m2": 884.1, "perimeter_m": 224.4, "size_class": "large", "confidence": 0.899, "provenance": "INFERRED", "evidence": {"height": 1.0, "edge": 1.0, "texture": 0.991, "shadow": 0.0}, "height_is_metric": false}}, {"type": "Feature", "geometry": {"type": "Polygon", "coordinates": [[[700086.8378631198, 2795362.5555365137], [700087.3336919355, 2795361.189718548], [700089.8269345438, 2795359.8775482355], [700091.6628560855, 2795360.0370569266], [700089.9660278317, 2795360.1569859795], [700090.1242548387, 2795362.321507022], [700086.8378631198, 2795362.5555365137]]]}, "properties": {"id": 524, "height_m": 10.41, "interval_half_width_m": null, "coverage_nominal": null, "area_m2": null, "perimeter_m": null, "size_class": null, "confidence": null, "provenance": null, "evidence": null, "height_is_metric": false}}, {"type": "Feature", "geometry": {"type": "Polygon", "coordinates": [[[699815.3450983871, 2795358.9398129033], [699810.7481537191, 2795362.131207385], [699797.7950378795, 2795356.2992681228], [699798.9846623674, 2795353.6591505706], [699809.976823762, 2795358.6172556295], [699811.7228061432, 2795354.742570711], [699815.3450983871, 2795358.9398129033]]]}, "properties": {"id": 525, "height_m": 14.32, "interval_half_width_m": null, "coverage_nominal": null, "area_m2": null, "perimeter_m": null, "size_class": null, "confidence": null, "provenance": null, "evidence": null, "height_is_metric": false}}, {"type": "Feature", "geometry": {"type": "Polygon", "coordinates": [[[699829.4510589461, 2795359.9568295786], [699830.2370367266, 2795355.3157888595], [699834.6012717324, 2795356.0458912975], [699833.83822695, 2795360.690868619], [699829.4510589461, 2795359.9568295786]]]}, "properties": {"id": 526, "height_m": 15.29, "interval_half_width_m": null, "coverage_nominal": null, "area_m2": null, "perimeter_m": null, "size_class": null, "confidence": null, "provenance": null, "evidence": null, "height_is_metric": false}}, {"type": "Feature", "geometry": {"type": "Polygon", "coordinates": [[[699843.0939346774, 2795357.18988629], [699838.344133871, 2795360.939729032], [699832.3443854839, 2795354.689991129], [699843.0939346774, 2795357.18988629]]]}, "properties": {"id": 527, "height_m": 15.88, "interval_half_width_m": null, "coverage_nominal": null, "area_m2": null, "perimeter_m": null, "size_class": null, "confidence": null, "provenance": null, "evidence": null, "height_is_metric": false}}, {"type": "Feature", "geometry": {"type": "Polygon", "coordinates": [[[700040.4921199649, 2795370.6866652435], [700035.2048355956, 2795369.3379669213], [700032.3359983871, 2795355.1899701613], [700037.835767742, 2795349.4402112905], [700044.3100750848, 2795355.5440202546], [700040.4921199649, 2795370.6866652435]]]}, "properties": {"id": 528, "height_m": 29.15, "interval_half_width_m": null, "coverage_nominal": null, "area_m2": null, "perimeter_m": null, "size_class": null, "confidence": null, "provenance": null, "evidence": null, "height_is_metric": false}}, {"type": "Feature", "geometry": {"type": "Polygon", "coordinates": [[[699810.1254457639, 2795357.737989525], [699800.6932012506, 2795355.3628755077], [699802.1852651424, 2795349.392422767], [699811.6280148915, 2795351.7668654257], [699810.1254457639, 2795357.737989525]]]}, "properties": {"id": 529, "height_m": 13.93, "interval_half_width_m": null, "coverage_nominal": null, "area_m2": null, "perimeter_m": null, "size_class": null, "confidence": null, "provenance": null, "evidence": null, "height_is_metric": false}}, {"type": "Feature", "geometry": {"type": "Polygon", "coordinates": [[[700054.2050458592, 2795357.419368854], [700054.434345325, 2795350.353777714], [700060.2962210762, 2795350.411880746], [700060.1541982236, 2795357.5750630083], [700054.2050458592, 2795357.419368854]]]}, "properties": {"id": 530, "height_m": 32.83, "interval_half_width_m": null, "coverage_nominal": null, "area_m2": null, "perimeter_m": null, "size_class": null, "confidence": null, "provenance": null, "evidence": null, "height_is_metric": false}}, {"type": "Feature", "geometry": {"type": "Polygon", "coordinates": [[[699843.9200032449, 2795353.8864054442], [699840.0218131476, 2795356.616698658], [699831.9638548725, 2795354.854870689], [699832.7210710418, 2795351.402073595], [699843.9200032449, 2795353.8864054442]]]}, "properties": {"id": 17, "height_m": 15.79, "interval_half_width_m": null, "coverage_nominal": null, "area_m2": 1658.7, "perimeter_m": 437.5, "size_class": "large", "confidence": 0.898, "provenance": "INFERRED", "evidence": {"height": 1.0, "edge": 1.0, "texture": 0.98, "shadow": 0.0}, "height_is_metric": false}}, {"type": "Feature", "geometry": {"type": "Polygon", "coordinates": [[[699910.974724419, 2795354.7155943033], [699907.4486119184, 2795354.225136356], [699908.4762482655, 2795346.45580886], [699909.5957539289, 2795348.9005000377], [699911.7103808234, 2795349.153724281], [699910.974724419, 2795354.7155943033]]]}, "properties": {"id": 41, "height_m": 3.95, "interval_half_width_m": null, "coverage_nominal": null, "area_m2": 991.0, "perimeter_m": 310.1, "size_class": "large", "confidence": 0.898, "provenance": "INFERRED", "evidence": {"height": 1.0, "edge": 1.0, "texture": 0.984, "shadow": 0.0}, "height_is_metric": false}}, {"type": "Feature", "geometry": {"type": "Polygon", "coordinates": [[[699927.9046327114, 2795365.9507493526], [699913.0825919533, 2795364.4025659882], [699914.6344983062, 2795349.7274612067], [699918.3407790323, 2795347.6902846773], [699928.990936642, 2795355.678475065], [699927.9046327114, 2795365.9507493526]]]}, "properties": {"id": 533, "height_m": 6.49, "interval_half_width_m": null, "coverage_nominal": null, "area_m2": null, "perimeter_m": null, "size_class": null, "confidence": null, "provenance": null, "evidence": null, "height_is_metric": false}}, {"type": "Feature", "geometry": {"type": "Polygon", "coordinates": [[[699967.2911492845, 2795355.8787535313], [699961.5639877324, 2795355.0961020277], [699959.829044622, 2795350.0123918843], [699967.9212498129, 2795351.022969621], [699967.2911492845, 2795355.8787535313]]]}, "properties": {"id": 534, "height_m": 12.92, "interval_half_width_m": null, "coverage_nominal": null, "area_m2": null, "perimeter_m": null, "size_class": null, "confidence": null, "provenance": null, "evidence": null, "height_is_metric": false}}, {"type": "Feature", "geometry": {"type": "Polygon", "coordinates": [[[700031.6432478982, 2795353.4993061996], [700025.1205722224, 2795353.5168530713], [700029.0861346774, 2795351.190137903], [700027.5861975807, 2795349.9401903227], [700031.49451146, 2795346.304295439], [700031.6432478982, 2795353.4993061996]]]}, "properties": {"id": 239, "height_m": 25.71, "interval_half_width_m": null, "coverage_nominal": null, "area_m2": 57.8, "perimeter_m": 50.0, "size_class": "small", "confidence": 0.9, "provenance": "INFERRED", "evidence": {"height": 1.0, "edge": 1.0, "texture": 0.999, "shadow": 0.0}, "height_is_metric": false}}, {"type": "Feature", "geometry": {"type": "Polygon", "coordinates": [[[699850.240310088, 2795355.1461487566], [699833.1722774002, 2795350.556070256], [699836.3219713605, 2795338.855144945], [699853.3911484096, 2795343.4538900745], [699850.240310088, 2795355.1461487566]]]}, "properties": {"id": 536, "height_m": 16.64, "interval_half_width_m": null, "coverage_nominal": null, "area_m2": null, "perimeter_m": null, "size_class": null, "confidence": null, "provenance": null, "evidence": null, "height_is_metric": false}}, {"type": "Feature", "geometry": {"type": "Polygon", "coordinates": [[[699907.7603816806, 2795339.9049971574], [699925.1701892809, 2795344.475728325], [699923.897507058, 2795350.249015262], [699916.7850276259, 2795348.3817229657], [699912.3410306452, 2795353.6900330647], [699907.7603816806, 2795339.9049971574]]]}, "properties": {"id": 537, "height_m": 5.44, "interval_half_width_m": null, "coverage_nominal": null, "area_m2": null, "perimeter_m": null, "size_class": null, "confidence": null, "provenance": null, "evidence": null, "height_is_metric": false}}, {"type": "Feature", "geometry": {"type": "Polygon", "coordinates": [[[699906.8412612904, 2795350.190179839], [699903.0914185484, 2795349.190221774], [699903.6306873148, 2795345.478707503], [699901.6139567054, 2795343.8411113843], [699904.7966082679, 2795340.151080587], [699911.3121278717, 2795346.0299844327], [699909.3530730661, 2795348.201127512], [699908.3411983871, 2795345.9403580646], [699906.8412612904, 2795350.190179839]]]}, "properties": {"id": 538, "height_m": 3.66, "interval_half_width_m": null, "coverage_nominal": null, "area_m2": null, "perimeter_m": null, "size_class": null, "confidence": null, "provenance": null, "evidence": null, "height_is_metric": false}}, {"type": "Feature", "geometry": {"type": "Polygon", "coordinates": [[[699891.6335555537, 2795351.0084438627], [699892.8427028435, 2795341.266451292], [699898.4489588215, 2795341.7728997795], [699897.1918246525, 2795351.713522936], [699891.6335555537, 2795351.0084438627]]]}, "properties": {"id": 539, "height_m": 2.12, "interval_half_width_m": null, "coverage_nominal": null, "area_m2": null, "perimeter_m": null, "size_class": null, "confidence": null, "provenance": null, "evidence": null, "height_is_metric": false}}, {"type": "Feature", "geometry": {"type": "Polygon", "coordinates": [[[699927.0372069306, 2795353.366041525], [699922.0303978594, 2795348.727197979], [699928.122152886, 2795342.4324485357], [699933.3401500001, 2795341.9405258065], [699934.4217544209, 2795345.735441121], [699927.0372069306, 2795353.366041525]]]}, "properties": {"id": 540, "height_m": 6.62, "interval_half_width_m": null, "coverage_nominal": null, "area_m2": null, "perimeter_m": null, "size_class": null, "confidence": null, "provenance": null, "evidence": null, "height_is_metric": false}}, {"type": "Feature", "geometry": {"type": "Polygon", "coordinates": [[[700056.9049448399, 2795350.6837504483], [700056.5150075795, 2795347.196714068], [700058.2364319698, 2795347.827089243], [700060.5290909489, 2795347.5580575564], [700060.7355642236, 2795349.4009368145], [700057.838377374, 2795349.7248978377], [700056.9049448399, 2795350.6837504483]]]}, "properties": {"id": 541, "height_m": 32.45, "interval_half_width_m": null, "coverage_nominal": null, "area_m2": null, "perimeter_m": null, "size_class": null, "confidence": null, "provenance": null, "evidence": null, "height_is_metric": false}}, {"type": "Feature", "geometry": {"type": "Polygon", "coordinates": [[[699939.7024472697, 2795348.059104659], [699937.5203793559, 2795349.2097216886], [699937.1763843826, 2795352.295194099], [699930.9058038476, 2795351.3299940987], [699931.469211006, 2795346.3909922424], [699936.7660927512, 2795347.606303824], [699939.7024472697, 2795348.059104659]]]}, "properties": {"id": 542, "height_m": 7.5, "interval_half_width_m": null, "coverage_nominal": null, "area_m2": null, "perimeter_m": null, "size_class": null, "confidence": null, "provenance": null, "evidence": null, "height_is_metric": false}}, {"type": "Feature", "geometry": {"type": "Polygon", "coordinates": [[[699829.8838716056, 2795354.452910007], [699830.3399071683, 2795350.701724548], [699823.1542115073, 2795347.8659975235], [699824.2898450342, 2795345.003110993], [699828.1639119977, 2795343.3750359593], [699832.7259994239, 2795345.2596615134], [699834.8539161664, 2795341.923772359], [699829.8838716056, 2795354.452910007]]]}, "properties": {"id": 543, "height_m": 14.68, "interval_half_width_m": null, "coverage_nominal": null, "area_m2": null, "perimeter_m": null, "size_class": null, "confidence": null, "provenance": null, "evidence": null, "height_is_metric": false}}, {"type": "Feature", "geometry": {"type": "Polygon", "coordinates": [[[699950.0429865164, 2795350.434676421], [699935.2256605265, 2795346.8621638888], [699932.2574622507, 2795330.567772768], [699953.582907642, 2795335.647637857], [699950.0429865164, 2795350.434676421]]]}, "properties": {"id": 544, "height_m": 9.1, "interval_half_width_m": null, "coverage_nominal": null, "area_m2": null, "perimeter_m": null, "size_class": null, "confidence": null, "provenance": null, "evidence": null, "height_is_metric": false}}, {"type": "Feature", "geometry": {"type": "Polygon", "coordinates": [[[700034.8358935484, 2795353.440043548], [700031.5860298388, 2795344.1904314514], [700038.0857572581, 2795347.190305645], [700034.8358935484, 2795353.440043548]]]}, "properties": {"id": 545, "height_m": 26.63, "interval_half_width_m": null, "coverage_nominal": null, "area_m2": null, "perimeter_m": null, "size_class": null, "confidence": null, "provenance": null, "evidence": null, "height_is_metric": false}}, {"type": "Feature", "geometry": {"type": "Polygon", "coordinates": [[[700048.005537783, 2795351.5023196354], [700048.4474137833, 2795347.065280371], [700053.9213358334, 2795347.409290602], [700056.0850329357, 2795343.1898020287], [700060.0848041611, 2795343.441134262], [700061.0941917618, 2795346.582329433], [700056.5932208522, 2795346.2993823146], [700056.4488177284, 2795352.0329370312], [700048.005537783, 2795351.5023196354]]]}, "properties": {"id": 546, "height_m": 31.98, "interval_half_width_m": null, "coverage_nominal": null, "area_m2": null, "perimeter_m": null, "size_class": null, "confidence": null, "provenance": null, "evidence": null, "height_is_metric": false}}, {"type": "Feature", "geometry": {"type": "Polygon", "coordinates": [[[699824.4133216065, 2795343.13084454], [699821.2194934497, 2795352.318386486], [699798.7439650641, 2795344.5688030347], [699802.0042348314, 2795335.2437546486], [699824.4133216065, 2795343.13084454]]]}, "properties": {"id": 5, "height_m": 13.93, "interval_half_width_m": null, "coverage_nominal": null, "area_m2": 2965.5, "perimeter_m": 317.8, "size_class": "large", "confidence": 0.89, "provenance": "INFERRED", "evidence": {"height": 1.0, "edge": 0.974, "texture": 0.968, "shadow": 0.0}, "height_is_metric": false}}, {"type": "Feature", "geometry": {"type": "Polygon", "coordinates": [[[699990.94128051, 2795349.370328967], [699988.0562391472, 2795344.986113415], [699990.784884481, 2795343.18443116], [699992.8376548387, 2795342.940483871], [699992.092660447, 2795344.9371042396], [699993.8135355439, 2795347.4738020566], [699990.94128051, 2795349.370328967]]]}, "properties": {"id": 113, "height_m": 17.36, "interval_half_width_m": null, "coverage_nominal": null, "area_m2": 241.1, "perimeter_m": 163.7, "size_class": "medium", "confidence": 0.897, "provenance": "INFERRED", "evidence": {"height": 1.0, "edge": 1.0, "texture": 0.974, "shadow": 0.0}, "height_is_metric": false}}, {"type": "Feature", "geometry": {"type": "Polygon", "coordinates": [[[700046.5976378422, 2795350.192773724], [700038.7313905824, 2795345.2812365363], [700041.4425500772, 2795340.911516226], [700049.3204545629, 2795345.875968675], [700046.5976378422, 2795350.192773724]]]}, "properties": {"id": 549, "height_m": 29.07, "interval_half_width_m": null, "coverage_nominal": null, "area_m2": null, "perimeter_m": null, "size_class": null, "confidence": null, "provenance": null, "evidence": null, "height_is_metric": false}}, {"type": "Feature", "geometry": {"type": "Polygon", "coordinates": [[[700049.3313488814, 2795345.9735597973], [700042.9069051701, 2795342.2257006145], [700045.7407401843, 2795337.027615385], [700052.3624107318, 2795340.5352807837], [700049.3313488814, 2795345.9735597973]]]}, "properties": {"id": 550, "height_m": 29.39, "interval_half_width_m": null, "coverage_nominal": null, "area_m2": null, "perimeter_m": null, "size_class": null, "confidence": null, "provenance": null, "evidence": null, "height_is_metric": false}}, {"type": "Feature", "geometry": {"type": "Polygon", "coordinates": [[[700050.9953110819, 2795345.979785122], [700054.2527123173, 2795340.627073809], [700057.2347649925, 2795342.3880473217], [700054.4677301554, 2795343.8544470067], [700056.1633987898, 2795344.8049381515], [700054.3965051151, 2795347.9882763308], [700050.9953110819, 2795345.979785122]]]}, "properties": {"id": 551, "height_m": 30.9, "interval_half_width_m": null, "coverage_nominal": null, "area_m2": null, "perimeter_m": null, "size_class": null, "confidence": null, "provenance": null, "evidence": null, "height_is_metric": false}}, {"type": "Feature", "geometry": {"type": "Polygon", "coordinates": [[[699982.7645299146, 2795339.0359540125], [699990.1613144403, 2795339.3453282453], [699987.7653577912, 2795340.4354619714], [699987.6746480945, 2795343.2735692672], [699984.0342520565, 2795343.141555761], [699984.1275251225, 2795340.911516226], [699982.7645299146, 2795339.0359540125]]]}, "properties": {"id": 184, "height_m": 15.83, "interval_half_width_m": null, "coverage_nominal": null, "area_m2": 98.5, "perimeter_m": 96.4, "size_class": "small", "confidence": 0.899, "provenance": "INFERRED", "evidence": {"height": 1.0, "edge": 1.0, "texture": 0.99, "shadow": 0.0}, "height_is_metric": false}}, {"type": "Feature", "geometry": {"type": "Polygon", "coordinates": [[[699899.2581289887, 2795345.695739417], [699897.7577494056, 2795344.080908457], [699900.010554099, 2795342.0320747015], [699897.7478926411, 2795339.678291577], [699900.2575835342, 2795337.2595392526], [699904.0174203638, 2795341.1466443045], [699899.2581289887, 2795345.695739417]]]}, "properties": {"id": 553, "height_m": 2.73, "interval_half_width_m": null, "coverage_nominal": null, "area_m2": null, "perimeter_m": null, "size_class": null, "confidence": null, "provenance": null, "evidence": null, "height_is_metric": false}}, {"type": "Feature", "geometry": {"type": "Polygon", "coordinates": [[[699928.6091777497, 2795343.4380826317], [699918.125440773, 2795339.474869932], [699921.6993570549, 2795330.525263564], [699915.818378101, 2795328.190064865], [699918.2364895827, 2795321.4181320644], [699934.8046881907, 2795327.8493198776], [699928.6091777497, 2795343.4380826317]]]}, "properties": {"id": 554, "height_m": 6.87, "interval_half_width_m": null, "coverage_nominal": null, "area_m2": null, "perimeter_m": null, "size_class": null, "confidence": null, "provenance": null, "evidence": null, "height_is_metric": false}}, {"type": "Feature", "geometry": {"type": "Polygon", "coordinates": [[[700052.0851701613, 2795343.9404419353], [700051.585191129, 2795340.6905782255], [700050.3352435484, 2795339.440630645], [700050.0852540323, 2795338.4406725806], [700053.585107258, 2795339.940609677], [700052.0851701613, 2795343.9404419353]]]}, "properties": {"id": 555, "height_m": 29.88, "interval_half_width_m": null, "coverage_nominal": null, "area_m2": null, "perimeter_m": null, "size_class": null, "confidence": null, "provenance": null, "evidence": null, "height_is_metric": false}}, {"type": "Feature", "geometry": {"type": "Polygon", "coordinates": [[[700065.3331497338, 2795341.644914424], [700063.2562409841, 2795339.911802292], [700062.9941364975, 2795339.3447179194], [700064.7574902817, 2795337.173971552], [700066.7522796725, 2795338.80332827], [700066.6644842821, 2795340.015038929], [700065.3331497338, 2795341.644914424]]]}, "properties": {"id": 556, "height_m": 33.38, "interval_half_width_m": null, "coverage_nominal": null, "area_m2": null, "perimeter_m": null, "size_class": null, "confidence": null, "provenance": null, "evidence": null, "height_is_metric": false}}, {"type": "Feature", "geometry": {"type": "Polygon", "coordinates": [[[700058.0664867042, 2795343.43381035], [700056.1574481117, 2795340.670681599], [700060.0695154957, 2795337.929280453], [700062.0460561402, 2795340.728540501], [700058.0664867042, 2795343.43381035]]]}, "properties": {"id": 557, "height_m": 32.0, "interval_half_width_m": null, "coverage_nominal": null, "area_m2": null, "perimeter_m": null, "size_class": null, "confidence": null, "provenance": null, "evidence": null, "height_is_metric": false}}, {"type": "Feature", "geometry": {"type": "Polygon", "coordinates": [[[699998.1265870882, 2795341.9699740345], [699981.610540834, 2795338.1571151363], [699984.6374982424, 2795330.7616428114], [699987.592269347, 2795324.325724972], [699985.3816839523, 2795333.2424042537], [699999.428198762, 2795336.6882741475], [699998.1265870882, 2795341.9699740345]]]}, "properties": {"id": 558, "height_m": 17.55, "interval_half_width_m": null, "coverage_nominal": null, "area_m2": null, "perimeter_m": null, "size_class": null, "confidence": null, "provenance": null, "evidence": null, "height_is_metric": false}}, {"type": "Feature", "geometry": {"type": "Polygon", "coordinates": [[[700053.3716152348, 2795338.864849128], [700053.295843266, 2795335.1912055826], [700054.8350548388, 2795335.940777419], [700056.5634064287, 2795334.410293508], [700056.6065564746, 2795336.471303266], [700058.0876955315, 2795338.766037354], [700053.3716152348, 2795338.864849128]]]}, "properties": {"id": 559, "height_m": 30.74, "interval_half_width_m": null, "coverage_nominal": null, "area_m2": null, "perimeter_m": null, "size_class": null, "confidence": null, "provenance": null, "evidence": null, "height_is_metric": false}}, {"type": "Feature", "geometry": {"type": "Polygon", "coordinates": [[[699889.9419608451, 2795338.2036524913], [699894.647619826, 2795332.8396196314], [699903.513077501, 2795332.0107664517], [699910.9194136282, 2795338.37085129], [699904.523624721, 2795341.2438997477], [699899.7637077617, 2795337.0490073105], [699895.0815158142, 2795342.61716369], [699889.9419608451, 2795338.2036524913]]]}, "properties": {"id": 560, "height_m": 3.3, "interval_half_width_m": null, "coverage_nominal": null, "area_m2": null, "perimeter_m": null, "size_class": null, "confidence": null, "provenance": null, "evidence": null, "height_is_metric": false}}, {"type": "Feature", "geometry": {"type": "Polygon", "coordinates": [[[700058.9001919753, 2795337.833764439], [700056.5264511914, 2795336.2268372], [700057.8607458207, 2795334.4101104103], [700056.5993546281, 2795333.0086188917], [700059.1412096997, 2795334.810728375], [700058.4134875328, 2795335.376134351], [700059.9029575393, 2795336.4193950426], [700058.9001919753, 2795337.833764439]]]}, "properties": {"id": 561, "height_m": 31.19, "interval_half_width_m": null, "coverage_nominal": null, "area_m2": null, "perimeter_m": null, "size_class": null, "confidence": null, "provenance": null, "evidence": null, "height_is_metric": false}}, {"type": "Feature", "geometry": {"type": "Polygon", "coordinates": [[[699829.4826280567, 2795340.8375447188], [699826.2988931655, 2795342.218590317], [699821.1406011893, 2795338.16260807], [699811.345266129, 2795335.440798387], [699820.2067719434, 2795333.5439052815], [699829.4826280567, 2795340.8375447188]]]}, "properties": {"id": 562, "height_m": 14.0, "interval_half_width_m": null, "coverage_nominal": null, "area_m2": null, "perimeter_m": null, "size_class": null, "confidence": null, "provenance": null, "evidence": null, "height_is_metric": false}}, {"type": "Feature", "geometry": {"type": "Polygon", "coordinates": [[[700062.4509769031, 2795341.4419505238], [700060.6979376277, 2795334.282216604], [700053.8019255579, 2795334.133815845], [700048.9314327915, 2795325.521139927], [700062.792393249, 2795325.5755504873], [700062.4509769031, 2795341.4419505238]]]}, "properties": {"id": 431, "height_m": 31.77, "interval_half_width_m": null, "coverage_nominal": null, "area_m2": 9.3, "perimeter_m": 16.5, "size_class": "tiny", "confidence": 0.9, "provenance": "INFERRED", "evidence": {"height": 1.0, "edge": 1.0, "texture": 1.0, "shadow": 0.0}, "height_is_metric": false}}, {"type": "Feature", "geometry": {"type": "Polygon", "coordinates": [[[699815.095108871, 2795332.69091371], [699811.0952766129, 2795336.690745968], [699800.3457274194, 2795334.1908508064], [699807.0954443548, 2795330.6909975805], [699815.095108871, 2795332.69091371]]]}, "properties": {"id": 564, "height_m": 12.72, "interval_half_width_m": null, "coverage_nominal": null, "area_m2": null, "perimeter_m": null, "size_class": null, "confidence": null, "provenance": null, "evidence": null, "height_is_metric": false}}, {"type": "Feature", "geometry": {"type": "Polygon", "coordinates": [[[699857.8433161291, 2795334.1908508064], [699855.3434209678, 2795337.190725], [699834.3443016129, 2795334.1908508064], [699857.8433161291, 2795334.1908508064]]]}, "properties": {"id": 565, "height_m": 17.13, "interval_half_width_m": null, "coverage_nominal": null, "area_m2": null, "perimeter_m": null, "size_class": null, "confidence": null, "provenance": null, "evidence": null, "height_is_metric": false}}, {"type": "Feature", "geometry": {"type": "Polygon", "coordinates": [[[699824.561386686, 2795335.0388682215], [699821.094025689, 2795333.8193453904], [699822.9263920819, 2795328.8202569424], [699827.2561360415, 2795330.399322801], [699825.8856719695, 2795334.1268276125], [699824.561386686, 2795335.0388682215]]]}, "properties": {"id": 566, "height_m": 13.66, "interval_half_width_m": null, "coverage_nominal": null, "area_m2": null, "perimeter_m": null, "size_class": null, "confidence": null, "provenance": null, "evidence": null, "height_is_metric": false}}, {"type": "Feature", "geometry": {"type": "Polygon", "coordinates": [[[700066.6075713858, 2795334.069701102], [700064.3605037563, 2795328.2210999406], [700067.5586728567, 2795325.4112202204], [700070.0844153226, 2795326.1911862902], [700068.8927233556, 2795329.386425826], [700070.2531399362, 2795330.866771459], [700066.6075713858, 2795334.069701102]]]}, "properties": {"id": 16, "height_m": 33.42, "interval_half_width_m": null, "coverage_nominal": null, "area_m2": 1673.6, "perimeter_m": 445.8, "size_class": "large", "confidence": 0.898, "provenance": "INFERRED", "evidence": {"height": 1.0, "edge": 1.0, "texture": 0.979, "shadow": 0.0}, "height_is_metric": false}}, {"type": "Feature", "geometry": {"type": "Polygon", "coordinates": [[[699827.0946056452, 2795334.6908298386], [699824.5947104839, 2795328.941070968], [699813.5951717743, 2795332.1909346776], [699814.3451403226, 2795326.4411758063], [699827.8445741936, 2795328.4410919356], [699827.0946056452, 2795334.6908298386]]]}, "properties": {"id": 568, "height_m": 13.72, "interval_half_width_m": null, "coverage_nominal": null, "area_m2": null, "perimeter_m": null, "size_class": null, "confidence": null, "provenance": null, "evidence": null, "height_is_metric": false}}, {"type": "Feature", "geometry": {"type": "Polygon", "coordinates": [[[699825.8125549187, 2795338.6616716133], [699829.7758362804, 2795323.059786851], [699853.116570386, 2795332.9178634207], [699830.4221791086, 2795327.124710373], [699836.8441967742, 2795338.6906620967], [699831.8444064517, 2795345.1903895163], [699825.8125549187, 2795338.6616716133]]]}, "properties": {"id": 569, "height_m": 15.51, "interval_half_width_m": null, "coverage_nominal": null, "area_m2": null, "perimeter_m": null, "size_class": null, "confidence": null, "provenance": null, "evidence": null, "height_is_metric": false}}, {"type": "Feature", "geometry": {"type": "Polygon", "coordinates": [[[700005.1908660271, 2795331.0580781335], [700007.3264576187, 2795325.767101292], [700013.0703268441, 2795327.886793892], [700011.2602526072, 2795333.3022161983], [700005.1908660271, 2795331.0580781335]]]}, "properties": {"id": 570, "height_m": 24.61, "interval_half_width_m": null, "coverage_nominal": null, "area_m2": null, "perimeter_m": null, "size_class": null, "confidence": null, "provenance": null, "evidence": null, "height_is_metric": false}}, {"type": "Feature", "geometry": {"type": "Polygon", "coordinates": [[[699791.0961153226, 2795343.9404419353], [699782.5964717743, 2795322.9413225804], [699807.345433871, 2795305.6920459676], [699815.3450983871, 2795311.691794355], [699811.5952556452, 2795309.9418677418], [699791.0961153226, 2795343.9404419353]]]}, "properties": {"id": 62, "height_m": 11.62, "interval_half_width_m": null, "coverage_nominal": null, "area_m2": 586.8, "perimeter_m": 267.9, "size_class": "medium", "confidence": 0.898, "provenance": "INFERRED", "evidence": {"height": 1.0, "edge": 1.0, "texture": 0.978, "shadow": 0.0}, "height_is_metric": false}}, {"type": "Feature", "geometry": {"type": "Polygon", "coordinates": [[[700002.3372564516, 2795328.941070968], [699997.0874766129, 2795331.690955645], [699995.087560484, 2795330.6909975805], [699997.3374661291, 2795326.4411758063], [699995.5875395162, 2795325.191228226], [700001.087308871, 2795327.1911443546], [700002.3372564516, 2795328.941070968]]]}, "properties": {"id": 572, "height_m": 22.35, "interval_half_width_m": null, "coverage_nominal": null, "area_m2": null, "perimeter_m": null, "size_class": null, "confidence": null, "provenance": null, "evidence": null, "height_is_metric": false}}, {"type": "Feature", "geometry": {"type": "Polygon", "coordinates": [[[699762.5973104839, 2795333.9408612903], [699773.5968491936, 2795312.6917524193], [699796.0959056452, 2795318.191521774], [699762.5973104839, 2795333.9408612903]]]}, "properties": {"id": 89, "height_m": 9.58, "interval_half_width_m": null, "coverage_nominal": null, "area_m2": 358.6, "perimeter_m": 139.4, "size_class": "medium", "confidence": 0.884, "provenance": "INFERRED", "evidence": {"height": 1.0, "edge": 1.0, "texture": 0.838, "shadow": 0.0}, "height_is_metric": false}}, {"type": "Feature", "geometry": {"type": "Polygon", "coordinates": [[[699801.999375111, 2795330.535578073], [699803.769152576, 2795322.6580702993], [699809.9686301358, 2795323.927029534], [699811.0422240283, 2795321.4420568426], [699810.2163614458, 2795325.422389186], [699815.1628931987, 2795326.430525618], [699811.2588897466, 2795332.422675447], [699801.999375111, 2795330.535578073]]]}, "properties": {"id": 574, "height_m": 12.49, "interval_half_width_m": null, "coverage_nominal": null, "area_m2": null, "perimeter_m": null, "size_class": null, "confidence": null, "provenance": null, "evidence": null, "height_is_metric": false}}, {"type": "Feature", "geometry": {"type": "Polygon", "coordinates": [[[700018.5865750001, 2795341.190557258], [700046.0854217742, 2795318.191521774], [700039.3357048387, 2795345.1903895163], [700018.5865750001, 2795341.190557258]]]}, "properties": {"id": 575, "height_m": 26.27, "interval_half_width_m": null, "coverage_nominal": null, "area_m2": null, "perimeter_m": null, "size_class": null, "confidence": null, "provenance": null, "evidence": null, "height_is_metric": false}}, {"type": "Feature", "geometry": {"type": "Polygon", "coordinates": [[[699827.306716806, 2795328.2662640624], [699810.8539994999, 2795324.0537026883], [699812.7551572585, 2795316.6111131986], [699829.2137413229, 2795320.834294244], [699827.306716806, 2795328.2662640624]]]}, "properties": {"id": 576, "height_m": 13.67, "interval_half_width_m": null, "coverage_nominal": null, "area_m2": null, "perimeter_m": null, "size_class": null, "confidence": null, "provenance": null, "evidence": null, "height_is_metric": false}}, {"type": "Feature", "geometry": {"type": "Polygon", "coordinates": [[[699852.7296084648, 2795328.2093511657], [699851.4961396852, 2795331.8287367322], [699832.7061256845, 2795325.432856276], [699833.9439277785, 2795321.7936961483], [699852.7296084648, 2795328.2093511657]]]}, "properties": {"id": 577, "height_m": 16.43, "interval_half_width_m": null, "coverage_nominal": null, "area_m2": null, "perimeter_m": null, "size_class": null, "confidence": null, "provenance": null, "evidence": null, "height_is_metric": false}}, {"type": "Feature", "geometry": {"type": "Polygon", "coordinates": [[[699969.0886508065, 2795334.1908508064], [699963.725060433, 2795332.340830735], [699959.0679223666, 2795328.6282789097], [699963.6467250952, 2795322.9467544816], [699969.4157550086, 2795327.5985979703], [699965.8387870968, 2795329.191060484], [699970.3385983871, 2795329.44105], [699969.0886508065, 2795334.1908508064]]]}, "properties": {"id": 236, "height_m": 7.13, "interval_half_width_m": null, "coverage_nominal": null, "area_m2": 60.2, "perimeter_m": 47.2, "size_class": "small", "confidence": 0.898, "provenance": "INFERRED", "evidence": {"height": 1.0, "edge": 1.0, "texture": 0.976, "shadow": 0.0}, "height_is_metric": false}}, {"type": "Feature", "geometry": {"type": "Polygon", "coordinates": [[[699956.9715594766, 2795326.649602124], [699956.3473180775, 2795320.960509654], [699959.0890701613, 2795323.1913120965], [699962.0970769484, 2795319.2105830414], [699962.9402270138, 2795325.9445840833], [699956.9715594766, 2795326.649602124]]]}, "properties": {"id": 517, "height_m": 6.8, "interval_half_width_m": null, "coverage_nominal": null, "area_m2": 6.0, "perimeter_m": 10.7, "size_class": "tiny", "confidence": 0.939, "provenance": "INFERRED", "evidence": {"height": 1.0, "edge": 0.757, "texture": 1.0, "shadow": 1.0}, "height_is_metric": false}}, {"type": "Feature", "geometry": {"type": "Polygon", "coordinates": [[[700068.4751993614, 2795324.1638970417], [700065.4275366446, 2795327.8448950145], [700058.2419859361, 2795326.287404179], [700057.1942393483, 2795321.7187481197], [700068.4751993614, 2795324.1638970417]]]}, "properties": {"id": 580, "height_m": 32.27, "interval_half_width_m": null, "coverage_nominal": null, "area_m2": null, "perimeter_m": null, "size_class": null, "confidence": null, "provenance": null, "evidence": null, "height_is_metric": false}}, {"type": "Feature", "geometry": {"type": "Polygon", "coordinates": [[[700005.7140069299, 2795321.3691534055], [700002.8740076234, 2795322.274907657], [700001.3501152324, 2795326.47651368], [699991.429663349, 2795322.8775130007], [699993.5692220592, 2795316.958724353], [700005.7140069299, 2795321.3691534055]]]}, "properties": {"id": 134, "height_m": 22.02, "interval_half_width_m": null, "coverage_nominal": null, "area_m2": 191.7, "perimeter_m": 106.1, "size_class": "medium", "confidence": 0.9, "provenance": "INFERRED", "evidence": {"height": 1.0, "edge": 1.0, "texture": 1.0, "shadow": 0.0}, "height_is_metric": false}}, {"type": "Feature", "geometry": {"type": "Polygon", "coordinates": [[[700013.0355992966, 2795332.6669889316], [700012.9340410556, 2795328.0835935003], [700002.1400601317, 2795326.279836137], [700006.5883599104, 2795320.276853022], [699998.0861529929, 2795318.8560752035], [700012.0868475806, 2795313.6917104837], [700014.9878794838, 2795320.984220818], [700013.0355992966, 2795332.6669889316]]]}, "properties": {"id": 582, "height_m": 24.4, "interval_half_width_m": null, "coverage_nominal": null, "area_m2": null, "perimeter_m": null, "size_class": null, "confidence": null, "provenance": null, "evidence": null, "height_is_metric": false}}, {"type": "Feature", "geometry": {"type": "Polygon", "coordinates": [[[699860.0932217742, 2795323.9412806453], [699858.5932846775, 2795328.4410919356], [699840.3440500001, 2795324.1912701614], [699847.3437564516, 2795320.4414274194], [699860.0932217742, 2795323.9412806453]]]}, "properties": {"id": 583, "height_m": 17.53, "interval_half_width_m": null, "coverage_nominal": null, "area_m2": null, "perimeter_m": null, "size_class": null, "confidence": null, "provenance": null, "evidence": null, "height_is_metric": false}}, {"type": "Feature", "geometry": {"type": "Polygon", "coordinates": [[[699831.026500994, 2795326.3480095477], [699832.4418774281, 2795317.391048752], [699843.485725803, 2795319.1930666864], [699842.8850429861, 2795322.8819683804], [699834.0557471247, 2795321.379132235], [699833.1704464222, 2795326.7048671404], [699831.026500994, 2795326.3480095477]]]}, "properties": {"id": 314, "height_m": 15.37, "interval_half_width_m": null, "coverage_nominal": null, "area_m2": 25.1, "perimeter_m": 22.6, "size_class": "small", "confidence": 0.9, "provenance": "INFERRED", "evidence": {"height": 1.0, "edge": 1.0, "texture": 1.0, "shadow": 0.0}, "height_is_metric": false}}, {"type": "Feature", "geometry": {"type": "Polygon", "coordinates": [[[699911.8253204612, 2795328.7894659974], [699908.6412956652, 2795323.2785276775], [699908.4007967178, 2795319.4155915338], [699915.8663192057, 2795319.084031952], [699916.2214373696, 2795328.6388070323], [699911.8253204612, 2795328.7894659974]]]}, "properties": {"id": 369, "height_m": 3.91, "interval_half_width_m": null, "coverage_nominal": null, "area_m2": 15.5, "perimeter_m": 28.4, "size_class": "tiny", "confidence": 0.884, "provenance": "INFERRED", "evidence": {"height": 0.972, "edge": 1.0, "texture": 0.995, "shadow": 0.0}, "height_is_metric": false}}, {"type": "Feature", "geometry": {"type": "Polygon", "coordinates": [[[699991.0703339358, 2795322.02253787], [699969.5981204076, 2795314.2740530055], [699971.7294854918, 2795308.363869954], [699993.2046133265, 2795316.1061294936], [699991.0703339358, 2795322.02253787]]]}, "properties": {"id": 116, "height_m": 19.31, "interval_half_width_m": null, "coverage_nominal": null, "area_m2": 234.3, "perimeter_m": 140.2, "size_class": "medium", "confidence": 0.899, "provenance": "INFERRED", "evidence": {"height": 1.0, "edge": 1.0, "texture": 0.993, "shadow": 0.0}, "height_is_metric": false}}, {"type": "Feature", "geometry": {"type": "Polygon", "coordinates": [[[700076.0841637097, 2795318.6915008062], [700073.8342580645, 2795319.941448387], [700070.3344048387, 2795318.191521774], [700070.5843943548, 2795314.691668548], [700076.0841637097, 2795314.9416580643], [700076.0841637097, 2795318.6915008062]]]}, "properties": {"id": 202, "height_m": 34.23, "interval_half_width_m": null, "coverage_nominal": null, "area_m2": 79.5, "perimeter_m": 52.5, "size_class": "small", "confidence": 0.784, "provenance": "INFERRED", "evidence": {"height": 1.0, "edge": 0.535, "texture": 1.0, "shadow": 0.0}, "height_is_metric": false}}, {"type": "Feature", "geometry": {"type": "Polygon", "coordinates": [[[699942.8438865714, 2795323.446306286], [699938.6063476072, 2795322.0177162946], [699936.1362058369, 2795319.2178459205], [699940.8252792095, 2795315.01688074], [699945.7874734526, 2795321.0084812753], [699942.8438865714, 2795323.446306286]]]}, "properties": {"id": 175, "height_m": 4.35, "interval_half_width_m": null, "coverage_nominal": null, "area_m2": 107.1, "perimeter_m": 83.4, "size_class": "small", "confidence": 0.999, "provenance": "INFERRED", "evidence": {"height": 1.0, "edge": 1.0, "texture": 0.991, "shadow": 1.0}, "height_is_metric": false}}, {"type": "Feature", "geometry": {"type": "Polygon", "coordinates": [[[699944.5896782258, 2795321.1913959677], [699939.8398774194, 2795312.9417419354], [699952.589342742, 2795306.1920249998], [699944.5896782258, 2795321.1913959677]]]}, "properties": {"id": 315, "height_m": 4.34, "interval_half_width_m": null, "coverage_nominal": null, "area_m2": 24.7, "perimeter_m": 47.7, "size_class": "tiny", "confidence": 0.995, "provenance": "INFERRED", "evidence": {"height": 1.0, "edge": 1.0, "texture": 0.952, "shadow": 1.0}, "height_is_metric": false}}, {"type": "Feature", "geometry": {"type": "Polygon", "coordinates": [[[699805.5955072581, 2795321.1913959677], [699808.0954024193, 2795310.69183629], [699831.8444064517, 2795315.941616129], [699805.5955072581, 2795321.1913959677]]]}, "properties": {"id": 590, "height_m": 13.62, "interval_half_width_m": null, "coverage_nominal": null, "area_m2": null, "perimeter_m": null, "size_class": null, "confidence": null, "provenance": null, "evidence": null, "height_is_metric": false}}, {"type": "Feature", "geometry": {"type": "Polygon", "coordinates": [[[700042.1600187678, 2795318.231986386], [700042.008047602, 2795312.084264468], [700045.3888262317, 2795311.98630715], [700045.5351823986, 2795317.9640532862], [700044.0855056451, 2795316.9415741935], [700042.1600187678, 2795318.231986386]]]}, "properties": {"id": 591, "height_m": 25.26, "interval_half_width_m": null, "coverage_nominal": null, "area_m2": null, "perimeter_m": null, "size_class": null, "confidence": null, "provenance": null, "evidence": null, "height_is_metric": false}}, {"type": "Feature", "geometry": {"type": "Polygon", "coordinates": [[[700025.6675158378, 2795336.785590623], [700027.774025397, 2795323.7959620324], [700028.5662285023, 2795306.010788704], [700038.8741153098, 2795306.4118949296], [700038.0482222111, 2795324.953079033], [700025.6675158378, 2795336.785590623]]]}, "properties": {"id": 108, "height_m": 23.8, "interval_half_width_m": null, "coverage_nominal": null, "area_m2": 253.5, "perimeter_m": 173.4, "size_class": "medium", "confidence": 0.898, "provenance": "INFERRED", "evidence": {"height": 1.0, "edge": 1.0, "texture": 0.98, "shadow": 0.0}, "height_is_metric": false}}, {"type": "Feature", "geometry": {"type": "Polygon", "coordinates": [[[699916.8805131234, 2795317.9470251915], [699912.217149732, 2795319.1790902214], [699912.7149010745, 2795315.454026714], [699905.9606677268, 2795309.548329558], [699913.7216032409, 2795310.5853954414], [699918.0511183284, 2795309.18640626], [699916.8805131234, 2795317.9470251915]]]}, "properties": {"id": 255, "height_m": 4.26, "interval_half_width_m": null, "coverage_nominal": null, "area_m2": 44.8, "perimeter_m": 42.5, "size_class": "small", "confidence": 0.9, "provenance": "INFERRED", "evidence": {"height": 1.0, "edge": 1.0, "texture": 1.0, "shadow": 0.0}, "height_is_metric": false}}, {"type": "Feature", "geometry": {"type": "Polygon", "coordinates": [[[700011.3591864464, 2795318.764068564], [700014.7901338706, 2795310.496654046], [700020.1412888523, 2795312.739937654], [700016.5562036053, 2795321.0158357034], [700011.3591864464, 2795318.764068564]]]}, "properties": {"id": 106, "height_m": 24.42, "interval_half_width_m": null, "coverage_nominal": null, "area_m2": 262.0, "perimeter_m": 149.1, "size_class": "medium", "confidence": 0.885, "provenance": "INFERRED", "evidence": {"height": 1.0, "edge": 0.94, "texture": 0.997, "shadow": 0.0}, "height_is_metric": false}}, {"type": "Feature", "geometry": {"type": "Polygon", "coordinates": [[[699989.8824259897, 2795312.91375849], [699981.381119303, 2795314.0383756333], [699977.7429814712, 2795310.292927238], [699980.7464871043, 2795307.3018112225], [699984.0667976887, 2795310.7317516087], [699985.9585487982, 2795308.87239355], [699989.8824259897, 2795312.91375849]]]}, "properties": {"id": 595, "height_m": 18.1, "interval_half_width_m": null, "coverage_nominal": null, "area_m2": null, "perimeter_m": null, "size_class": null, "confidence": null, "provenance": null, "evidence": null, "height_is_metric": false}}, {"type": "Feature", "geometry": {"type": "Polygon", "coordinates": [[[699969.3386403226, 2795314.441679032], [699957.8391225807, 2795310.191857258], [699964.8388290323, 2795308.9419096773], [699966.5887556452, 2795305.1920669354], [699969.3386403226, 2795314.441679032]]]}, "properties": {"id": 596, "height_m": 14.62, "interval_half_width_m": null, "coverage_nominal": null, "area_m2": null, "perimeter_m": null, "size_class": null, "confidence": null, "provenance": null, "evidence": null, "height_is_metric": false}}, {"type": "Feature", "geometry": {"type": "Polygon", "coordinates": [[[699905.6449918785, 2795314.3092688136], [699893.7726717778, 2795311.5316143045], [699901.7945369009, 2795307.6190281436], [699906.9036671205, 2795308.557495867], [699905.6449918785, 2795314.3092688136]]]}, "properties": {"id": 178, "height_m": 3.16, "interval_half_width_m": null, "coverage_nominal": null, "area_m2": 104.8, "perimeter_m": 63.5, "size_class": "small", "confidence": 0.864, "provenance": "INFERRED", "evidence": {"height": 0.935, "edge": 1.0, "texture": 0.998, "shadow": 0.0}, "height_is_metric": false}}, {"type": "Feature", "geometry": {"type": "Polygon", "coordinates": [[[700009.0362247829, 2795311.138045605], [700012.2468750492, 2795306.681231779], [700018.0731687965, 2795311.1190034347], [700012.2409854037, 2795313.5790443104], [700009.0362247829, 2795311.138045605]]]}, "properties": {"id": 51, "height_m": 23.48, "interval_half_width_m": null, "coverage_nominal": null, "area_m2": 781.6, "perimeter_m": 255.4, "size_class": "large", "confidence": 0.899, "provenance": "INFERRED", "evidence": {"height": 1.0, "edge": 1.0, "texture": 0.994, "shadow": 0.0}, "height_is_metric": false}}, {"type": "Feature", "geometry": {"type": "Polygon", "coordinates": [[[699992.3370654805, 2795309.032726181], [699989.3551348704, 2795311.6845009597], [699986.5622679867, 2795308.276013531], [699983.8900778049, 2795310.48911652], [699983.588042742, 2795307.941951613], [699981.9417037038, 2795308.694269916], [699987.9411316698, 2795303.724934859], [699992.3370654805, 2795309.032726181]]]}, "properties": {"id": 599, "height_m": 18.37, "interval_half_width_m": null, "coverage_nominal": null, "area_m2": null, "perimeter_m": null, "size_class": null, "confidence": null, "provenance": null, "evidence": null, "height_is_metric": false}}, {"type": "Feature", "geometry": {"type": "Polygon", "coordinates": [[[700058.9750789715, 2795311.717214431], [700058.7416903216, 2795305.0715885893], [700065.0376299006, 2795305.0371356886], [700070.5843943548, 2795307.4419725807], [700068.6418183504, 2795313.0479386537], [700061.8147120824, 2795313.0857788636], [700061.7975008901, 2795309.9416236114], [700058.9750789715, 2795311.717214431]]]}, "properties": {"id": 119, "height_m": 31.55, "interval_half_width_m": null, "coverage_nominal": null, "area_m2": 230.4, "perimeter_m": 145.4, "size_class": "medium", "confidence": 0.899, "provenance": "INFERRED", "evidence": {"height": 1.0, "edge": 1.0, "texture": 0.991, "shadow": 0.0}, "height_is_metric": false}}, {"type": "Feature", "geometry": {"type": "Polygon", "coordinates": [[[700009.40516683, 2795309.419337165], [700012.4776698137, 2795292.5121177407], [700025.4506670218, 2795294.7713003405], [700022.5129850443, 2795311.816026205], [700009.40516683, 2795309.419337165]]]}, "properties": {"id": 601, "height_m": 24.23, "interval_half_width_m": null, "coverage_nominal": null, "area_m2": null, "perimeter_m": null, "size_class": null, "confidence": null, "provenance": null, "evidence": null, "height_is_metric": false}}, {"type": "Feature", "geometry": {"type": "Polygon", "coordinates": [[[700053.6581937927, 2795320.177949699], [700052.7500287535, 2795306.3136629653], [700060.096858099, 2795305.8338857223], [700057.9876936219, 2795311.1955993436], [700061.6598723845, 2795310.931236651], [700061.8568856067, 2795313.948474618], [700053.6581937927, 2795320.177949699]]]}, "properties": {"id": 416, "height_m": 29.3, "interval_half_width_m": null, "coverage_nominal": null, "area_m2": 10.3, "perimeter_m": 15.0, "size_class": "tiny", "confidence": 0.888, "provenance": "INFERRED", "evidence": {"height": 1.0, "edge": 0.951, "texture": 1.0, "shadow": 0.0}, "height_is_metric": false}}, {"type": "Feature", "geometry": {"type": "Polygon", "coordinates": [[[700070.5843943548, 2795312.191773387], [700069.8344258065, 2795307.1919830646], [700074.0842475807, 2795303.6921298387], [700077.5841008065, 2795308.9419096773], [700071.0843733872, 2795308.6919201612], [700070.5843943548, 2795312.191773387]]]}, "properties": {"id": 603, "height_m": 33.6, "interval_half_width_m": null, "coverage_nominal": null, "area_m2": null, "perimeter_m": null, "size_class": null, "confidence": null, "provenance": null, "evidence": null, "height_is_metric": false}}, {"type": "Feature", "geometry": {"type": "Polygon", "coordinates": [[[699970.44648876, 2795309.6291672327], [699969.2049179032, 2795308.8635133067], [699970.1730474685, 2795307.8140883227], [699967.1078836547, 2795305.992478925], [699968.7350584575, 2795303.269570655], [699971.0885669355, 2795303.4421403226], [699972.864325595, 2795305.583163815], [699970.44648876, 2795309.6291672327]]]}, "properties": {"id": 604, "height_m": 14.69, "interval_half_width_m": null, "coverage_nominal": null, "area_m2": null, "perimeter_m": null, "size_class": null, "confidence": null, "provenance": null, "evidence": null, "height_is_metric": false}}, {"type": "Feature", "geometry": {"type": "Polygon", "coordinates": [[[699958.1769380035, 2795309.146643523], [699959.9411767604, 2795303.410891633], [699965.191261762, 2795305.031001913], [699964.3046259715, 2795307.904019854], [699962.0807507287, 2795307.21749469], [699958.1769380035, 2795309.146643523]]]}, "properties": {"id": 605, "height_m": 13.46, "interval_half_width_m": null, "coverage_nominal": null, "area_m2": null, "perimeter_m": null, "size_class": null, "confidence": null, "provenance": null, "evidence": null, "height_is_metric": false}}, {"type": "Feature", "geometry": {"type": "Polygon", "coordinates": [[[700048.9973479959, 2795305.4905468496], [700038.6696866271, 2795304.282620212], [700043.1190849926, 2795300.2326496756], [700045.5347551703, 2795291.611093515], [700044.3554833367, 2795301.91504372], [700049.3364451033, 2795302.3715370274], [700048.9973479959, 2795305.4905468496]]]}, "properties": {"id": 278, "height_m": 24.9, "interval_half_width_m": null, "coverage_nominal": null, "area_m2": 35.5, "perimeter_m": 32.5, "size_class": "small", "confidence": 0.874, "provenance": "INFERRED", "evidence": {"height": 1.0, "edge": 0.896, "texture": 1.0, "shadow": 0.0}, "height_is_metric": false}}, {"type": "Feature", "geometry": {"type": "Polygon", "coordinates": [[[699944.0814445348, 2795304.3084675167], [699949.8394580645, 2795300.192276613], [699951.4551282228, 2795304.1355621703], [699952.5332232693, 2795301.8429947398], [699958.8943761778, 2795304.8991409875], [699956.4825205373, 2795310.2741597146], [699944.0814445348, 2795304.3084675167]]]}, "properties": {"id": 607, "height_m": 4.99, "interval_half_width_m": null, "coverage_nominal": null, "area_m2": null, "perimeter_m": null, "size_class": null, "confidence": null, "provenance": null, "evidence": null, "height_is_metric": false}}, {"type": "Feature", "geometry": {"type": "Polygon", "coordinates": [[[699973.3384725807, 2795302.9421612904], [699961.8389548387, 2795295.9424548387], [699969.8386193549, 2795282.943], [699971.5885459678, 2795292.942580645], [699976.5883362903, 2795295.9424548387], [699980.3381790323, 2795291.9426225806], [699973.3384725807, 2795302.9421612904]]]}, "properties": {"id": 27, "height_m": 14.65, "interval_half_width_m": null, "coverage_nominal": null, "area_m2": 1366.6, "perimeter_m": 230.1, "size_class": "large", "confidence": 0.898, "provenance": "INFERRED", "evidence": {"height": 1.0, "edge": 0.993, "texture": 0.994, "shadow": 0.0}, "height_is_metric": false}}, {"type": "Feature", "geometry": {"type": "Polygon", "coordinates": [[[700048.3611442078, 2795302.512583358], [700046.2195103891, 2795302.369980696], [700046.4276925765, 2795299.1196592418], [700048.5830892457, 2795299.2668088325], [700048.3611442078, 2795302.512583358]]]}, "properties": {"id": 609, "height_m": 24.59, "interval_half_width_m": null, "coverage_nominal": null, "area_m2": null, "perimeter_m": null, "size_class": null, "confidence": null, "provenance": null, "evidence": null, "height_is_metric": false}}, {"type": "Feature", "geometry": {"type": "Polygon", "coordinates": [[[699959.3296911739, 2795303.5120836785], [699950.3812291675, 2795299.6642531026], [699954.7767204918, 2795290.325502898], [699963.6189857799, 2795294.5178319663], [699959.3296911739, 2795303.5120836785]]]}, "properties": {"id": 63, "height_m": 12.44, "interval_half_width_m": null, "coverage_nominal": null, "area_m2": 578.3, "perimeter_m": 293.1, "size_class": "medium", "confidence": 0.896, "provenance": "INFERRED", "evidence": {"height": 1.0, "edge": 1.0, "texture": 0.961, "shadow": 0.0}, "height_is_metric": false}}, {"type": "Feature", "geometry": {"type": "Polygon", "coordinates": [[[699967.4952422879, 2795300.8050438836], [699965.7948436271, 2795304.941314512], [699960.594317094, 2795302.9283374073], [699963.7209865073, 2795299.3441371326], [699967.4952422879, 2795300.8050438836]]]}, "properties": {"id": 611, "height_m": 13.49, "interval_half_width_m": null, "coverage_nominal": null, "area_m2": null, "perimeter_m": null, "size_class": null, "confidence": null, "provenance": null, "evidence": null, "height_is_metric": false}}, {"type": "Feature", "geometry": {"type": "Polygon", "coordinates": [[[700061.3382611161, 2795304.340540146], [700061.4958777971, 2795302.3727881955], [700071.6899998443, 2795303.262918102], [700070.3344048387, 2795299.4423080646], [700073.3437085685, 2795295.914776556], [700072.5546181255, 2795305.3198997094], [700061.3382611161, 2795304.340540146]]]}, "properties": {"id": 612, "height_m": 31.9, "interval_half_width_m": null, "coverage_nominal": null, "area_m2": null, "perimeter_m": null, "size_class": null, "confidence": null, "provenance": null, "evidence": null, "height_is_metric": false}}, {"type": "Feature", "geometry": {"type": "Polygon", "coordinates": [[[700072.9780317653, 2795303.210613167], [700073.4037951599, 2795298.610891516], [700077.2758251604, 2795297.3928029505], [700076.8924183879, 2795301.7418026943], [700074.9323870608, 2795301.3285204656], [700074.7727563041, 2795303.368840174], [700072.9780317653, 2795303.210613167]]]}, "properties": {"id": 136, "height_m": 33.02, "interval_half_width_m": null, "coverage_nominal": null, "area_m2": 181.7, "perimeter_m": 76.6, "size_class": "medium", "confidence": 0.833, "provenance": "INFERRED", "evidence": {"height": 1.0, "edge": 0.735, "texture": 0.997, "shadow": 0.0}, "height_is_metric": false}}, {"type": "Feature", "geometry": {"type": "Polygon", "coordinates": [[[700059.9054293594, 2795305.3468150846], [700060.736113517, 2795295.865553767], [700064.2547037499, 2795296.064520032], [700063.7610721077, 2795301.6986526484], [700061.4766830455, 2795301.481651251], [700061.1245554787, 2795305.1962781847], [700059.9054293594, 2795305.3468150846]]]}, "properties": {"id": 614, "height_m": 28.9, "interval_half_width_m": null, "coverage_nominal": null, "area_m2": null, "perimeter_m": null, "size_class": null, "confidence": null, "provenance": null, "evidence": null, "height_is_metric": false}}, {"type": "Feature", "geometry": {"type": "Polygon", "coordinates": [[[700057.8431684328, 2795306.9417189015], [700047.243332199, 2795291.4603735176], [700046.6774379623, 2795273.92564745], [700057.0767210834, 2795283.1932641626], [700057.8431684328, 2795306.9417189015]]]}, "properties": {"id": 88, "height_m": 26.87, "interval_half_width_m": null, "coverage_nominal": null, "area_m2": 361.6, "perimeter_m": 228.5, "size_class": "medium", "confidence": 0.895, "provenance": "INFERRED", "evidence": {"height": 1.0, "edge": 1.0, "texture": 0.949, "shadow": 0.0}, "height_is_metric": false}}, {"type": "Feature", "geometry": {"type": "Polygon", "coordinates": [[[700083.6743910508, 2795301.465630194], [700083.1413933837, 2795297.0529124197], [700084.9657492483, 2795296.78885489], [700085.3037782852, 2795299.961939593], [700083.6743910508, 2795301.465630194]]]}, "properties": {"id": 616, "height_m": 35.41, "interval_half_width_m": null, "coverage_nominal": null, "area_m2": null, "perimeter_m": null, "size_class": null, "confidence": null, "provenance": null, "evidence": null, "height_is_metric": false}}, {"type": "Feature", "geometry": {"type": "Polygon", "coordinates": [[[700065.4651632406, 2795300.6749223876], [700070.9554115103, 2795293.1007161033], [700072.0242448602, 2795296.399192276], [700069.8945123979, 2795299.4855496595], [700071.0827865396, 2795304.5512857027], [700065.4651632406, 2795300.6749223876]]]}, "properties": {"id": 617, "height_m": 31.18, "interval_half_width_m": null, "coverage_nominal": null, "area_m2": null, "perimeter_m": null, "size_class": null, "confidence": null, "provenance": null, "evidence": null, "height_is_metric": false}}, {"type": "Feature", "geometry": {"type": "Polygon", "coordinates": [[[700074.5842266129, 2795298.192360484], [700074.290781888, 2795297.6631163214], [700073.5289730158, 2795294.159814754], [700076.6829239997, 2795293.5045382795], [700075.4789339644, 2795294.709260706], [700075.9394249066, 2795296.9256594554], [700074.5842266129, 2795298.192360484]]]}, "properties": {"id": 618, "height_m": 32.35, "interval_half_width_m": null, "coverage_nominal": null, "area_m2": null, "perimeter_m": null, "size_class": null, "confidence": null, "provenance": null, "evidence": null, "height_is_metric": false}}, {"type": "Feature", "geometry": {"type": "Polygon", "coordinates": [[[700082.0732313924, 2795297.5763890017], [700080.530266315, 2795293.587939323], [700083.7406419346, 2795292.348702963], [700083.5838491935, 2795294.192528226], [700085.4913619712, 2795296.2569252932], [700082.0732313924, 2795297.5763890017]]]}, "properties": {"id": 619, "height_m": 35.0, "interval_half_width_m": null, "coverage_nominal": null, "area_m2": null, "perimeter_m": null, "size_class": null, "confidence": null, "provenance": null, "evidence": null, "height_is_metric": false}}, {"type": "Feature", "geometry": {"type": "Polygon", "coordinates": [[[699945.8562877054, 2795301.5280970572], [699944.0304975747, 2795294.1816033907], [699952.4918584268, 2795291.693182358], [699954.7292981641, 2795299.11679071], [699945.8562877054, 2795301.5280970572]]]}, "properties": {"id": 620, "height_m": 11.43, "interval_half_width_m": null, "coverage_nominal": null, "area_m2": null, "perimeter_m": null, "size_class": null, "confidence": null, "provenance": null, "evidence": null, "height_is_metric": false}}, {"type": "Feature", "geometry": {"type": "Polygon", "coordinates": [[[699976.5594373558, 2795294.5207004985], [699970.7279863541, 2795292.1606920487], [699974.4924921774, 2795282.864145885], [699980.3236074998, 2795285.2254970516], [699976.5594373558, 2795294.5207004985]]]}, "properties": {"id": 477, "height_m": 14.43, "interval_half_width_m": null, "coverage_nominal": null, "area_m2": 7.1, "perimeter_m": 18.5, "size_class": "tiny", "confidence": 0.851, "provenance": "INFERRED", "evidence": {"height": 1.0, "edge": 0.805, "texture": 1.0, "shadow": 0.0}, "height_is_metric": false}}, {"type": "Feature", "geometry": {"type": "Polygon", "coordinates": [[[700058.5789774188, 2795295.67583394], [700059.2028526224, 2795289.5616799504], [700060.686616081, 2795287.8577108826], [700063.3708296844, 2795290.175454259], [700058.5789774188, 2795295.67583394]]]}, "properties": {"id": 622, "height_m": 27.74, "interval_half_width_m": null, "coverage_nominal": null, "area_m2": null, "perimeter_m": null, "size_class": null, "confidence": null, "provenance": null, "evidence": null, "height_is_metric": false}}, {"type": "Feature", "geometry": {"type": "Polygon", "coordinates": [[[700071.5843524194, 2795293.192570161], [700071.8343419355, 2795285.6928846776], [700077.0841217742, 2795285.6928846776], [700076.8341322581, 2795292.442601613], [700072.8343, 2795292.1926120967], [700071.5843524194, 2795293.192570161]]]}, "properties": {"id": 623, "height_m": 32.16, "interval_half_width_m": null, "coverage_nominal": null, "area_m2": null, "perimeter_m": null, "size_class": null, "confidence": null, "provenance": null, "evidence": null, "height_is_metric": false}}, {"type": "Feature", "geometry": {"type": "Polygon", "coordinates": [[[699818.067114055, 2795294.503306208], [699812.7162642363, 2795299.746158847], [699798.47475028, 2795293.1387088946], [699804.8734077192, 2795288.3819808885], [699818.067114055, 2795294.503306208]]]}, "properties": {"id": 85, "height_m": 12.65, "interval_half_width_m": null, "coverage_nominal": null, "area_m2": 382.9, "perimeter_m": 114.0, "size_class": "medium", "confidence": 0.896, "provenance": "INFERRED", "evidence": {"height": 1.0, "edge": 1.0, "texture": 0.964, "shadow": 0.0}, "height_is_metric": false}}, {"type": "Feature", "geometry": {"type": "Polygon", "coordinates": [[[700027.2256169993, 2795292.710382131], [700021.7435776138, 2795290.940436826], [700020.8978794374, 2795291.9632821144], [700022.6552520272, 2795286.331010992], [700028.6593337286, 2795288.268399226], [700027.2256169993, 2795292.710382131]]]}, "properties": {"id": 284, "height_m": 23.83, "interval_half_width_m": null, "coverage_nominal": null, "area_m2": 33.3, "perimeter_m": 29.1, "size_class": "small", "confidence": 0.83, "provenance": "INFERRED", "evidence": {"height": 1.0, "edge": 0.722, "texture": 0.998, "shadow": 0.0}, "height_is_metric": false}}, {"type": "Feature", "geometry": {"type": "Polygon", "coordinates": [[[699806.3167981151, 2795311.3078688052], [699799.595758871, 2795299.6922975807], [699783.0464689243, 2795305.419382842], [699788.3994815858, 2795279.950175071], [699805.0922629819, 2795283.458603377], [699796.8904051019, 2795295.855574937], [699809.0795072669, 2795298.1631869026], [699806.3167981151, 2795311.3078688052]]]}, "properties": {"id": 626, "height_m": 11.45, "interval_half_width_m": null, "coverage_nominal": null, "area_m2": null, "perimeter_m": null, "size_class": null, "confidence": null, "provenance": null, "evidence": null, "height_is_metric": false}}, {"type": "Feature", "geometry": {"type": "Polygon", "coordinates": [[[700029.9460534488, 2795288.575972997], [700031.3396412458, 2795282.6241351985], [700037.0231797494, 2795283.9370989352], [700036.3253635549, 2795286.9049310153], [700033.8218674704, 2795287.939372497], [700033.5595493697, 2795289.4255772596], [700029.9460534488, 2795288.575972997]]]}, "properties": {"id": 627, "height_m": 25.31, "interval_half_width_m": null, "coverage_nominal": null, "area_m2": null, "perimeter_m": null, "size_class": null, "confidence": null, "provenance": null, "evidence": null, "height_is_metric": false}}, {"type": "Feature", "geometry": {"type": "Polygon", "coordinates": [[[699871.4925545086, 2795294.6744416095], [699863.0818812281, 2795289.088280614], [699867.801760804, 2795282.0112763788], [699867.9547237495, 2795286.724976404], [699874.1333586776, 2795290.714829833], [699871.4925545086, 2795294.6744416095]]]}, "properties": {"id": 126, "height_m": 5.48, "interval_half_width_m": null, "coverage_nominal": null, "area_m2": 214.2, "perimeter_m": 136.3, "size_class": "medium", "confidence": 0.998, "provenance": "INFERRED", "evidence": {"height": 1.0, "edge": 1.0, "texture": 0.983, "shadow": 1.0}, "height_is_metric": false}}, {"type": "Feature", "geometry": {"type": "Polygon", "coordinates": [[[699965.2324435066, 2795291.282951759], [699961.9557559707, 2795296.514543884], [699947.8291053615, 2795286.7804550347], [699950.8408656532, 2795284.9408105044], [699954.837798863, 2795287.694906431], [699961.8389548387, 2795284.942916129], [699965.2324435066, 2795291.282951759]]]}, "properties": {"id": 629, "height_m": 12.36, "interval_half_width_m": null, "coverage_nominal": null, "area_m2": null, "perimeter_m": null, "size_class": null, "confidence": null, "provenance": null, "evidence": null, "height_is_metric": false}}, {"type": "Feature", "geometry": {"type": "Polygon", "coordinates": [[[699863.1820814938, 2795286.878076673], [699857.772937916, 2795280.033209919], [699868.0752173536, 2795271.918376893], [699864.3040437191, 2795267.1459635096], [699872.0686717053, 2795270.690675694], [699865.4741606633, 2795275.7149095717], [699870.0237592943, 2795281.4717482235], [699863.1820814938, 2795286.878076673]]]}, "properties": {"id": 630, "height_m": 15.45, "interval_half_width_m": null, "coverage_nominal": null, "area_m2": null, "perimeter_m": null, "size_class": null, "confidence": null, "provenance": null, "evidence": null, "height_is_metric": false}}, {"type": "Feature", "geometry": {"type": "Polygon", "coordinates": [[[700024.5863233871, 2795285.1929056454], [700013.5867846775, 2795282.693010484], [700014.586742742, 2795277.4432306453], [700026.33625, 2795280.1931153224], [700024.5863233871, 2795285.1929056454]]]}, "properties": {"id": 272, "height_m": 22.65, "interval_half_width_m": null, "coverage_nominal": null, "area_m2": 36.4, "perimeter_m": 36.3, "size_class": "small", "confidence": 0.763, "provenance": "INFERRED", "evidence": {"height": 1.0, "edge": 0.454, "texture": 0.998, "shadow": 0.0}, "height_is_metric": false}}, {"type": "Feature", "geometry": {"type": "Polygon", "coordinates": [[[700030.0448652229, 2795286.4754751488], [700024.7418344435, 2795284.616025541], [700026.1247720524, 2795280.658153193], [700031.4332347328, 2795282.5222717947], [700030.0448652229, 2795286.4754751488]]]}, "properties": {"id": 632, "height_m": 23.96, "interval_half_width_m": null, "coverage_nominal": null, "area_m2": null, "perimeter_m": null, "size_class": null, "confidence": null, "provenance": null, "evidence": null, "height_is_metric": false}}, {"type": "Feature", "geometry": {"type": "Polygon", "coordinates": [[[699983.8116051437, 2795283.7468298147], [699982.6303039762, 2795286.201591371], [699975.7768316263, 2795283.071260002], [699981.6338858024, 2795282.75215107], [699983.8116051437, 2795283.7468298147]]]}, "properties": {"id": 461, "height_m": 14.93, "interval_half_width_m": null, "coverage_nominal": null, "area_m2": 7.8, "perimeter_m": 22.7, "size_class": "tiny", "confidence": 0.9, "provenance": "INFERRED", "evidence": {"height": 1.0, "edge": 1.0, "texture": 1.0, "shadow": 0.0}, "height_is_metric": false}}, {"type": "Feature", "geometry": {"type": "Polygon", "coordinates": [[[700033.3359564516, 2795302.1921927417], [700024.8363129032, 2795250.944341935], [700051.3352016129, 2795270.1935346774], [700033.3359564516, 2795302.1921927417]]]}, "properties": {"id": 114, "height_m": 22.03, "interval_half_width_m": null, "coverage_nominal": null, "area_m2": 239.4, "perimeter_m": 96.3, "size_class": "medium", "confidence": 0.893, "provenance": "INFERRED", "evidence": {"height": 1.0, "edge": 1.0, "texture": 0.927, "shadow": 0.0}, "height_is_metric": false}}, {"type": "Feature", "geometry": {"type": "Polygon", "coordinates": [[[700057.5849395161, 2795288.692758871], [700057.33495, 2795282.693010484], [700064.3346564516, 2795272.4434403228], [700058.0849185485, 2795285.4428951615], [700063.084708871, 2795288.1927798386], [700057.5849395161, 2795288.692758871]]]}, "properties": {"id": 82, "height_m": 27.19, "interval_half_width_m": null, "coverage_nominal": null, "area_m2": 426.4, "perimeter_m": 222.4, "size_class": "medium", "confidence": 0.898, "provenance": "INFERRED", "evidence": {"height": 1.0, "edge": 1.0, "texture": 0.981, "shadow": 0.0}, "height_is_metric": false}}, {"type": "Feature", "geometry": {"type": "Polygon", "coordinates": [[[699818.0949830646, 2795291.4426435484], [699804.8455387097, 2795288.692758871], [699806.8454548387, 2795279.9431258063], [699801.8456645162, 2795277.9432096775], [699820.0948991936, 2795282.1930314517], [699818.0949830646, 2795291.4426435484]]]}, "properties": {"id": 636, "height_m": 13.07, "interval_half_width_m": null, "coverage_nominal": null, "area_m2": null, "perimeter_m": null, "size_class": null, "confidence": null, "provenance": null, "evidence": null, "height_is_metric": false}}, {"type": "Feature", "geometry": {"type": "Polygon", "coordinates": [[[699970.3385983871, 2795289.192737903], [699973.0884830646, 2795277.193241129], [699977.5882943548, 2795277.9432096775], [699977.3383048387, 2795279.443146774], [699980.3381790323, 2795283.192989516], [699973.5884620968, 2795280.943083871], [699970.3385983871, 2795289.192737903]]]}, "properties": {"id": 637, "height_m": 14.02, "interval_half_width_m": null, "coverage_nominal": null, "area_m2": null, "perimeter_m": null, "size_class": null, "confidence": null, "provenance": null, "evidence": null, "height_is_metric": false}}, {"type": "Feature", "geometry": {"type": "Polygon", "coordinates": [[[699978.5882829357, 2795281.646972809], [699981.710863165, 2795269.619309491], [699985.5658192965, 2795271.177136006], [699988.5494435612, 2795271.98023343], [699985.3205598067, 2795272.274807258], [699982.543240977, 2795282.711533877], [699978.5882829357, 2795281.646972809]]]}, "properties": {"id": 638, "height_m": 14.64, "interval_half_width_m": null, "coverage_nominal": null, "area_m2": null, "perimeter_m": null, "size_class": null, "confidence": null, "provenance": null, "evidence": null, "height_is_metric": false}}, {"type": "Feature", "geometry": {"type": "Polygon", "coordinates": [[[699964.9065294402, 2795289.017604867], [699961.7166912893, 2795285.856818232], [699968.7910100905, 2795278.2306426917], [699972.1907393414, 2795281.1667988542], [699964.9065294402, 2795289.017604867]]]}, "properties": {"id": 639, "height_m": 12.74, "interval_half_width_m": null, "coverage_nominal": null, "area_m2": null, "perimeter_m": null, "size_class": null, "confidence": null, "provenance": null, "evidence": null, "height_is_metric": false}}, {"type": "Feature", "geometry": {"type": "Polygon", "coordinates": [[[700074.0842475807, 2795283.6929685483], [700075.1485645184, 2795283.36641364], [700074.3746406758, 2795280.144045115], [700076.5060210181, 2795279.6255732058], [700077.5574295617, 2795284.3861462655], [700074.0842475807, 2795283.6929685483]]]}, "properties": {"id": 640, "height_m": 31.81, "interval_half_width_m": null, "coverage_nominal": null, "area_m2": null, "perimeter_m": null, "size_class": null, "confidence": null, "provenance": null, "evidence": null, "height_is_metric": false}}, {"type": "Feature", "geometry": {"type": "Polygon", "coordinates": [[[700057.8749358994, 2795280.746436844], [700052.4228330026, 2795275.036227096], [700047.902331662, 2795274.8535260176], [700054.7680715638, 2795268.2834280143], [700057.084960484, 2795268.4436080647], [700057.33495, 2795277.4432306453], [700060.9571125497, 2795277.797006092], [700057.8749358994, 2795280.746436844]]]}, "properties": {"id": 641, "height_m": 25.78, "interval_half_width_m": null, "coverage_nominal": null, "area_m2": null, "perimeter_m": null, "size_class": null, "confidence": null, "provenance": null, "evidence": null, "height_is_metric": false}}, {"type": "Feature", "geometry": {"type": "Polygon", "coordinates": [[[699964.4270573604, 2795277.1813092562], [699965.2411559098, 2795273.496801909], [699971.5427867784, 2795274.8888638914], [699970.5783039107, 2795279.451721854], [699964.9043322667, 2795278.1976240566], [699964.4270573604, 2795277.1813092562]]]}, "properties": {"id": 642, "height_m": 12.51, "interval_half_width_m": null, "coverage_nominal": null, "area_m2": null, "perimeter_m": null, "size_class": null, "confidence": null, "provenance": null, "evidence": null, "height_is_metric": false}}, {"type": "Feature", "geometry": {"type": "Polygon", "coordinates": [[[700008.4783258165, 2795279.162549411], [699999.7348265279, 2795276.994702092], [700000.9438517524, 2795272.1035803077], [700009.6916233228, 2795274.262394802], [700008.4783258165, 2795279.162549411]]]}, "properties": {"id": 170, "height_m": 19.06, "interval_half_width_m": null, "coverage_nominal": null, "area_m2": 120.7, "perimeter_m": 57.6, "size_class": "medium", "confidence": 0.894, "provenance": "INFERRED", "evidence": {"height": 1.0, "edge": 0.974, "texture": 1.0, "shadow": 0.0}, "height_is_metric": false}}, {"type": "Feature", "geometry": {"type": "Polygon", "coordinates": [[[700065.6379465219, 2795277.244874706], [700071.424965793, 2795275.5711167734], [700075.1176209919, 2795274.7157144146], [700076.4108711999, 2795279.9616797157], [700069.8303671388, 2795281.472724745], [700070.8343838709, 2795278.943167742], [700065.6379465219, 2795277.244874706]]]}, "properties": {"id": 153, "height_m": 31.03, "interval_half_width_m": null, "coverage_nominal": null, "area_m2": 148.1, "perimeter_m": 160.1, "size_class": "medium", "confidence": 0.899, "provenance": "INFERRED", "evidence": {"height": 1.0, "edge": 1.0, "texture": 0.987, "shadow": 0.0}, "height_is_metric": false}}, {"type": "Feature", "geometry": {"type": "Polygon", "coordinates": [[[699999.1467774586, 2795276.852770788], [699992.7683218089, 2795274.3006317243], [699994.1491537931, 2795270.855433189], [699993.3123053433, 2795268.255383536], [700001.3109933379, 2795271.453003343], [699999.1467774586, 2795276.852770788]]]}, "properties": {"id": 140, "height_m": 17.27, "interval_half_width_m": null, "coverage_nominal": null, "area_m2": 177.2, "perimeter_m": 63.5, "size_class": "medium", "confidence": 0.896, "provenance": "INFERRED", "evidence": {"height": 1.0, "edge": 0.983, "texture": 1.0, "shadow": 0.0}, "height_is_metric": false}}, {"type": "Feature", "geometry": {"type": "Polygon", "coordinates": [[[700183.5796556452, 2795275.193325], [700182.5796975807, 2795271.193492742], [700186.8295193549, 2795269.9435451613], [700188.0794669355, 2795273.9433774194], [700183.5796556452, 2795275.193325]]]}, "properties": {"id": 646, "height_m": 17.88, "interval_half_width_m": null, "coverage_nominal": null, "area_m2": null, "perimeter_m": null, "size_class": null, "confidence": null, "provenance": null, "evidence": null, "height_is_metric": false}}, {"type": "Feature", "geometry": {"type": "Polygon", "coordinates": [[[700180.9616013766, 2795274.7010971075], [700180.4434956632, 2795272.1648265184], [700181.5797395161, 2795270.6935137096], [700182.7504973026, 2795270.957662788], [700183.4133113029, 2795274.200080521], [700180.9616013766, 2795274.7010971075]]]}, "properties": {"id": 409, "height_m": 17.89, "interval_half_width_m": null, "coverage_nominal": null, "area_m2": 11.3, "perimeter_m": 28.0, "size_class": "tiny", "confidence": 0.661, "provenance": "INFERRED", "evidence": {"height": 1.0, "edge": 0.043, "texture": 1.0, "shadow": 0.0}, "height_is_metric": false}}, {"type": "Feature", "geometry": {"type": "Polygon", "coordinates": [[[699991.5877072581, 2795274.1933669355], [699986.3379274193, 2795269.9435451613], [699985.0879798387, 2795270.1935346774], [699989.0878120968, 2795265.693723387], [699992.8376548387, 2795268.693597581], [699994.0876024194, 2795271.193492742], [699991.5877072581, 2795274.1933669355]]]}, "properties": {"id": 648, "height_m": 15.87, "interval_half_width_m": null, "coverage_nominal": null, "area_m2": null, "perimeter_m": null, "size_class": null, "confidence": null, "provenance": null, "evidence": null, "height_is_metric": false}}, {"type": "Feature", "geometry": {"type": "Polygon", "coordinates": [[[700031.8722116847, 2795277.327848521], [700015.7091627117, 2795275.294303431], [700018.0249225288, 2795257.6841105577], [700027.0681528997, 2795258.901802411], [700025.2486491266, 2795269.6727130134], [700032.8447050807, 2795270.7809429043], [700031.8722116847, 2795277.327848521]]]}, "properties": {"id": 169, "height_m": 18.19, "interval_half_width_m": null, "coverage_nominal": null, "area_m2": 122.0, "perimeter_m": 152.8, "size_class": "medium", "confidence": 0.896, "provenance": "INFERRED", "evidence": {"height": 1.0, "edge": 1.0, "texture": 0.96, "shadow": 0.0}, "height_is_metric": false}}, {"type": "Feature", "geometry": {"type": "Polygon", "coordinates": [[[700069.155529717, 2795276.4557537464], [700067.4253471491, 2795267.7758199074], [700078.365165463, 2795265.657195378], [700079.8909803807, 2795274.6352429357], [700069.155529717, 2795276.4557537464]]]}, "properties": {"id": 650, "height_m": 31.6, "interval_half_width_m": null, "coverage_nominal": null, "area_m2": null, "perimeter_m": null, "size_class": null, "confidence": null, "provenance": null, "evidence": null, "height_is_metric": false}}, {"type": "Feature", "geometry": {"type": "Polygon", "coordinates": [[[700192.5792782259, 2795273.6933879033], [700189.5794040323, 2795270.9435032257], [700191.8293096775, 2795270.4435241935], [700192.5792782259, 2795273.6933879033]]]}, "properties": {"id": 19, "height_m": 17.77, "interval_half_width_m": null, "coverage_nominal": null, "area_m2": 1623.2, "perimeter_m": 235.9, "size_class": "large", "confidence": 0.724, "provenance": "INFERRED", "evidence": {"height": 1.0, "edge": 0.297, "texture": 0.997, "shadow": 0.0}, "height_is_metric": false}}, {"type": "Feature", "geometry": {"type": "Polygon", "coordinates": [[[700016.3361505778, 2795276.9973264937], [700005.5048787373, 2795271.7991497153], [700009.6929660399, 2795263.150342501], [700020.5632071934, 2795268.327340968], [700016.3361505778, 2795276.9973264937]]]}, "properties": {"id": 124, "height_m": 15.38, "interval_half_width_m": null, "coverage_nominal": null, "area_m2": 217.4, "perimeter_m": 130.4, "size_class": "medium", "confidence": 0.893, "provenance": "INFERRED", "evidence": {"height": 1.0, "edge": 1.0, "texture": 0.93, "shadow": 0.0}, "height_is_metric": false}}, {"type": "Feature", "geometry": {"type": "Polygon", "coordinates": [[[700179.1023958994, 2795276.4434556784], [700177.5416093037, 2795273.270615106], [700176.6879463735, 2795270.899163044], [700183.9208888934, 2795268.5056782155], [700179.7580385695, 2795272.2155751227], [700180.9680403157, 2795275.8260804466], [700179.1023958994, 2795276.4434556784]]]}, "properties": {"id": 653, "height_m": 17.95, "interval_half_width_m": null, "coverage_nominal": null, "area_m2": null, "perimeter_m": null, "size_class": null, "confidence": null, "provenance": null, "evidence": null, "height_is_metric": false}}, {"type": "Feature", "geometry": {"type": "Polygon", "coordinates": [[[699859.8432322581, 2795275.693304032], [699857.3433370969, 2795269.443566129], [699861.593158871, 2795267.44365], [699863.0930959678, 2795270.4435241935], [699860.0932217742, 2795271.94346129], [699862.0931379033, 2795274.6933459677], [699859.8432322581, 2795275.693304032]]]}, "properties": {"id": 654, "height_m": 17.79, "interval_half_width_m": null, "coverage_nominal": null, "area_m2": null, "perimeter_m": null, "size_class": null, "confidence": null, "provenance": null, "evidence": null, "height_is_metric": false}}, {"type": "Feature", "geometry": {"type": "Polygon", "coordinates": [[[700201.8288903226, 2795271.94346129], [700211.0785024194, 2795266.1937024193], [700216.8282612903, 2795269.693555645], [700201.8288903226, 2795271.94346129]]]}, "properties": {"id": 655, "height_m": 17.57, "interval_half_width_m": null, "coverage_nominal": null, "area_m2": null, "perimeter_m": null, "size_class": null, "confidence": null, "provenance": null, "evidence": null, "height_is_metric": false}}, {"type": "Feature", "geometry": {"type": "Polygon", "coordinates": [[[699879.890426202, 2795271.469115949], [699874.7510238144, 2795269.6552271745], [699876.7746053329, 2795263.918925991], [699873.6552750894, 2795260.5035723955], [699882.6411043032, 2795263.671713458], [699879.890426202, 2795271.469115949]]]}, "properties": {"id": 656, "height_m": 19.64, "interval_half_width_m": null, "coverage_nominal": null, "area_m2": null, "perimeter_m": null, "size_class": null, "confidence": null, "provenance": null, "evidence": null, "height_is_metric": false}}, {"type": "Feature", "geometry": {"type": "Polygon", "coordinates": [[[700193.5772832473, 2795271.8385767727], [700197.5624981984, 2795267.2034562156], [700201.324883139, 2795267.1838952685], [700201.3514628349, 2795271.7983562914], [700193.5772832473, 2795271.8385767727]]]}, "properties": {"id": 657, "height_m": 17.67, "interval_half_width_m": null, "coverage_nominal": null, "area_m2": null, "perimeter_m": null, "size_class": null, "confidence": null, "provenance": null, "evidence": null, "height_is_metric": false}}, {"type": "Feature", "geometry": {"type": "Polygon", "coordinates": [[[699864.8246212527, 2795273.5914024343], [699862.8581662449, 2795274.4280983023], [699860.8247279621, 2795272.4998954744], [699864.1143544086, 2795269.283813307], [699862.1076941775, 2795266.0890620323], [699867.3288497285, 2795271.0186953847], [699864.8246212527, 2795273.5914024343]]]}, "properties": {"id": 658, "height_m": 18.22, "interval_half_width_m": null, "coverage_nominal": null, "area_m2": null, "perimeter_m": null, "size_class": null, "confidence": null, "provenance": null, "evidence": null, "height_is_metric": false}}, {"type": "Feature", "geometry": {"type": "Polygon", "coordinates": [[[700188.639105331, 2795270.973866943], [700187.9223995479, 2795267.5690719862], [700190.1263476477, 2795267.105681996], [700191.1235897617, 2795268.2150104735], [700191.5855149699, 2795270.3543250533], [700188.639105331, 2795270.973866943]]]}, "properties": {"id": 659, "height_m": 17.68, "interval_half_width_m": null, "coverage_nominal": null, "area_m2": null, "perimeter_m": null, "size_class": null, "confidence": null, "provenance": null, "evidence": null, "height_is_metric": false}}, {"type": "Feature", "geometry": {"type": "Polygon", "coordinates": [[[699977.5257817177, 2795275.997978755], [699967.3946300521, 2795271.5329560447], [699970.1702704855, 2795265.228441386], [699974.3384306452, 2795264.943754839], [699974.6603013021, 2795267.514569877], [699980.1912430557, 2795269.9437587755], [699977.5257817177, 2795275.997978755]]]}, "properties": {"id": 660, "height_m": 13.45, "interval_half_width_m": null, "coverage_nominal": null, "area_m2": null, "perimeter_m": null, "size_class": null, "confidence": null, "provenance": null, "evidence": null, "height_is_metric": false}}, {"type": "Feature", "geometry": {"type": "Polygon", "coordinates": [[[700082.3339016129, 2795269.443566129], [700081.0839540323, 2795268.943587097], [700081.5839330646, 2795267.44365], [700079.8188703677, 2795264.2667507594], [700083.4954739936, 2795264.8917855825], [700082.9373614129, 2795267.922633819], [700082.3339016129, 2795269.443566129]]]}, "properties": {"id": 661, "height_m": 32.65, "interval_half_width_m": null, "coverage_nominal": null, "area_m2": null, "perimeter_m": null, "size_class": null, "confidence": null, "provenance": null, "evidence": null, "height_is_metric": false}}, {"type": "Feature", "geometry": {"type": "Polygon", "coordinates": [[[700186.0795508064, 2795270.6935137096], [700185.3694670601, 2795269.7046330613], [700186.7896345529, 2795264.43269839], [700188.3342169942, 2795266.9449526523], [700187.3247378446, 2795270.6922320253], [700186.0795508064, 2795270.6935137096]]]}, "properties": {"id": 662, "height_m": 17.68, "interval_half_width_m": null, "coverage_nominal": null, "area_m2": null, "perimeter_m": null, "size_class": null, "confidence": null, "provenance": null, "evidence": null, "height_is_metric": false}}, {"type": "Feature", "geometry": {"type": "Polygon", "coordinates": [[[700058.0697519481, 2795277.8187642125], [700056.0434697373, 2795270.6731593385], [700059.3505820227, 2795263.8953368925], [700063.8756608081, 2795266.1369421044], [700058.0697519481, 2795277.8187642125]]]}, "properties": {"id": 663, "height_m": 26.37, "interval_half_width_m": null, "coverage_nominal": null, "area_m2": null, "perimeter_m": null, "size_class": null, "confidence": null, "provenance": null, "evidence": null, "height_is_metric": false}}, {"type": "Feature", "geometry": {"type": "Polygon", "coordinates": [[[700090.1646584177, 2795270.707642756], [700086.781926745, 2795270.6968705026], [700086.822330324, 2795267.949427129], [700083.313657888, 2795267.9435374835], [700083.3013598197, 2795265.7878661673], [700087.613892587, 2795265.8263472198], [700087.5882894127, 2795268.693658613], [700090.1646584177, 2795270.707642756]]]}, "properties": {"id": 664, "height_m": 34.56, "interval_half_width_m": null, "coverage_nominal": null, "area_m2": null, "perimeter_m": null, "size_class": null, "confidence": null, "provenance": null, "evidence": null, "height_is_metric": false}}, {"type": "Feature", "geometry": {"type": "Polygon", "coordinates": [[[700192.4657270797, 2795270.5986385383], [700186.1722288046, 2795263.4635923035], [700191.2239883833, 2795259.1849326272], [700189.2055793775, 2795264.037054582], [700191.134362015, 2795266.3940114016], [700192.3235821619, 2795265.251145512], [700195.0299505979, 2795268.4268241003], [700192.4657270797, 2795270.5986385383]]]}, "properties": {"id": 665, "height_m": 17.59, "interval_half_width_m": null, "coverage_nominal": null, "area_m2": null, "perimeter_m": null, "size_class": null, "confidence": null, "provenance": null, "evidence": null, "height_is_metric": false}}, {"type": "Feature", "geometry": {"type": "Polygon", "coordinates": [[[700220.4741350038, 2795268.0732317516], [700216.4786970927, 2795270.249013308], [700214.288054099, 2795265.9028210635], [700214.078376613, 2795264.6937653227], [700218.5720541272, 2795264.2995862965], [700220.4741350038, 2795268.0732317516]]]}, "properties": {"id": 666, "height_m": 17.35, "interval_half_width_m": null, "coverage_nominal": null, "area_m2": null, "perimeter_m": null, "size_class": null, "confidence": null, "provenance": null, "evidence": null, "height_is_metric": false}}, {"type": "Feature", "geometry": {"type": "Polygon", "coordinates": [[[699873.1032047359, 2795269.0846029115], [699850.9890961299, 2795264.704384994], [699852.6585207477, 2795255.738421891], [699874.8715937092, 2795259.748019364], [699873.1032047359, 2795269.0846029115]]]}, "properties": {"id": 667, "height_m": 18.65, "interval_half_width_m": null, "coverage_nominal": null, "area_m2": null, "perimeter_m": null, "size_class": null, "confidence": null, "provenance": null, "evidence": null, "height_is_metric": false}}, {"type": "Feature", "geometry": {"type": "Polygon", "coordinates": [[[700092.3647919802, 2795270.873071609], [700088.3023402779, 2795268.2640501647], [700087.0391181075, 2795265.6666859468], [700088.1232096066, 2795263.978646387], [700092.3256090531, 2795266.6774162645], [700091.3464325878, 2795268.202071563], [700092.3647919802, 2795270.873071609]]]}, "properties": {"id": 668, "height_m": 35.25, "interval_half_width_m": null, "coverage_nominal": null, "area_m2": null, "perimeter_m": null, "size_class": null, "confidence": null, "provenance": null, "evidence": null, "height_is_metric": false}}, {"type": "Feature", "geometry": {"type": "Polygon", "coordinates": [[[700203.0788379032, 2795268.943587097], [700202.8288483871, 2795260.9439225807], [700203.3288274194, 2795262.193870161], [700213.5783975807, 2795260.9439225807], [700214.5783556452, 2795267.943629032], [700203.0788379032, 2795268.943587097]]]}, "properties": {"id": 669, "height_m": 17.37, "interval_half_width_m": null, "coverage_nominal": null, "area_m2": null, "perimeter_m": null, "size_class": null, "confidence": null, "provenance": null, "evidence": null, "height_is_metric": false}}, {"type": "Feature", "geometry": {"type": "Polygon", "coordinates": [[[700195.0286383971, 2795269.7470202], [700193.4664785679, 2795266.372131216], [700194.9815517487, 2795265.200427424], [700198.1766692192, 2795263.6871241885], [700197.7423612609, 2795268.4617042295], [700195.0286383971, 2795269.7470202]]]}, "properties": {"id": 670, "height_m": 17.55, "interval_half_width_m": null, "coverage_nominal": null, "area_m2": null, "perimeter_m": null, "size_class": null, "confidence": null, "provenance": null, "evidence": null, "height_is_metric": false}}, {"type": "Feature", "geometry": {"type": "Polygon", "coordinates": [[[700079.5621062333, 2795263.6282887654], [700089.5449029143, 2795260.2948103985], [700090.7388225712, 2795263.897564582], [700086.7390513457, 2795265.2046691896], [700079.5621062333, 2795263.6282887654]]]}, "properties": {"id": 86, "height_m": 34.39, "interval_half_width_m": null, "coverage_nominal": null, "area_m2": 377.4, "perimeter_m": 182.9, "size_class": "medium", "confidence": 0.876, "provenance": "INFERRED", "evidence": {"height": 1.0, "edge": 0.914, "texture": 0.979, "shadow": 0.0}, "height_is_metric": false}}, {"type": "Feature", "geometry": {"type": "Polygon", "coordinates": [[[700064.6438170703, 2795276.2038417035], [700068.0459571087, 2795256.5271156216], [700072.2610818517, 2795257.1820869334], [700070.3870149371, 2795267.862058967], [700064.6438170703, 2795276.2038417035]]]}, "properties": {"id": 672, "height_m": 21.18, "interval_half_width_m": null, "coverage_nominal": null, "area_m2": null, "perimeter_m": null, "size_class": null, "confidence": null, "provenance": null, "evidence": null, "height_is_metric": false}}, {"type": "Feature", "geometry": {"type": "Polygon", "coordinates": [[[700092.5441972982, 2795266.1252238457], [700089.6377029776, 2795261.3576320373], [700093.3997217226, 2795259.1031489475], [700093.9460244958, 2795259.2124278117], [700096.6395760864, 2795263.6709810668], [700092.5441972982, 2795266.1252238457]]]}, "properties": {"id": 673, "height_m": 35.96, "interval_half_width_m": null, "coverage_nominal": null, "area_m2": null, "perimeter_m": null, "size_class": null, "confidence": null, "provenance": null, "evidence": null, "height_is_metric": false}}, {"type": "Feature", "geometry": {"type": "Polygon", "coordinates": [[[699987.2995112387, 2795269.1787762083], [699980.7181069468, 2795270.4861554625], [699974.0641654137, 2795267.8468923667], [699976.9847735222, 2795260.492678077], [699988.8740759431, 2795265.213915628], [699987.2995112387, 2795269.1787762083]]]}, "properties": {"id": 674, "height_m": 14.63, "interval_half_width_m": null, "coverage_nominal": null, "area_m2": null, "perimeter_m": null, "size_class": null, "confidence": null, "provenance": null, "evidence": null, "height_is_metric": false}}, {"type": "Feature", "geometry": {"type": "Polygon", "coordinates": [[[700072.3343209678, 2795264.6937653227], [700072.3343209678, 2795263.1938282256], [700072.8343, 2795262.193870161], [700074.5842266129, 2795262.6938491934], [700075.3341951614, 2795263.693807258], [700075.0842056451, 2795264.1937862905], [700072.5843104839, 2795264.943754839], [700072.3343209678, 2795264.6937653227]]]}, "properties": {"id": 675, "height_m": 30.05, "interval_half_width_m": null, "coverage_nominal": null, "area_m2": null, "perimeter_m": null, "size_class": null, "confidence": null, "provenance": null, "evidence": null, "height_is_metric": false}}, {"type": "Feature", "geometry": {"type": "Polygon", "coordinates": [[[700190.8422294909, 2795265.834434039], [700190.8116826762, 2795258.1940684193], [700194.4311597915, 2795256.1797791137], [700194.482030461, 2795265.817283879], [700190.8422294909, 2795265.834434039]]]}, "properties": {"id": 676, "height_m": 17.39, "interval_half_width_m": null, "coverage_nominal": null, "area_m2": null, "perimeter_m": null, "size_class": null, "confidence": null, "provenance": null, "evidence": null, "height_is_metric": false}}, {"type": "Feature", "geometry": {"type": "Polygon", "coordinates": [[[699892.6592235996, 2795265.5989702805], [699888.7878802158, 2795263.9803552995], [699891.1572419108, 2795257.124563711], [699886.856015432, 2795252.949110156], [699888.0541310799, 2795249.303480573], [699897.2871117941, 2795252.2080523665], [699892.6592235996, 2795265.5989702805]]]}, "properties": {"id": 33, "height_m": 20.62, "interval_half_width_m": null, "coverage_nominal": null, "area_m2": 1101.6, "perimeter_m": 282.0, "size_class": "large", "confidence": 0.9, "provenance": "INFERRED", "evidence": {"height": 1.0, "edge": 1.0, "texture": 0.996, "shadow": 0.0}, "height_is_metric": false}}, {"type": "Feature", "geometry": {"type": "Polygon", "coordinates": [[[699963.6532250667, 2795263.4876391464], [699967.9251253827, 2795255.1354503515], [699974.5621456284, 2795258.4944708603], [699976.1323007278, 2795254.8013884337], [699980.1902817923, 2795256.2968091182], [699974.5678674344, 2795268.698175025], [699963.6532250667, 2795263.4876391464]]]}, "properties": {"id": 466, "height_m": 12.88, "interval_half_width_m": null, "coverage_nominal": null, "area_m2": 7.6, "perimeter_m": 12.2, "size_class": "tiny", "confidence": 0.9, "provenance": "INFERRED", "evidence": {"height": 1.0, "edge": 1.0, "texture": 1.0, "shadow": 0.0}, "height_is_metric": false}}, {"type": "Feature", "geometry": {"type": "Polygon", "coordinates": [[[700215.4681193563, 2795263.9085504496], [700212.4443203849, 2795252.501527608], [700214.7079583643, 2795251.785340602], [700216.6399146969, 2795258.267368568], [700217.6312976816, 2795262.0075376434], [700215.4681193563, 2795263.9085504496]]]}, "properties": {"id": 679, "height_m": 16.89, "interval_half_width_m": null, "coverage_nominal": null, "area_m2": null, "perimeter_m": null, "size_class": null, "confidence": null, "provenance": null, "evidence": null, "height_is_metric": false}}, {"type": "Feature", "geometry": {"type": "Polygon", "coordinates": [[[699817.8449935485, 2795265.193744355], [699830.8444483872, 2795236.194960484], [699828.594542742, 2795261.193912097], [699817.8449935485, 2795265.193744355]]]}, "properties": {"id": 76, "height_m": 10.92, "interval_half_width_m": null, "coverage_nominal": null, "area_m2": 456.1, "perimeter_m": 168.4, "size_class": "medium", "confidence": 0.896, "provenance": "INFERRED", "evidence": {"height": 1.0, "edge": 1.0, "texture": 0.959, "shadow": 0.0}, "height_is_metric": false}}, {"type": "Feature", "geometry": {"type": "Polygon", "coordinates": [[[699882.7826541532, 2795262.9230265943], [699883.4877790011, 2795260.9344014954], [699885.0773119498, 2795261.4906830983], [699889.1327296454, 2795256.7771356544], [699890.9614645988, 2795257.4131868607], [699888.3607130714, 2795264.8751542], [699882.7826541532, 2795262.9230265943]]]}, "properties": {"id": 681, "height_m": 20.21, "interval_half_width_m": null, "coverage_nominal": null, "area_m2": null, "perimeter_m": null, "size_class": null, "confidence": null, "provenance": null, "evidence": null, "height_is_metric": false}}, {"type": "Feature", "geometry": {"type": "Polygon", "coordinates": [[[700097.1826136156, 2795262.5747745973], [700094.6367303928, 2795258.9390017786], [700096.8332935484, 2795259.4439854836], [700097.3332725806, 2795257.694058871], [700098.8332096775, 2795257.444069355], [700098.1143677534, 2795258.6714348746], [700099.6493985932, 2795260.840624911], [700097.1826136156, 2795262.5747745973]]]}, "properties": {"id": 156, "height_m": 36.67, "interval_half_width_m": null, "coverage_nominal": null, "area_m2": 141.0, "perimeter_m": 95.9, "size_class": "medium", "confidence": 0.831, "provenance": "INFERRED", "evidence": {"height": 1.0, "edge": 0.731, "texture": 0.986, "shadow": 0.0}, "height_is_metric": false}}, {"type": "Feature", "geometry": {"type": "Polygon", "coordinates": [[[700198.5790266129, 2795267.1936604837], [700198.5790266129, 2795263.9437967744], [700194.829183871, 2795263.1938282256], [700202.0788798387, 2795258.194037903], [700202.0788798387, 2795267.1936604837], [700198.5790266129, 2795267.1936604837]]]}, "properties": {"id": 683, "height_m": 17.36, "interval_half_width_m": null, "coverage_nominal": null, "area_m2": null, "perimeter_m": null, "size_class": null, "confidence": null, "provenance": null, "evidence": null, "height_is_metric": false}}, {"type": "Feature", "geometry": {"type": "Polygon", "coordinates": [[[700050.617397243, 2795269.37636924], [700055.0101268424, 2795256.266414885], [700061.6833699342, 2795258.6159867607], [700058.2790632385, 2795268.2665525014], [700050.617397243, 2795269.37636924]]]}, "properties": {"id": 684, "height_m": 25.43, "interval_half_width_m": null, "coverage_nominal": null, "area_m2": null, "perimeter_m": null, "size_class": null, "confidence": null, "provenance": null, "evidence": null, "height_is_metric": false}}, {"type": "Feature", "geometry": {"type": "Polygon", "coordinates": [[[700079.2265795328, 2795262.9409701778], [700078.2631799938, 2795257.6329652416], [700091.4682841671, 2795255.29358581], [700087.8772177255, 2795261.408441674], [700079.2265795328, 2795262.9409701778]]]}, "properties": {"id": 685, "height_m": 34.02, "interval_half_width_m": null, "coverage_nominal": null, "area_m2": null, "perimeter_m": null, "size_class": null, "confidence": null, "provenance": null, "evidence": null, "height_is_metric": false}}, {"type": "Feature", "geometry": {"type": "Polygon", "coordinates": [[[700204.1894175493, 2795261.5270280098], [700202.6563702688, 2795254.0813868903], [700212.2164857014, 2795252.1100035002], [700213.7522184161, 2795259.5579638584], [700204.1894175493, 2795261.5270280098]]]}, "properties": {"id": 686, "height_m": 16.89, "interval_half_width_m": null, "coverage_nominal": null, "area_m2": null, "perimeter_m": null, "size_class": null, "confidence": null, "provenance": null, "evidence": null, "height_is_metric": false}}, {"type": "Feature", "geometry": {"type": "Polygon", "coordinates": [[[700195.6008189912, 2795260.2443059245], [700195.0258003813, 2795255.4866624293], [700197.9335458701, 2795255.142347035], [700198.5062757577, 2795259.902920095], [700195.6008189912, 2795260.2443059245]]]}, "properties": {"id": 687, "height_m": 17.02, "interval_half_width_m": null, "coverage_nominal": null, "area_m2": null, "perimeter_m": null, "size_class": null, "confidence": null, "provenance": null, "evidence": null, "height_is_metric": false}}, {"type": "Feature", "geometry": {"type": "Polygon", "coordinates": [[[699814.1475244035, 2795257.6633289587], [699817.6108267329, 2795256.946806273], [699818.32914988, 2795252.691552598], [699820.8448677419, 2795254.444195161], [699822.8475989995, 2795252.465670957], [699821.7896370809, 2795258.9533749553], [699814.1475244035, 2795257.6633289587]]]}, "properties": {"id": 186, "height_m": 9.95, "interval_half_width_m": null, "coverage_nominal": null, "area_m2": 96.1, "perimeter_m": 61.5, "size_class": "small", "confidence": 0.899, "provenance": "INFERRED", "evidence": {"height": 1.0, "edge": 1.0, "texture": 0.995, "shadow": 0.0}, "height_is_metric": false}}, {"type": "Feature", "geometry": {"type": "Polygon", "coordinates": [[[700097.5422176755, 2795259.169064152], [700092.7908605379, 2795258.6758292215], [700093.5123573799, 2795253.188357935], [700093.7015279133, 2795251.420029994], [700096.0854916573, 2795253.6723769433], [700098.1176940299, 2795253.789376431], [700097.5422176755, 2795259.169064152]]]}, "properties": {"id": 689, "height_m": 36.08, "interval_half_width_m": null, "coverage_nominal": null, "area_m2": null, "perimeter_m": null, "size_class": null, "confidence": null, "provenance": null, "evidence": null, "height_is_metric": false}}, {"type": "Feature", "geometry": {"type": "Polygon", "coordinates": [[[700099.2559519586, 2795257.762812091], [700099.0831991936, 2795253.4442370967], [700100.6167957674, 2795252.995433897], [700102.3766401773, 2795256.0741927214], [700099.2559519586, 2795257.762812091]]]}, "properties": {"id": 690, "height_m": 37.06, "interval_half_width_m": null, "coverage_nominal": null, "area_m2": null, "perimeter_m": null, "size_class": null, "confidence": null, "provenance": null, "evidence": null, "height_is_metric": false}}, {"type": "Feature", "geometry": {"type": "Polygon", "coordinates": [[[700198.8445794412, 2795257.943834773], [700198.5413084682, 2795255.5581621164], [700202.4405895232, 2795255.06736849], [700202.7392525352, 2795257.457069298], [700198.8445794412, 2795257.943834773]]]}, "properties": {"id": 691, "height_m": 16.82, "interval_half_width_m": null, "coverage_nominal": null, "area_m2": null, "perimeter_m": null, "size_class": null, "confidence": null, "provenance": null, "evidence": null, "height_is_metric": false}}, {"type": "Feature", "geometry": {"type": "Polygon", "coordinates": [[[699896.8781628798, 2795260.6979306997], [699894.2497941025, 2795258.902687384], [699895.5029153782, 2795252.606076446], [699893.930624138, 2795251.53251307], [699899.3415758065, 2795248.6944362903], [699902.1469696306, 2795252.9815794975], [699896.8781628798, 2795260.6979306997]]]}, "properties": {"id": 515, "height_m": 20.95, "interval_half_width_m": null, "coverage_nominal": null, "area_m2": 6.1, "perimeter_m": 12.1, "size_class": "tiny", "confidence": 0.891, "provenance": "INFERRED", "evidence": {"height": 1.0, "edge": 0.962, "texture": 1.0, "shadow": 0.0}, "height_is_metric": false}}, {"type": "Feature", "geometry": {"type": "Polygon", "coordinates": [[[700195.6359127343, 2795254.572516196], [700201.5221404915, 2795251.8159789653], [700204.9215645795, 2795252.6288110884], [700198.2362370335, 2795255.759600202], [700195.6359127343, 2795254.572516196]]]}, "properties": {"id": 693, "height_m": 16.7, "interval_half_width_m": null, "coverage_nominal": null, "area_m2": null, "perimeter_m": null, "size_class": null, "confidence": null, "provenance": null, "evidence": null, "height_is_metric": false}}, {"type": "Feature", "geometry": {"type": "Polygon", "coordinates": [[[699866.5929491936, 2795255.694142742], [699853.5934943549, 2795250.694352419], [699857.8433161291, 2795247.44448871], [699866.5929491936, 2795255.694142742]]]}, "properties": {"id": 694, "height_m": 17.31, "interval_half_width_m": null, "coverage_nominal": null, "area_m2": null, "perimeter_m": null, "size_class": null, "confidence": null, "provenance": null, "evidence": null, "height_is_metric": false}}, {"type": "Feature", "geometry": {"type": "Polygon", "coordinates": [[[699952.8544836002, 2795261.197238373], [699950.4123863081, 2795258.2106387694], [699951.7664249823, 2795251.9276991338], [699958.5049576944, 2795249.4697333663], [699957.7940957824, 2795252.597135171], [699963.2180473941, 2795253.7660314627], [699959.7689122561, 2795258.8523660074], [699953.6442911761, 2795257.532383522], [699952.8544836002, 2795261.197238373]]]}, "properties": {"id": 144, "height_m": 5.32, "interval_half_width_m": null, "coverage_nominal": null, "area_m2": 169.9, "perimeter_m": 120.0, "size_class": "medium", "confidence": 0.992, "provenance": "INFERRED", "evidence": {"height": 1.0, "edge": 1.0, "texture": 0.924, "shadow": 1.0}, "height_is_metric": false}}, {"type": "Feature", "geometry": {"type": "Polygon", "coordinates": [[[699974.7548255363, 2795258.371185015], [699970.1058658378, 2795255.9112356883], [699965.571540614, 2795245.9774481826], [699960.088738321, 2795242.393034294], [699966.172650659, 2795239.569330691], [699974.7548255363, 2795258.371185015]]]}, "properties": {"id": 412, "height_m": 11.61, "interval_half_width_m": null, "coverage_nominal": null, "area_m2": 10.9, "perimeter_m": 15.2, "size_class": "tiny", "confidence": 1.0, "provenance": "INFERRED", "evidence": {"height": 1.0, "edge": 1.0, "texture": 1.0, "shadow": 1.0}, "height_is_metric": false}}, {"type": "Feature", "geometry": {"type": "Polygon", "coordinates": [[[700219.0781669355, 2795263.4438177417], [700217.0782508064, 2795250.694352419], [700224.0779572581, 2795249.6943943547], [700219.0781669355, 2795263.4438177417]]]}, "properties": {"id": 697, "height_m": 16.7, "interval_half_width_m": null, "coverage_nominal": null, "area_m2": null, "perimeter_m": null, "size_class": null, "confidence": null, "provenance": null, "evidence": null, "height_is_metric": false}}, {"type": "Feature", "geometry": {"type": "Polygon", "coordinates": [[[700096.083325, 2795253.4442370967], [700096.083325, 2795251.9443], [700095.1117165767, 2795251.239678671], [700097.6519237681, 2795249.5800192687], [700099.2361468809, 2795252.0132973506], [700098.3332306452, 2795253.1942475806], [700096.083325, 2795253.4442370967]]]}, "properties": {"id": 698, "height_m": 36.09, "interval_half_width_m": null, "coverage_nominal": null, "area_m2": null, "perimeter_m": null, "size_class": null, "confidence": null, "provenance": null, "evidence": null, "height_is_metric": false}}, {"type": "Feature", "geometry": {"type": "Polygon", "coordinates": [[[700088.7122046811, 2795253.2656252026], [700090.5959757786, 2795249.5550569366], [700093.3955104735, 2795250.986851139], [700092.380416325, 2795252.9697086574], [700088.7122046811, 2795253.2656252026]]]}, "properties": {"id": 404, "height_m": 34.58, "interval_half_width_m": null, "coverage_nominal": null, "area_m2": 11.7, "perimeter_m": 21.8, "size_class": "tiny", "confidence": 0.71, "provenance": "INFERRED", "evidence": {"height": 1.0, "edge": 0.238, "texture": 1.0, "shadow": 0.0}, "height_is_metric": false}}, {"type": "Feature", "geometry": {"type": "Polygon", "coordinates": [[[700241.9718906737, 2795254.893761269], [700238.1757241909, 2795253.976532889], [700240.0772862904, 2795252.9442580645], [700237.5760789282, 2795250.701615298], [700241.0735213665, 2795251.425431379], [700243.5891324214, 2795245.724284971], [700241.9718906737, 2795254.893761269]]]}, "properties": {"id": 179, "height_m": 13.08, "interval_half_width_m": null, "coverage_nominal": null, "area_m2": 101.4, "perimeter_m": 76.1, "size_class": "small", "confidence": 0.726, "provenance": "INFERRED", "evidence": {"height": 1.0, "edge": 0.305, "texture": 1.0, "shadow": 0.0}, "height_is_metric": false}}, {"type": "Feature", "geometry": {"type": "Polygon", "coordinates": [[[700002.4682324042, 2795257.022059465], [700020.5162426103, 2795237.987884561], [700031.8131626474, 2795248.3907686053], [700013.298924435, 2795267.626351078], [700002.4682324042, 2795257.022059465]]]}, "properties": {"id": 701, "height_m": 20.33, "interval_half_width_m": null, "coverage_nominal": null, "area_m2": null, "perimeter_m": null, "size_class": null, "confidence": null, "provenance": null, "evidence": null, "height_is_metric": false}}, {"type": "Feature", "geometry": {"type": "Polygon", "coordinates": [[[700034.8758088667, 2795252.6280176644], [700033.8530551273, 2795249.015589814], [700038.9991100678, 2795249.8198468573], [700039.6552104825, 2795244.997936038], [700044.3242956798, 2795247.8957332135], [700043.5567802599, 2795253.8092120253], [700034.8758088667, 2795252.6280176644]]]}, "properties": {"id": 118, "height_m": 20.66, "interval_half_width_m": null, "coverage_nominal": null, "area_m2": 232.2, "perimeter_m": 100.6, "size_class": "medium", "confidence": 0.9, "provenance": "INFERRED", "evidence": {"height": 1.0, "edge": 1.0, "texture": 1.0, "shadow": 0.0}, "height_is_metric": false}}, {"type": "Feature", "geometry": {"type": "Polygon", "coordinates": [[[700090.8213691582, 2795249.0922467555], [700093.2217811869, 2795245.7113155443], [700095.9361754094, 2795247.711567353], [700097.7594632035, 2795245.1379142986], [700096.7353057144, 2795249.1197724566], [700094.77615936, 2795251.893978624], [700090.8213691582, 2795249.0922467555]]]}, "properties": {"id": 703, "height_m": 35.36, "interval_half_width_m": null, "coverage_nominal": null, "area_m2": null, "perimeter_m": null, "size_class": null, "confidence": null, "provenance": null, "evidence": null, "height_is_metric": false}}, {"type": "Feature", "geometry": {"type": "Polygon", "coordinates": [[[700099.2681889943, 2795249.63317866], [700103.0655456127, 2795241.9316278626], [700096.8507793874, 2795235.9580624597], [700103.0830314517, 2795237.6948975804], [700105.3979368123, 2795243.25588263], [700099.2681889943, 2795249.63317866]]]}, "properties": {"id": 704, "height_m": 36.85, "interval_half_width_m": null, "coverage_nominal": null, "area_m2": null, "perimeter_m": null, "size_class": null, "confidence": null, "provenance": null, "evidence": null, "height_is_metric": false}}, {"type": "Feature", "geometry": {"type": "Polygon", "coordinates": [[[699972.3696258824, 2795252.0088114548], [699969.3155089684, 2795243.590737972], [699975.575408799, 2795241.3728439235], [699978.5932570923, 2795249.805717811], [699972.3696258824, 2795252.0088114548]]]}, "properties": {"id": 117, "height_m": 7.35, "interval_half_width_m": null, "coverage_nominal": null, "area_m2": 234.2, "perimeter_m": 170.9, "size_class": "medium", "confidence": 0.894, "provenance": "INFERRED", "evidence": {"height": 1.0, "edge": 1.0, "texture": 0.941, "shadow": 0.0}, "height_is_metric": false}}, {"type": "Feature", "geometry": {"type": "Polygon", "coordinates": [[[699811.581736925, 2795251.4563443894], [699814.0340037737, 2795243.22356587], [699825.3026962348, 2795246.9070966956], [699821.2879109905, 2795248.8153418642], [699825.9015938482, 2795250.323457329], [699820.7115267763, 2795254.440685787], [699811.581736925, 2795251.4563443894]]]}, "properties": {"id": 299, "height_m": 9.85, "interval_half_width_m": null, "coverage_nominal": null, "area_m2": 28.6, "perimeter_m": 42.4, "size_class": "small", "confidence": 0.897, "provenance": "INFERRED", "evidence": {"height": 1.0, "edge": 1.0, "texture": 0.97, "shadow": 0.0}, "height_is_metric": false}}, {"type": "Feature", "geometry": {"type": "Polygon", "coordinates": [[[699845.6501018929, 2795248.2293984196], [699839.5940814517, 2795247.694478226], [699839.501868827, 2795245.131627941], [699837.3654151502, 2795243.8744479977], [699839.1355816979, 2795240.567030549], [699847.3169783999, 2795245.4204647047], [699845.6501018929, 2795248.2293984196]]]}, "properties": {"id": 187, "height_m": 8.16, "interval_half_width_m": null, "coverage_nominal": null, "area_m2": 94.5, "perimeter_m": 69.8, "size_class": "small", "confidence": 0.897, "provenance": "INFERRED", "evidence": {"height": 1.0, "edge": 0.992, "texture": 0.988, "shadow": 0.0}, "height_is_metric": false}}, {"type": "Feature", "geometry": {"type": "Polygon", "coordinates": [[[699896.8449611473, 2795249.9953460894], [699892.3030068489, 2795250.480524717], [699891.7738694936, 2795246.3846271513], [699896.445319704, 2795245.9173005586], [699896.8449611473, 2795249.9953460894]]]}, "properties": {"id": 708, "height_m": 20.29, "interval_half_width_m": null, "coverage_nominal": null, "area_m2": null, "perimeter_m": null, "size_class": null, "confidence": null, "provenance": null, "evidence": null, "height_is_metric": false}}, {"type": "Feature", "geometry": {"type": "Polygon", "coordinates": [[[699987.2161864861, 2795256.574721047], [699971.5473642232, 2795240.9639865584], [699983.8815637577, 2795228.722281924], [699999.4567315009, 2795244.517762083], [699987.2161864861, 2795256.574721047]]]}, "properties": {"id": 709, "height_m": 19.75, "interval_half_width_m": null, "coverage_nominal": null, "area_m2": null, "perimeter_m": null, "size_class": null, "confidence": null, "provenance": null, "evidence": null, "height_is_metric": false}}, {"type": "Feature", "geometry": {"type": "Polygon", "coordinates": [[[700013.8367741936, 2795246.9445096776], [700003.3372145161, 2795247.44448871], [699995.33755, 2795239.1948346775], [700013.8367741936, 2795246.9445096776]]]}, "properties": {"id": 128, "height_m": 13.48, "interval_half_width_m": null, "coverage_nominal": null, "area_m2": 209.3, "perimeter_m": 66.1, "size_class": "medium", "confidence": 0.877, "provenance": "INFERRED", "evidence": {"height": 1.0, "edge": 0.91, "texture": 0.996, "shadow": 0.0}, "height_is_metric": false}}, {"type": "Feature", "geometry": {"type": "Polygon", "coordinates": [[[700087.3336919355, 2795247.44448871], [700085.5837653226, 2795245.9445516127], [700086.0837443549, 2795244.444614516], [700086.5837233871, 2795244.9445935483], [700087.3336919355, 2795244.9445935483], [700088.083660484, 2795245.4445725805], [700087.3336919355, 2795247.44448871]]]}, "properties": {"id": 711, "height_m": 32.92, "interval_half_width_m": null, "coverage_nominal": null, "area_m2": null, "perimeter_m": null, "size_class": null, "confidence": null, "provenance": null, "evidence": null, "height_is_metric": false}}, {"type": "Feature", "geometry": {"type": "Polygon", "coordinates": [[[700096.0281515326, 2795246.699707932], [700093.055894589, 2795245.93484743], [700093.758257712, 2795243.2283264124], [700092.3415690771, 2795242.696793528], [700093.5753430197, 2795237.942781472], [700094.3333983872, 2795242.1947088707], [700096.4912058439, 2795244.9154504836], [700096.0281515326, 2795246.699707932]]]}, "properties": {"id": 712, "height_m": 35.0, "interval_half_width_m": null, "coverage_nominal": null, "area_m2": null, "perimeter_m": null, "size_class": null, "confidence": null, "provenance": null, "evidence": null, "height_is_metric": false}}, {"type": "Feature", "geometry": {"type": "Polygon", "coordinates": [[[700045.585442742, 2795247.44448871], [700045.0854637097, 2795247.944467742], [700040.3356629033, 2795245.4445725805], [700040.5856524194, 2795244.194625], [700041.3356209678, 2795243.944635484], [700045.8354322581, 2795246.194541129], [700045.585442742, 2795247.44448871]]]}, "properties": {"id": 713, "height_m": 21.14, "interval_half_width_m": null, "coverage_nominal": null, "area_m2": null, "perimeter_m": null, "size_class": null, "confidence": null, "provenance": null, "evidence": null, "height_is_metric": false}}, {"type": "Feature", "geometry": {"type": "Polygon", "coordinates": [[[699788.4289565155, 2795245.4536359212], [699803.012890041, 2795235.685918111], [699802.658786544, 2795244.6407122496], [699795.0327979157, 2795249.748286138], [699788.4289565155, 2795245.4536359212]]]}, "properties": {"id": 95, "height_m": 7.77, "interval_half_width_m": null, "coverage_nominal": null, "area_m2": 324.6, "perimeter_m": 115.4, "size_class": "medium", "confidence": 0.897, "provenance": "INFERRED", "evidence": {"height": 1.0, "edge": 1.0, "texture": 0.97, "shadow": 0.0}, "height_is_metric": false}}, {"type": "Feature", "geometry": {"type": "Polygon", "coordinates": [[[699853.3435048388, 2795249.1944153225], [699852.3435467742, 2795243.694645968], [699854.8434419355, 2795241.4447403224], [699857.593326613, 2795246.444530645], [699856.3433790323, 2795248.6944362903], [699853.3435048388, 2795249.1944153225]]]}, "properties": {"id": 715, "height_m": 16.14, "interval_half_width_m": null, "coverage_nominal": null, "area_m2": null, "perimeter_m": null, "size_class": null, "confidence": null, "provenance": null, "evidence": null, "height_is_metric": false}}, {"type": "Feature", "geometry": {"type": "Polygon", "coordinates": [[[699866.0196852708, 2795246.7819798724], [699862.8017416092, 2795245.904331132], [699863.9172191211, 2795241.8534451067], [699867.1334080956, 2795242.738722922], [699866.0196852708, 2795246.7819798724]]]}, "properties": {"id": 716, "height_m": 17.02, "interval_half_width_m": null, "coverage_nominal": null, "area_m2": null, "perimeter_m": null, "size_class": null, "confidence": null, "provenance": null, "evidence": null, "height_is_metric": false}}, {"type": "Feature", "geometry": {"type": "Polygon", "coordinates": [[[699891.1918168769, 2795248.4517096533], [699887.4122970348, 2795249.7148097586], [699887.0863982266, 2795245.7900781105], [699884.5978856445, 2795238.3493501153], [699888.6719030238, 2795240.9170830077], [699891.1918168769, 2795248.4517096533]]]}, "properties": {"id": 717, "height_m": 19.6, "interval_half_width_m": null, "coverage_nominal": null, "area_m2": null, "perimeter_m": null, "size_class": null, "confidence": null, "provenance": null, "evidence": null, "height_is_metric": false}}, {"type": "Feature", "geometry": {"type": "Polygon", "coordinates": [[[700092.8334612903, 2795243.944635484], [700091.0835346774, 2795247.1944991937], [700086.0837443549, 2795244.444614516], [700086.8337129032, 2795243.1946669356], [700088.33365, 2795244.444614516], [700089.5835975807, 2795242.1947088707], [700092.8334612903, 2795243.944635484]]]}, "properties": {"id": 718, "height_m": 33.98, "interval_half_width_m": null, "coverage_nominal": null, "area_m2": null, "perimeter_m": null, "size_class": null, "confidence": null, "provenance": null, "evidence": null, "height_is_metric": false}}, {"type": "Feature", "geometry": {"type": "Polygon", "coordinates": [[[700098.6690625086, 2795245.698254569], [700097.3837465382, 2795242.487573786], [700099.4583665655, 2795241.678708782], [700101.5830943548, 2795242.6946879034], [700101.3216001942, 2795244.6640572175], [700098.6690625086, 2795245.698254569]]]}, "properties": {"id": 719, "height_m": 36.15, "interval_half_width_m": null, "coverage_nominal": null, "area_m2": null, "perimeter_m": null, "size_class": null, "confidence": null, "provenance": null, "evidence": null, "height_is_metric": false}}, {"type": "Feature", "geometry": {"type": "Polygon", "coordinates": [[[699788.5962201613, 2795245.4445725805], [699786.096325, 2795243.4446564517], [699784.8463774194, 2795244.694604032], [699786.5963040323, 2795240.194792742], [699790.0961572581, 2795242.1947088707], [699788.5962201613, 2795245.4445725805]]]}, "properties": {"id": 71, "height_m": 4.71, "interval_half_width_m": null, "coverage_nominal": null, "area_m2": 507.8, "perimeter_m": 151.1, "size_class": "medium", "confidence": 0.899, "provenance": "INFERRED", "evidence": {"height": 1.0, "edge": 1.0, "texture": 0.99, "shadow": 0.0}, "height_is_metric": false}}, {"type": "Feature", "geometry": {"type": "Polygon", "coordinates": [[[700015.5867008065, 2795239.944803226], [700012.836816129, 2795244.9445935483], [700006.5870782258, 2795242.6946879034], [700015.5867008065, 2795239.944803226]]]}, "properties": {"id": 721, "height_m": 14.24, "interval_half_width_m": null, "coverage_nominal": null, "area_m2": null, "perimeter_m": null, "size_class": null, "confidence": null, "provenance": null, "evidence": null, "height_is_metric": false}}, {"type": "Feature", "geometry": {"type": "Polygon", "coordinates": [[[700240.3832426977, 2795247.939890297], [700240.0260799417, 2795244.243542626], [700236.7196084986, 2795244.7084584315], [700236.1405922535, 2795238.85408969], [700242.6228948666, 2795238.2268576934], [700243.3213519034, 2795245.4451523903], [700240.3832426977, 2795247.939890297]]]}, "properties": {"id": 221, "height_m": 16.25, "interval_half_width_m": null, "coverage_nominal": null, "area_m2": 67.8, "perimeter_m": 62.8, "size_class": "small", "confidence": 0.818, "provenance": "INFERRED", "evidence": {"height": 1.0, "edge": 0.671, "texture": 1.0, "shadow": 0.0}, "height_is_metric": false}}, {"type": "Feature", "geometry": {"type": "Polygon", "coordinates": [[[699859.8965747476, 2795247.275580998], [699851.6486830316, 2795238.7884491323], [699860.2348021404, 2795230.521583908], [699868.4570525368, 2795231.9961314443], [699871.9785113018, 2795235.64289013], [699859.8965747476, 2795247.275580998]]]}, "properties": {"id": 723, "height_m": 16.81, "interval_half_width_m": null, "coverage_nominal": null, "area_m2": null, "perimeter_m": null, "size_class": null, "confidence": null, "provenance": null, "evidence": null, "height_is_metric": false}}, {"type": "Feature", "geometry": {"type": "Polygon", "coordinates": [[[700045.1711229592, 2795246.425671573], [700041.4015361723, 2795240.17147829], [700047.7694331827, 2795226.2186942906], [700051.9995109119, 2795231.4640187495], [700045.1711229592, 2795246.425671573]]]}, "properties": {"id": 724, "height_m": 22.1, "interval_half_width_m": null, "coverage_nominal": null, "area_m2": null, "perimeter_m": null, "size_class": null, "confidence": null, "provenance": null, "evidence": null, "height_is_metric": false}}, {"type": "Feature", "geometry": {"type": "Polygon", "coordinates": [[[699900.2365730628, 2795251.5300107333], [699884.4180988728, 2795234.1270845584], [699888.2973917524, 2795230.152885991], [699895.5814643302, 2795237.276030869], [699900.6755194983, 2795242.8881612346], [699900.2365730628, 2795251.5300107333]]]}, "properties": {"id": 725, "height_m": 20.51, "interval_half_width_m": null, "coverage_nominal": null, "area_m2": null, "perimeter_m": null, "size_class": null, "confidence": null, "provenance": null, "evidence": null, "height_is_metric": false}}, {"type": "Feature", "geometry": {"type": "Polygon", "coordinates": [[[700096.6583741263, 2795245.8444276378], [700094.4557992598, 2795242.1056623124], [700095.3519408774, 2795239.760423751], [700098.1626445374, 2795240.8082313715], [700097.7877518121, 2795242.954778314], [700096.6583741263, 2795245.8444276378]]]}, "properties": {"id": 726, "height_m": 13.35, "interval_half_width_m": null, "coverage_nominal": null, "area_m2": null, "perimeter_m": null, "size_class": null, "confidence": null, "provenance": null, "evidence": null, "height_is_metric": false}}, {"type": "Feature", "geometry": {"type": "Polygon", "coordinates": [[[700106.5828846775, 2795244.9445935483], [700102.8330419355, 2795239.6948137097], [700107.8328322581, 2795240.194792742], [700106.5828846775, 2795244.9445935483]]]}, "properties": {"id": 727, "height_m": 37.41, "interval_half_width_m": null, "coverage_nominal": null, "area_m2": null, "perimeter_m": null, "size_class": null, "confidence": null, "provenance": null, "evidence": null, "height_is_metric": false}}, {"type": "Feature", "geometry": {"type": "Polygon", "coordinates": [[[700007.0898037249, 2795241.696194621], [700009.0842269203, 2795237.9434223142], [700009.3369629033, 2795239.944803226], [700010.0869314517, 2795240.444782258], [700008.3370048387, 2795241.6947298385], [700007.0898037249, 2795241.696194621]]]}, "properties": {"id": 728, "height_m": 13.24, "interval_half_width_m": null, "coverage_nominal": null, "area_m2": null, "perimeter_m": null, "size_class": null, "confidence": null, "provenance": null, "evidence": null, "height_is_metric": false}}, {"type": "Feature", "geometry": {"type": "Polygon", "coordinates": [[[700076.1390930468, 2795245.123571638], [700065.9053913606, 2795238.7853059536], [700072.5995686331, 2795227.982383754], [700079.6930211532, 2795239.388308009], [700076.1390930468, 2795245.123571638]]]}, "properties": {"id": 131, "height_m": 12.31, "interval_half_width_m": null, "coverage_nominal": null, "area_m2": 198.2, "perimeter_m": 156.4, "size_class": "medium", "confidence": 0.898, "provenance": "INFERRED", "evidence": {"height": 1.0, "edge": 1.0, "texture": 0.985, "shadow": 0.0}, "height_is_metric": false}}, {"type": "Feature", "geometry": {"type": "Polygon", "coordinates": [[[700006.4992828355, 2795242.3493044386], [699998.1123359769, 2795238.8310193685], [699999.3794947498, 2795235.8953514667], [699998.9169286994, 2795233.500157725], [700008.5282504805, 2795237.6486653886], [700006.4992828355, 2795242.3493044386]]]}, "properties": {"id": 730, "height_m": 12.76, "interval_half_width_m": null, "coverage_nominal": null, "area_m2": null, "perimeter_m": null, "size_class": null, "confidence": null, "provenance": null, "evidence": null, "height_is_metric": false}}, {"type": "Feature", "geometry": {"type": "Polygon", "coordinates": [[[700086.4230855926, 2795243.400224721], [700089.49085855, 2795236.615139396], [700092.0868800511, 2795237.8191599473], [700093.7232555178, 2795237.315366378], [700092.4436460951, 2795240.074344912], [700086.4230855926, 2795243.400224721]]]}, "properties": {"id": 731, "height_m": 33.73, "interval_half_width_m": null, "coverage_nominal": null, "area_m2": null, "perimeter_m": null, "size_class": null, "confidence": null, "provenance": null, "evidence": null, "height_is_metric": false}}, {"type": "Feature", "geometry": {"type": "Polygon", "coordinates": [[[700098.6754404149, 2795240.4490545397], [700095.2849270862, 2795239.4538875343], [700096.5395436605, 2795235.181666797], [700097.882352337, 2795235.500775729], [700097.0341823405, 2795238.3890823354], [700098.6754404149, 2795240.4490545397]]]}, "properties": {"id": 732, "height_m": 35.09, "interval_half_width_m": null, "coverage_nominal": null, "area_m2": null, "perimeter_m": null, "size_class": null, "confidence": null, "provenance": null, "evidence": null, "height_is_metric": false}}, {"type": "Feature", "geometry": {"type": "Polygon", "coordinates": [[[699890.1626852312, 2795237.912661886], [699870.2713837974, 2795235.998862751], [699871.3736782684, 2795225.2840411044], [699886.3118793161, 2795226.8350624847], [699889.8419741936, 2795229.6952330647], [699883.3422467742, 2795234.195044355], [699890.1626852312, 2795237.912661886]]]}, "properties": {"id": 733, "height_m": 18.42, "interval_half_width_m": null, "coverage_nominal": null, "area_m2": null, "perimeter_m": null, "size_class": null, "confidence": null, "provenance": null, "evidence": null, "height_is_metric": false}}, {"type": "Feature", "geometry": {"type": "Polygon", "coordinates": [[[699994.908277231, 2795237.942232179], [699995.2020881516, 2795235.034395141], [699999.6003717174, 2795235.582742506], [699999.0873927419, 2795236.944929032], [699997.5874556452, 2795236.944929032], [699997.1392627712, 2795238.2203882383], [699994.908277231, 2795237.942232179]]]}, "properties": {"id": 734, "height_m": 11.21, "interval_half_width_m": null, "coverage_nominal": null, "area_m2": null, "perimeter_m": null, "size_class": null, "confidence": null, "provenance": null, "evidence": null, "height_is_metric": false}}, {"type": "Feature", "geometry": {"type": "Polygon", "coordinates": [[[700100.898949462, 2795238.687196054], [700098.8730029305, 2795236.3481523017], [700098.8332096775, 2795233.19508629], [700102.0304022562, 2795232.8812871943], [700099.9807445608, 2795234.6698169247], [700102.3825298229, 2795237.3883613637], [700100.898949462, 2795238.687196054]]]}, "properties": {"id": 735, "height_m": 35.81, "interval_half_width_m": null, "coverage_nominal": null, "area_m2": null, "perimeter_m": null, "size_class": null, "confidence": null, "provenance": null, "evidence": null, "height_is_metric": false}}, {"type": "Feature", "geometry": {"type": "Polygon", "coordinates": [[[699995.054023072, 2795236.5396420737], [699979.8164266212, 2795225.9377917643], [699987.8931600488, 2795214.3587790653], [699988.6117578425, 2795228.2736923383], [699998.0635098995, 2795234.8666165327], [699995.054023072, 2795236.5396420737]]]}, "properties": {"id": 122, "height_m": 10.45, "interval_half_width_m": null, "coverage_nominal": null, "area_m2": 217.5, "perimeter_m": 131.7, "size_class": "medium", "confidence": 0.896, "provenance": "INFERRED", "evidence": {"height": 1.0, "edge": 1.0, "texture": 0.959, "shadow": 0.0}, "height_is_metric": false}}, {"type": "Feature", "geometry": {"type": "Polygon", "coordinates": [[[700095.0874866358, 2795238.9396573906], [700092.8978201636, 2795237.282012064], [700095.0357920264, 2795234.5875755004], [700093.7102250584, 2795232.4803030337], [700097.4355632127, 2795235.435348785], [700095.5833459678, 2795235.6949814516], [700095.0874866358, 2795238.9396573906]]]}, "properties": {"id": 737, "height_m": 34.38, "interval_half_width_m": null, "coverage_nominal": null, "area_m2": null, "perimeter_m": null, "size_class": null, "confidence": null, "provenance": null, "evidence": null, "height_is_metric": false}}, {"type": "Feature", "geometry": {"type": "Polygon", "coordinates": [[[700092.0480938358, 2795237.8124158457], [700090.5391544311, 2795236.492738523], [700089.3336080646, 2795236.944929032], [700090.0596213187, 2795232.6871425044], [700092.1074480362, 2795234.4529986246], [700094.6631880235, 2795234.779706115], [700092.0480938358, 2795237.8124158457]]]}, "properties": {"id": 738, "height_m": 33.7, "interval_half_width_m": null, "coverage_nominal": null, "area_m2": null, "perimeter_m": null, "size_class": null, "confidence": null, "provenance": null, "evidence": null, "height_is_metric": false}}, {"type": "Feature", "geometry": {"type": "Polygon", "coordinates": [[[700230.167484595, 2795235.976494304], [700232.2177831326, 2795232.199125861], [700235.327485484, 2795231.9451387096], [700236.4694969172, 2795234.511711983], [700235.1854321151, 2795236.87825092], [700232.347629982, 2795237.159397577], [700230.167484595, 2795235.976494304]]]}, "properties": {"id": 161, "height_m": 40.41, "interval_half_width_m": null, "coverage_nominal": null, "area_m2": 131.9, "perimeter_m": 64.1, "size_class": "medium", "confidence": 0.875, "provenance": "INFERRED", "evidence": {"height": 1.0, "edge": 0.93, "texture": 0.926, "shadow": 0.0}, "height_is_metric": false}}, {"type": "Feature", "geometry": {"type": "Polygon", "coordinates": [[[700236.8274225807, 2795236.694939516], [700236.3274435485, 2795232.445117742], [700236.8274225807, 2795233.19508629], [700242.8271709678, 2795231.4451596774], [700243.32715, 2795231.9451387096], [700243.0771604839, 2795233.19508629], [700239.8272967743, 2795233.945054839], [700236.8274225807, 2795236.694939516]]]}, "properties": {"id": 740, "height_m": 40.15, "interval_half_width_m": null, "coverage_nominal": null, "area_m2": null, "perimeter_m": null, "size_class": null, "confidence": null, "provenance": null, "evidence": null, "height_is_metric": false}}, {"type": "Feature", "geometry": {"type": "Polygon", "coordinates": [[[700226.7738586037, 2795231.268378761], [700220.9405155915, 2795232.500993084], [700221.5348815346, 2795228.9142294405], [700218.1435747821, 2795229.7211414017], [700217.3816743611, 2795226.64021592], [700225.1938162238, 2795224.6266284892], [700226.7738586037, 2795231.268378761]]]}, "properties": {"id": 181, "height_m": 39.83, "interval_half_width_m": null, "coverage_nominal": null, "area_m2": 99.8, "perimeter_m": 52.0, "size_class": "small", "confidence": 0.815, "provenance": "INFERRED", "evidence": {"height": 1.0, "edge": 0.661, "texture": 0.994, "shadow": 0.0}, "height_is_metric": false}}, {"type": "Feature", "geometry": {"type": "Polygon", "coordinates": [[[700217.3282403226, 2795231.9451387096], [700220.3281145162, 2795228.695275], [700220.5781040323, 2795228.945264516], [700219.8281354839, 2795232.445117742], [700219.3281564517, 2795232.695107258], [700217.3282403226, 2795231.9451387096]]]}, "properties": {"id": 370, "height_m": 40.1, "interval_half_width_m": null, "coverage_nominal": null, "area_m2": 15.4, "perimeter_m": 20.5, "size_class": "tiny", "confidence": 0.884, "provenance": "INFERRED", "evidence": {"height": 1.0, "edge": 0.938, "texture": 0.995, "shadow": 0.0}, "height_is_metric": false}}, {"type": "Feature", "geometry": {"type": "Polygon", "coordinates": [[[700237.5107435335, 2795232.529007046], [700238.0773701613, 2795229.445243548], [700239.2789188927, 2795230.5749569135], [700243.3755488492, 2795229.0654987316], [700243.3937975956, 2795230.361312309], [700237.5107435335, 2795232.529007046]]]}, "properties": {"id": 385, "height_m": 39.52, "interval_half_width_m": null, "coverage_nominal": null, "area_m2": 13.1, "perimeter_m": 18.1, "size_class": "tiny", "confidence": 0.695, "provenance": "INFERRED", "evidence": {"height": 1.0, "edge": 0.179, "texture": 1.0, "shadow": 0.0}, "height_is_metric": false}}, {"type": "Feature", "geometry": {"type": "Polygon", "coordinates": [[[700098.0396028224, 2795234.8552644695], [700091.8771415325, 2795233.784813756], [700091.4318171906, 2795232.1968371384], [700092.6926285734, 2795224.8910827306], [700097.8066414008, 2795225.7744075027], [700096.6814139315, 2795232.0955535443], [700100.5541763232, 2795232.7682853416], [700098.0396028224, 2795234.8552644695]]]}, "properties": {"id": 744, "height_m": 34.68, "interval_half_width_m": null, "coverage_nominal": null, "area_m2": null, "perimeter_m": null, "size_class": null, "confidence": null, "provenance": null, "evidence": null, "height_is_metric": false}}, {"type": "Feature", "geometry": {"type": "Polygon", "coordinates": [[[699848.3437145161, 2795226.445369355], [699851.3435887097, 2795232.1951282257], [699858.3432951613, 2795229.945222581], [699857.0933475806, 2795225.195421774], [699863.593075, 2795226.445369355], [699857.0933475806, 2795232.445117742], [699851.0935991936, 2795234.445033871], [699848.3437145161, 2795226.445369355]]]}, "properties": {"id": 440, "height_m": 15.52, "interval_half_width_m": null, "coverage_nominal": null, "area_m2": 8.7, "perimeter_m": 13.2, "size_class": "tiny", "confidence": 0.518, "provenance": "INFERRED", "evidence": {"height": 0.316, "edge": 0.975, "texture": 1.0, "shadow": 0.0}, "height_is_metric": false}}, {"type": "Feature", "geometry": {"type": "Polygon", "coordinates": [[[700230.0385532344, 2795233.393289648], [700229.8117866213, 2795231.037522964], [700227.8437295078, 2795230.60284881], [700231.6167951528, 2795226.247165997], [700230.0385532344, 2795233.393289648]]]}, "properties": {"id": 746, "height_m": 39.68, "interval_half_width_m": null, "coverage_nominal": null, "area_m2": null, "perimeter_m": null, "size_class": null, "confidence": null, "provenance": null, "evidence": null, "height_is_metric": false}}, {"type": "Feature", "geometry": {"type": "Polygon", "coordinates": [[[700102.3287295889, 2795232.7445436614], [700100.4075149933, 2795231.798935124], [700097.2589043616, 2795232.091342295], [700098.8332096775, 2795227.4453274193], [700100.3331467742, 2795230.195212097], [700102.0874067015, 2795230.1457756935], [700102.3287295889, 2795232.7445436614]]]}, "properties": {"id": 224, "height_m": 35.38, "interval_half_width_m": null, "coverage_nominal": null, "area_m2": 66.4, "perimeter_m": 48.1, "size_class": "small", "confidence": 0.737, "provenance": "INFERRED", "evidence": {"height": 1.0, "edge": 0.347, "texture": 1.0, "shadow": 0.0}, "height_is_metric": false}}, {"type": "Feature", "geometry": {"type": "Polygon", "coordinates": [[[700107.9633504662, 2795230.489572311], [700106.9381554229, 2795227.360583659], [700108.8469804013, 2795226.73576245], [700109.0827798387, 2795224.945432258], [700109.8327483871, 2795226.195379839], [700109.0827798387, 2795227.9453064515], [700110.0827379032, 2795229.195254032], [700109.582758871, 2795230.445201613], [700107.9633504662, 2795230.489572311]]]}, "properties": {"id": 748, "height_m": 36.88, "interval_half_width_m": null, "coverage_nominal": null, "area_m2": null, "perimeter_m": null, "size_class": null, "confidence": null, "provenance": null, "evidence": null, "height_is_metric": false}}, {"type": "Feature", "geometry": {"type": "Polygon", "coordinates": [[[700054.5839057033, 2795230.9582111044], [700048.8914564407, 2795230.437938734], [700049.187708665, 2795226.6348755676], [700053.1777146751, 2795227.00006411], [700054.5839057033, 2795230.9582111044]]]}, "properties": {"id": 467, "height_m": 22.84, "interval_half_width_m": null, "coverage_nominal": null, "area_m2": 7.5, "perimeter_m": 18.4, "size_class": "tiny", "confidence": 0.642, "provenance": "INFERRED", "evidence": {"height": 0.53, "edge": 1.0, "texture": 1.0, "shadow": 0.0}, "height_is_metric": false}}, {"type": "Feature", "geometry": {"type": "Polygon", "coordinates": [[[700215.0765342158, 2795231.970345172], [700213.4709802105, 2795228.61431526], [700214.6403952797, 2795226.604328753], [700216.4469906586, 2795225.6711708657], [700217.3974512873, 2795227.5605874783], [700216.562800011, 2795228.547087855], [700217.7029194338, 2795230.649142035], [700215.0765342158, 2795231.970345172]]]}, "properties": {"id": 750, "height_m": 40.09, "interval_half_width_m": null, "coverage_nominal": null, "area_m2": null, "perimeter_m": null, "size_class": null, "confidence": null, "provenance": null, "evidence": null, "height_is_metric": false}}, {"type": "Feature", "geometry": {"type": "Polygon", "coordinates": [[[700231.1446164683, 2795233.723811676], [700231.5134669666, 2795226.064464919], [700235.9529170187, 2795226.2527504796], [700235.6992350304, 2795231.489927087], [700231.1446164683, 2795233.723811676]]]}, "properties": {"id": 751, "height_m": 39.75, "interval_half_width_m": null, "coverage_nominal": null, "area_m2": null, "perimeter_m": null, "size_class": null, "confidence": null, "provenance": null, "evidence": null, "height_is_metric": false}}, {"type": "Feature", "geometry": {"type": "Polygon", "coordinates": [[[700237.7273787354, 2795228.9358960125], [700238.011577022, 2795225.8694962887], [700243.5251092275, 2795226.5339276525], [700243.2949858216, 2795228.4419592074], [700239.0773282258, 2795230.195212097], [700237.7273787354, 2795228.9358960125]]]}, "properties": {"id": 752, "height_m": 38.98, "interval_half_width_m": null, "coverage_nominal": null, "area_m2": null, "perimeter_m": null, "size_class": null, "confidence": null, "provenance": null, "evidence": null, "height_is_metric": false}}, {"type": "Feature", "geometry": {"type": "Polygon", "coordinates": [[[700100.2968323792, 2795229.7734768535], [700100.1227979297, 2795227.691166719], [700099.0831991936, 2795227.195337903], [700101.7777578221, 2795225.449378409], [700102.1350731595, 2795229.6171723735], [700100.2968323792, 2795229.7734768535]]]}, "properties": {"id": 753, "height_m": 35.13, "interval_half_width_m": null, "coverage_nominal": null, "area_m2": null, "perimeter_m": null, "size_class": null, "confidence": null, "provenance": null, "evidence": null, "height_is_metric": false}}, {"type": "Feature", "geometry": {"type": "Polygon", "coordinates": [[[699786.3463145162, 2795242.4446983873], [699788.5962201613, 2795223.6954846773], [699800.5957169355, 2795219.195673387], [699803.8455806451, 2795227.6953169354], [699795.3459370967, 2795231.6951491935], [699798.0958217742, 2795237.4449080643], [699786.3463145162, 2795242.4446983873]]]}, "properties": {"id": 398, "height_m": 6.05, "interval_half_width_m": null, "coverage_nominal": null, "area_m2": 12.2, "perimeter_m": 27.7, "size_class": "tiny", "confidence": 0.835, "provenance": "INFERRED", "evidence": {"height": 0.978, "edge": 0.786, "texture": 1.0, "shadow": 0.0}, "height_is_metric": false}}, {"type": "Feature", "geometry": {"type": "Polygon", "coordinates": [[[699993.337633871, 2795231.4451596774], [699988.5878330645, 2795229.6952330647], [699994.3375919355, 2795218.1957153226], [699990.8377387098, 2795229.945222581], [699993.337633871, 2795231.4451596774]]]}, "properties": {"id": 755, "height_m": 10.35, "interval_half_width_m": null, "coverage_nominal": null, "area_m2": null, "perimeter_m": null, "size_class": null, "confidence": null, "provenance": null, "evidence": null, "height_is_metric": false}}, {"type": "Feature", "geometry": {"type": "Polygon", "coordinates": [[[700219.4979491357, 2795223.584893612], [700224.5930113418, 2795221.5264167064], [700225.9326158069, 2795224.9713711115], [700220.7885139094, 2795226.949132408], [700219.4979491357, 2795223.584893612]]]}, "properties": {"id": 756, "height_m": 38.88, "interval_half_width_m": null, "coverage_nominal": null, "area_m2": null, "perimeter_m": null, "size_class": null, "confidence": null, "provenance": null, "evidence": null, "height_is_metric": false}}, {"type": "Feature", "geometry": {"type": "Polygon", "coordinates": [[[700237.0774120968, 2795225.9453903227], [700236.8274225807, 2795226.195379839], [700236.3274435485, 2795225.4454112905], [700233.3275693549, 2795225.9453903227], [700232.5776008065, 2795225.6954008066], [700233.577558871, 2795224.6954427417], [700236.5774330646, 2795224.4454532256], [700237.0774120968, 2795225.9453903227]]]}, "properties": {"id": 757, "height_m": 38.31, "interval_half_width_m": null, "coverage_nominal": null, "area_m2": null, "perimeter_m": null, "size_class": null, "confidence": null, "provenance": null, "evidence": null, "height_is_metric": false}}, {"type": "Feature", "geometry": {"type": "Polygon", "coordinates": [[[700098.2019495297, 2795227.654760775], [700100.7144174059, 2795219.986198096], [700102.2543308535, 2795221.778298233], [700101.1618473724, 2795225.1126920893], [700098.2019495297, 2795227.654760775]]]}, "properties": {"id": 758, "height_m": 34.51, "interval_half_width_m": null, "coverage_nominal": null, "area_m2": null, "perimeter_m": null, "size_class": null, "confidence": null, "provenance": null, "evidence": null, "height_is_metric": false}}, {"type": "Feature", "geometry": {"type": "Polygon", "coordinates": [[[700113.1282339628, 2795226.684617134], [700110.2871055533, 2795226.4561110917], [700109.3327693549, 2795225.195421774], [700110.8327064516, 2795223.9454741934], [700112.3326435484, 2795224.1954637095], [700113.1282339628, 2795226.684617134]]]}, "properties": {"id": 334, "height_m": 37.16, "interval_half_width_m": null, "coverage_nominal": null, "area_m2": 19.9, "perimeter_m": 22.3, "size_class": "tiny", "confidence": 0.824, "provenance": "INFERRED", "evidence": {"height": 1.0, "edge": 0.698, "texture": 1.0, "shadow": 0.0}, "height_is_metric": false}}, {"type": "Feature", "geometry": {"type": "Polygon", "coordinates": [[[700212.0689699152, 2795226.3153394074], [700212.0594488301, 2795222.8128007473], [700217.852571361, 2795222.828272511], [700215.8316295024, 2795223.6954846773], [700215.8291271658, 2795226.3253792697], [700212.0689699152, 2795226.3153394074]]]}, "properties": {"id": 760, "height_m": 39.3, "interval_half_width_m": null, "coverage_nominal": null, "area_m2": null, "perimeter_m": null, "size_class": null, "confidence": null, "provenance": null, "evidence": null, "height_is_metric": false}}, {"type": "Feature", "geometry": {"type": "Polygon", "coordinates": [[[700054.0172180429, 2795228.5773600233], [700046.3224418636, 2795224.9128408516], [700050.4705222991, 2795215.911509358], [700058.2804669883, 2795219.6305001224], [700054.0172180429, 2795228.5773600233]]]}, "properties": {"id": 61, "height_m": 22.98, "interval_half_width_m": null, "coverage_nominal": null, "area_m2": 601.0, "perimeter_m": 209.1, "size_class": "large", "confidence": 0.9, "provenance": "INFERRED", "evidence": {"height": 1.0, "edge": 1.0, "texture": 1.0, "shadow": 0.0}, "height_is_metric": false}}, {"type": "Feature", "geometry": {"type": "Polygon", "coordinates": [[[700225.8491537309, 2795226.208196684], [700229.491609619, 2795222.4346732944], [700232.4784533532, 2795225.325787401], [700228.2681807016, 2795229.648634677], [700227.8013728857, 2795228.1095756856], [700225.8491537309, 2795226.208196684]]]}, "properties": {"id": 762, "height_m": 39.01, "interval_half_width_m": null, "coverage_nominal": null, "area_m2": null, "perimeter_m": null, "size_class": null, "confidence": null, "provenance": null, "evidence": null, "height_is_metric": false}}, {"type": "Feature", "geometry": {"type": "Polygon", "coordinates": [[[699903.9371472411, 2795226.1396265617], [699902.5154691914, 2795222.0606045094], [699904.5913556452, 2795222.1955475807], [699906.7794200117, 2795219.9927591], [699908.3832498463, 2795224.5890324097], [699903.9371472411, 2795226.1396265617]]]}, "properties": {"id": 763, "height_m": 19.95, "interval_half_width_m": null, "coverage_nominal": null, "area_m2": null, "perimeter_m": null, "size_class": null, "confidence": null, "provenance": null, "evidence": null, "height_is_metric": false}}, {"type": "Feature", "geometry": {"type": "Polygon", "coordinates": [[[700200.7126041288, 2795225.9386157044], [700199.8289741935, 2795224.4454532256], [700198.3290370968, 2795226.695358871], [700197.5753760763, 2795225.2310342942], [700194.6586282795, 2795224.8997798758], [700195.0034319346, 2795221.955628443], [700197.0790895162, 2795221.1955895163], [700200.9452603874, 2795223.9522488117], [700200.7126041288, 2795225.9386157044]]]}, "properties": {"id": 512, "height_m": 40.21, "interval_half_width_m": null, "coverage_nominal": null, "area_m2": 6.1, "perimeter_m": 16.2, "size_class": "tiny", "confidence": 0.9, "provenance": "INFERRED", "evidence": {"height": 1.0, "edge": 1.0, "texture": 1.0, "shadow": 0.0}, "height_is_metric": false}}, {"type": "Feature", "geometry": {"type": "Polygon", "coordinates": [[[700096.7460779677, 2795225.448646018], [700093.9206349356, 2795224.192228982], [700094.3333983872, 2795222.695526613], [700093.4239516635, 2795221.7414040286], [700094.1189298423, 2795220.138718555], [700098.207198333, 2795221.9566354807], [700096.5833040323, 2795222.945516129], [700096.7460779677, 2795225.448646018]]]}, "properties": {"id": 765, "height_m": 33.43, "interval_half_width_m": null, "coverage_nominal": null, "area_m2": null, "perimeter_m": null, "size_class": null, "confidence": null, "provenance": null, "evidence": null, "height_is_metric": false}}, {"type": "Feature", "geometry": {"type": "Polygon", "coordinates": [[[700102.5830524194, 2795231.1951701613], [700101.3331048387, 2795220.9455999997], [700106.0829056452, 2795223.6954846773], [700102.5830524194, 2795231.1951701613]]]}, "properties": {"id": 766, "height_m": 35.52, "interval_half_width_m": null, "coverage_nominal": null, "area_m2": null, "perimeter_m": null, "size_class": null, "confidence": null, "provenance": null, "evidence": null, "height_is_metric": false}}, {"type": "Feature", "geometry": {"type": "Polygon", "coordinates": [[[700227.4472312432, 2795224.665719867], [700225.827883871, 2795223.6954846773], [700225.8546466647, 2795222.4896941804], [700227.5510476902, 2795221.4014219483], [700228.2207888903, 2795219.5950401835], [700230.3152750279, 2795222.825861723], [700227.4472312432, 2795224.665719867]]]}, "properties": {"id": 767, "height_m": 38.14, "interval_half_width_m": null, "coverage_nominal": null, "area_m2": null, "perimeter_m": null, "size_class": null, "confidence": null, "provenance": null, "evidence": null, "height_is_metric": false}}, {"type": "Feature", "geometry": {"type": "Polygon", "coordinates": [[[699885.0338719991, 2795223.8886528458], [699876.9008207428, 2795225.752222154], [699880.7206526151, 2795220.892135445], [699879.7141030302, 2795216.499253264], [699885.0338719991, 2795223.8886528458]]]}, "properties": {"id": 6, "height_m": 17.5, "interval_half_width_m": null, "coverage_nominal": null, "area_m2": 2441.1, "perimeter_m": 925.5, "size_class": "large", "confidence": 0.899, "provenance": "INFERRED", "evidence": {"height": 1.0, "edge": 1.0, "texture": 0.99, "shadow": 0.0}, "height_is_metric": false}}, {"type": "Feature", "geometry": {"type": "Polygon", "coordinates": [[[700208.3997207171, 2795221.2575070853], [700211.5151906488, 2795218.6901098723], [700217.6478985479, 2795219.9814375537], [700217.000769925, 2795223.1034074565], [700208.3997207171, 2795221.2575070853]]]}, "properties": {"id": 769, "height_m": 38.56, "interval_half_width_m": null, "coverage_nominal": null, "area_m2": null, "perimeter_m": null, "size_class": null, "confidence": null, "provenance": null, "evidence": null, "height_is_metric": false}}, {"type": "Feature", "geometry": {"type": "Polygon", "coordinates": [[[699885.3130961291, 2795222.046567012], [699881.247196085, 2795218.489037982], [699885.476632972, 2795213.5775313107], [699889.5817006849, 2795217.1698184046], [699885.3130961291, 2795222.046567012]]]}, "properties": {"id": 430, "height_m": 17.56, "interval_half_width_m": null, "coverage_nominal": null, "area_m2": 9.3, "perimeter_m": 19.6, "size_class": "tiny", "confidence": 0.9, "provenance": "INFERRED", "evidence": {"height": 1.0, "edge": 1.0, "texture": 1.0, "shadow": 0.0}, "height_is_metric": false}}, {"type": "Feature", "geometry": {"type": "Polygon", "coordinates": [[[700105.7684046744, 2795223.3901996287], [700101.0800026602, 2795220.3713442977], [700103.5950339055, 2795216.2787424927], [700108.388411986, 2795219.2423328073], [700105.7684046744, 2795223.3901996287]]]}, "properties": {"id": 46, "height_m": 35.44, "interval_half_width_m": null, "coverage_nominal": null, "area_m2": 912.9, "perimeter_m": 236.5, "size_class": "large", "confidence": 0.883, "provenance": "INFERRED", "evidence": {"height": 1.0, "edge": 0.961, "texture": 0.927, "shadow": 0.0}, "height_is_metric": false}}, {"type": "Feature", "geometry": {"type": "Polygon", "coordinates": [[[700193.1841417756, 2795224.7091140435], [700189.2241332869, 2795223.551539298], [700188.8830526201, 2795218.0731618684], [700190.8810157061, 2795217.962235124], [700190.3293725806, 2795219.445662903], [700192.9743727406, 2795220.9319286984], [700193.1841417756, 2795224.7091140435]]]}, "properties": {"id": 162, "height_m": 40.39, "interval_half_width_m": null, "coverage_nominal": null, "area_m2": 130.6, "perimeter_m": 69.4, "size_class": "medium", "confidence": 0.899, "provenance": "INFERRED", "evidence": {"height": 1.0, "edge": 1.0, "texture": 0.989, "shadow": 0.0}, "height_is_metric": false}}, {"type": "Feature", "geometry": {"type": "Polygon", "coordinates": [[[700194.5791943548, 2795221.9455580646], [700193.0792572581, 2795217.195757258], [700199.0790056452, 2795215.9458096772], [700197.0790895162, 2795217.195757258], [700199.5789846774, 2795220.1956314514], [700194.5791943548, 2795221.9455580646]]]}, "properties": {"id": 28, "height_m": 39.61, "interval_half_width_m": null, "coverage_nominal": null, "area_m2": 1317.1, "perimeter_m": 378.5, "size_class": "large", "confidence": 0.883, "provenance": "INFERRED", "evidence": {"height": 1.0, "edge": 0.932, "texture": 0.997, "shadow": 0.0}, "height_is_metric": false}}, {"type": "Feature", "geometry": {"type": "Polygon", "coordinates": [[[700225.833712484, 2795224.19793553], [700224.0779572581, 2795221.4455790324], [700218.1060702514, 2795222.5307996343], [700220.7087443055, 2795216.2442895914], [700227.9134592495, 2795219.309438147], [700225.833712484, 2795224.19793553]]]}, "properties": {"id": 193, "height_m": 38.05, "interval_half_width_m": null, "coverage_nominal": null, "area_m2": 88.2, "perimeter_m": 56.3, "size_class": "small", "confidence": 0.869, "provenance": "INFERRED", "evidence": {"height": 1.0, "edge": 0.876, "texture": 1.0, "shadow": 0.0}, "height_is_metric": false}}, {"type": "Feature", "geometry": {"type": "Polygon", "coordinates": [[[699990.0158127298, 2795224.0037603234], [699987.5502178879, 2795219.2704688343], [699989.2057881062, 2795213.702007292], [699992.829293373, 2795214.806666776], [699990.0158127298, 2795224.0037603234]]]}, "properties": {"id": 775, "height_m": 10.04, "interval_half_width_m": null, "coverage_nominal": null, "area_m2": null, "perimeter_m": null, "size_class": null, "confidence": null, "provenance": null, "evidence": null, "height_is_metric": false}}, {"type": "Feature", "geometry": {"type": "Polygon", "coordinates": [[[699829.5186449179, 2795221.029672402], [699829.3115918335, 2795217.1234031147], [699832.3375879785, 2795216.9382607327], [699832.4599583348, 2795220.9413582343], [699829.5186449179, 2795221.029672402]]]}, "properties": {"id": 776, "height_m": 11.49, "interval_half_width_m": null, "coverage_nominal": null, "area_m2": null, "perimeter_m": null, "size_class": null, "confidence": null, "provenance": null, "evidence": null, "height_is_metric": false}}, {"type": "Feature", "geometry": {"type": "Polygon", "coordinates": [[[700208.1990455391, 2795221.5945290844], [700206.3943116544, 2795220.52853375], [700208.5157131671, 2795218.7989615086], [700206.2647394516, 2795216.297754146], [700208.4293215265, 2795214.3632039283], [700211.9185855968, 2795218.341278066], [700208.1990455391, 2795221.5945290844]]]}, "properties": {"id": 777, "height_m": 38.62, "interval_half_width_m": null, "coverage_nominal": null, "area_m2": null, "perimeter_m": null, "size_class": null, "confidence": null, "provenance": null, "evidence": null, "height_is_metric": false}}, {"type": "Feature", "geometry": {"type": "Polygon", "coordinates": [[[700091.0742272064, 2795221.732767916], [700088.9960367722, 2795218.1451192996], [700094.4892756392, 2795214.9370324025], [700102.8779008941, 2795214.855645435], [700097.9266925185, 2795217.70983482], [700100.4448364262, 2795222.0216657124], [700094.5243998985, 2795219.7178682843], [700091.0742272064, 2795221.732767916]]]}, "properties": {"id": 778, "height_m": 33.55, "interval_half_width_m": null, "coverage_nominal": null, "area_m2": null, "perimeter_m": null, "size_class": null, "confidence": null, "provenance": null, "evidence": null, "height_is_metric": false}}, {"type": "Feature", "geometry": {"type": "Polygon", "coordinates": [[[699848.096288369, 2795219.569375977], [699837.3633476709, 2795218.6053355956], [699831.0944379033, 2795201.946396774], [699848.8219583149, 2795211.412644073], [699848.096288369, 2795219.569375977]]]}, "properties": {"id": 146, "height_m": 13.15, "interval_half_width_m": null, "coverage_nominal": null, "area_m2": 166.1, "perimeter_m": 120.5, "size_class": "medium", "confidence": 0.898, "provenance": "INFERRED", "evidence": {"height": 1.0, "edge": 1.0, "texture": 0.982, "shadow": 0.0}, "height_is_metric": false}}, {"type": "Feature", "geometry": {"type": "Polygon", "coordinates": [[[700110.1696788373, 2795217.2572475993], [700108.2667435044, 2795219.2127930303], [700103.2575846782, 2795214.9961424726], [700099.2296163931, 2795218.7040558206], [700103.9911354581, 2795212.3086941415], [700110.1696788373, 2795217.2572475993]]]}, "properties": {"id": 780, "height_m": 35.53, "interval_half_width_m": null, "coverage_nominal": null, "area_m2": null, "perimeter_m": null, "size_class": null, "confidence": null, "provenance": null, "evidence": null, "height_is_metric": false}}, {"type": "Feature", "geometry": {"type": "Polygon", "coordinates": [[[699870.9035746922, 2795216.031407894], [699872.3426928064, 2795214.4320181813], [699874.229637599, 2795216.095095409], [699875.6510104856, 2795215.494900853], [699873.3364255461, 2795218.175605082], [699870.9035746922, 2795216.031407894]]]}, "properties": {"id": 781, "height_m": 16.06, "interval_half_width_m": null, "coverage_nominal": null, "area_m2": null, "perimeter_m": null, "size_class": null, "confidence": null, "provenance": null, "evidence": null, "height_is_metric": false}}, {"type": "Feature", "geometry": {"type": "Polygon", "coordinates": [[[699909.0911669355, 2795221.6955685485], [699906.341282258, 2795211.945977419], [699913.5909782258, 2795215.195841129], [699915.840883871, 2795211.695987903], [699918.3407790323, 2795214.945851613], [699908.8411774194, 2795216.6957782255], [699909.0911669355, 2795221.6955685485]]]}, "properties": {"id": 782, "height_m": 20.2, "interval_half_width_m": null, "coverage_nominal": null, "area_m2": null, "perimeter_m": null, "size_class": null, "confidence": null, "provenance": null, "evidence": null, "height_is_metric": false}}, {"type": "Feature", "geometry": {"type": "Polygon", "coordinates": [[[700244.7564113499, 2795221.9507763516], [700237.0774120968, 2795217.195757258], [700236.8803073257, 2795213.804999799], [700241.5949838727, 2795212.081652882], [700244.7564113499, 2795221.9507763516]]]}, "properties": {"id": 197, "height_m": 6.11, "interval_half_width_m": null, "coverage_nominal": null, "area_m2": 82.2, "perimeter_m": 37.9, "size_class": "small", "confidence": 0.767, "provenance": "INFERRED", "evidence": {"height": 1.0, "edge": 0.469, "texture": 1.0, "shadow": 0.0}, "height_is_metric": false}}, {"type": "Feature", "geometry": {"type": "Polygon", "coordinates": [[[699903.1018398643, 2795217.667386649], [699900.7809685674, 2795215.44570858], [699901.4838962418, 2795213.3553421427], [699903.3840545915, 2795211.2806610824], [699905.3247843599, 2795213.080542876], [699903.9228656134, 2795214.567174867], [699905.6414367298, 2795214.9743233193], [699903.1018398643, 2795217.667386649]]]}, "properties": {"id": 784, "height_m": 19.05, "interval_half_width_m": null, "coverage_nominal": null, "area_m2": null, "perimeter_m": null, "size_class": null, "confidence": null, "provenance": null, "evidence": null, "height_is_metric": false}}, {"type": "Feature", "geometry": {"type": "Polygon", "coordinates": [[[700189.8534709078, 2795217.6708655073], [700186.5909429343, 2795218.006727887], [700186.2901437815, 2795214.9469196834], [700184.0885149203, 2795212.815844504], [700189.3244098432, 2795212.288889064], [700189.8534709078, 2795217.6708655073]]]}, "properties": {"id": 785, "height_m": 39.59, "interval_half_width_m": null, "coverage_nominal": null, "area_m2": null, "perimeter_m": null, "size_class": null, "confidence": null, "provenance": null, "evidence": null, "height_is_metric": false}}, {"type": "Feature", "geometry": {"type": "Polygon", "coordinates": [[[700197.7087933327, 2795219.5566506805], [700202.578858871, 2795214.4458725806], [700201.2967165955, 2795212.8734592753], [700205.8759618106, 2795212.752828348], [700206.1839628099, 2795219.3502689544], [700197.7087933327, 2795219.5566506805]]]}, "properties": {"id": 786, "height_m": 38.91, "interval_half_width_m": null, "coverage_nominal": null, "area_m2": null, "perimeter_m": null, "size_class": null, "confidence": null, "provenance": null, "evidence": null, "height_is_metric": false}}, {"type": "Feature", "geometry": {"type": "Polygon", "coordinates": [[[700114.0106127298, 2795213.850133404], [700112.7780594393, 2795216.7726792977], [700109.4407665348, 2795215.6628320427], [700105.8957491873, 2795214.259601095], [700108.5384911413, 2795211.684117063], [700114.0106127298, 2795213.850133404]]]}, "properties": {"id": 787, "height_m": 36.05, "interval_half_width_m": null, "coverage_nominal": null, "area_m2": null, "perimeter_m": null, "size_class": null, "confidence": null, "provenance": null, "evidence": null, "height_is_metric": false}}, {"type": "Feature", "geometry": {"type": "Polygon", "coordinates": [[[700201.0789217742, 2795211.945977419], [700193.5792362903, 2795218.1957153226], [700186.0795508064, 2795209.9460612903], [700201.0789217742, 2795211.945977419]]]}, "properties": {"id": 788, "height_m": 38.94, "interval_half_width_m": null, "coverage_nominal": null, "area_m2": null, "perimeter_m": null, "size_class": null, "confidence": null, "provenance": null, "evidence": null, "height_is_metric": false}}, {"type": "Feature", "geometry": {"type": "Polygon", "coordinates": [[[699838.1556499542, 2795215.7249327097], [699834.7013423037, 2795220.5516651045], [699832.4081721766, 2795215.9022934358], [699829.3752869773, 2795217.408211727], [699828.1990744025, 2795215.254249324], [699835.9765878957, 2795211.333484795], [699838.1556499542, 2795215.7249327097]]]}, "properties": {"id": 100, "height_m": 11.9, "interval_half_width_m": null, "coverage_nominal": null, "area_m2": 300.9, "perimeter_m": 248.7, "size_class": "medium", "confidence": 0.897, "provenance": "INFERRED", "evidence": {"height": 1.0, "edge": 1.0, "texture": 0.966, "shadow": 0.0}, "height_is_metric": false}}, {"type": "Feature", "geometry": {"type": "Polygon", "coordinates": [[[699950.6094758209, 2795215.958168778], [699942.9868706873, 2795214.692902016], [699944.5342911443, 2795206.9971187986], [699949.1215011132, 2795207.9193823677], [699948.5640904073, 2795210.691147231], [699951.22102244, 2795212.9172501634], [699950.6094758209, 2795215.958168778]]]}, "properties": {"id": 147, "height_m": 24.04, "interval_half_width_m": null, "coverage_nominal": null, "area_m2": 166.1, "perimeter_m": 109.9, "size_class": "medium", "confidence": 0.9, "provenance": "INFERRED", "evidence": {"height": 1.0, "edge": 1.0, "texture": 1.0, "shadow": 0.0}, "height_is_metric": false}}, {"type": "Feature", "geometry": {"type": "Polygon", "coordinates": [[[700210.4687257457, 2795215.140301466], [700209.0785862904, 2795215.445830645], [700208.3286177419, 2795213.445914516], [700209.3671789239, 2795212.375219672], [700211.3996864596, 2795213.5721909585], [700210.4687257457, 2795215.140301466]]]}, "properties": {"id": 791, "height_m": 37.23, "interval_half_width_m": null, "coverage_nominal": null, "area_m2": null, "perimeter_m": null, "size_class": null, "confidence": null, "provenance": null, "evidence": null, "height_is_metric": false}}, {"type": "Feature", "geometry": {"type": "Polygon", "coordinates": [[[700217.840608972, 2795222.6227452415], [700217.6310840675, 2795219.0270708385], [700210.5256691583, 2795216.614391258], [700209.6536049002, 2795211.1463588537], [700220.4906748375, 2795214.8182629696], [700217.840608972, 2795222.6227452415]]]}, "properties": {"id": 792, "height_m": 37.57, "interval_half_width_m": null, "coverage_nominal": null, "area_m2": null, "perimeter_m": null, "size_class": null, "confidence": null, "provenance": null, "evidence": null, "height_is_metric": false}}, {"type": "Feature", "geometry": {"type": "Polygon", "coordinates": [[[700095.0833669355, 2795213.9458935484], [700093.9697051434, 2795211.3430363964], [700098.8362002746, 2795202.0350771374], [700104.01997336, 2795204.459627558], [700099.7569075124, 2795212.4468719405], [700095.0833669355, 2795213.9458935484]]]}, "properties": {"id": 793, "height_m": 32.67, "interval_half_width_m": null, "coverage_nominal": null, "area_m2": null, "perimeter_m": null, "size_class": null, "confidence": null, "provenance": null, "evidence": null, "height_is_metric": false}}, {"type": "Feature", "geometry": {"type": "Polygon", "coordinates": [[[700108.6729459518, 2795212.0544323437], [700110.680643737, 2795209.7729423298], [700112.136637364, 2795210.3766462603], [700113.7785973134, 2795211.765381966], [700110.3946449887, 2795213.5106090684], [700108.6729459518, 2795212.0544323437]]]}, "properties": {"id": 794, "height_m": 35.62, "interval_half_width_m": null, "coverage_nominal": null, "area_m2": null, "perimeter_m": null, "size_class": null, "confidence": null, "provenance": null, "evidence": null, "height_is_metric": false}}, {"type": "Feature", "geometry": {"type": "Polygon", "coordinates": [[[700206.7991103521, 2795215.8950915895], [700205.3287435484, 2795211.695987903], [700201.0789217742, 2795212.695945968], [700203.3288274194, 2795210.6960298386], [700203.1361475115, 2795207.0645293016], [700209.5508260074, 2795209.878437173], [700206.7991103521, 2795215.8950915895]]]}, "properties": {"id": 254, "height_m": 37.3, "interval_half_width_m": null, "coverage_nominal": null, "area_m2": 44.9, "perimeter_m": 62.2, "size_class": "small", "confidence": 0.849, "provenance": "INFERRED", "evidence": {"height": 1.0, "edge": 0.795, "texture": 1.0, "shadow": 0.0}, "height_is_metric": false}}, {"type": "Feature", "geometry": {"type": "Polygon", "coordinates": [[[700230.4144529975, 2795210.717116601], [700223.0554476491, 2795214.1427236726], [700220.4638510112, 2795208.620280708], [700223.1305177431, 2795207.375795545], [700224.5660044177, 2795210.673539327], [700229.3371971493, 2795208.3969014045], [700230.4144529975, 2795210.717116601]]]}, "properties": {"id": 796, "height_m": 10.05, "interval_half_width_m": null, "coverage_nominal": null, "area_m2": null, "perimeter_m": null, "size_class": null, "confidence": null, "provenance": null, "evidence": null, "height_is_metric": false}}, {"type": "Feature", "geometry": {"type": "Polygon", "coordinates": [[[700225.6166500538, 2795213.7346902476], [700230.4780184471, 2795212.819475943], [700231.501138382, 2795207.5466562994], [700238.2535407518, 2795208.9720725957], [700233.5388031721, 2795215.40704443], [700225.6166500538, 2795213.7346902476]]]}, "properties": {"id": 797, "height_m": 10.1, "interval_half_width_m": null, "coverage_nominal": null, "area_m2": null, "perimeter_m": null, "size_class": null, "confidence": null, "provenance": null, "evidence": null, "height_is_metric": false}}, {"type": "Feature", "geometry": {"type": "Polygon", "coordinates": [[[700100.3331467742, 2795208.946103226], [700109.582758871, 2795208.69611371], [700108.8327903226, 2795204.6962814517], [700110.5827169355, 2795208.4461241937], [700119.8323290322, 2795204.946270968], [700114.8325387097, 2795212.695945968], [700110.3327274193, 2795209.446082258], [700102.3330629033, 2795212.945935484], [700100.3331467742, 2795208.946103226]]]}, "properties": {"id": 798, "height_m": 36.02, "interval_half_width_m": null, "coverage_nominal": null, "area_m2": null, "perimeter_m": null, "size_class": null, "confidence": null, "provenance": null, "evidence": null, "height_is_metric": false}}, {"type": "Feature", "geometry": {"type": "Polygon", "coordinates": [[[699918.8292686782, 2795210.9421132687], [699913.4567370294, 2795215.0775599563], [699902.8437635291, 2795211.0675962875], [699904.9847412473, 2795205.446860326], [699918.8292686782, 2795210.9421132687]]]}, "properties": {"id": 799, "height_m": 19.94, "interval_half_width_m": null, "coverage_nominal": null, "area_m2": null, "perimeter_m": null, "size_class": null, "confidence": null, "provenance": null, "evidence": null, "height_is_metric": false}}, {"type": "Feature", "geometry": {"type": "Polygon", "coordinates": [[[699950.1931419625, 2795216.6167715294], [699952.235658844, 2795205.27526718], [699956.0995562511, 2795199.1356015652], [699961.7714070124, 2795200.1323249023], [699959.3962472206, 2795213.3209807905], [699950.1931419625, 2795216.6167715294]]]}, "properties": {"id": 109, "height_m": 25.23, "interval_half_width_m": null, "coverage_nominal": null, "area_m2": 251.8, "perimeter_m": 129.9, "size_class": "medium", "confidence": 0.9, "provenance": "INFERRED", "evidence": {"height": 1.0, "edge": 1.0, "texture": 0.996, "shadow": 0.0}, "height_is_metric": false}}, {"type": "Feature", "geometry": {"type": "Polygon", "coordinates": [[[700224.2561114079, 2795210.1607739655], [700223.012480701, 2795206.5318367975], [700227.865029884, 2795204.867142206], [700229.1778410393, 2795208.474901063], [700224.2561114079, 2795210.1607739655]]]}, "properties": {"id": 294, "height_m": 8.96, "interval_half_width_m": null, "coverage_nominal": null, "area_m2": 30.1, "perimeter_m": 32.5, "size_class": "small", "confidence": 0.894, "provenance": "INFERRED", "evidence": {"height": 1.0, "edge": 0.978, "texture": 0.989, "shadow": 0.0}, "height_is_metric": false}}, {"type": "Feature", "geometry": {"type": "Polygon", "coordinates": [[[700202.270278062, 2795210.714492199], [700198.8672225346, 2795209.9229604523], [700199.8726430165, 2795205.5870216843], [700204.0555425484, 2795206.5600643735], [700202.578858871, 2795207.1961766127], [700203.0788379032, 2795209.9460612903], [700202.270278062, 2795210.714492199]]]}, "properties": {"id": 802, "height_m": 36.95, "interval_half_width_m": null, "coverage_nominal": null, "area_m2": null, "perimeter_m": null, "size_class": null, "confidence": null, "provenance": null, "evidence": null, "height_is_metric": false}}, {"type": "Feature", "geometry": {"type": "Polygon", "coordinates": [[[700189.5794040323, 2795209.9460612903], [700184.0796346775, 2795208.69611371], [700183.079676613, 2795200.6964491936], [700189.5794040323, 2795209.9460612903]]]}, "properties": {"id": 803, "height_m": 38.09, "interval_half_width_m": null, "coverage_nominal": null, "area_m2": null, "perimeter_m": null, "size_class": null, "confidence": null, "provenance": null, "evidence": null, "height_is_metric": false}}, {"type": "Feature", "geometry": {"type": "Polygon", "coordinates": [[[700189.4045151264, 2795211.6697133705], [700187.3829324256, 2795205.7631922746], [700190.277952618, 2795204.7608539388], [700191.296373043, 2795200.6439001276], [700194.5350067548, 2795209.893390159], [700189.4045151264, 2795211.6697133705]]]}, "properties": {"id": 804, "height_m": 38.06, "interval_half_width_m": null, "coverage_nominal": null, "area_m2": null, "perimeter_m": null, "size_class": null, "confidence": null, "provenance": null, "evidence": null, "height_is_metric": false}}, {"type": "Feature", "geometry": {"type": "Polygon", "coordinates": [[[700111.8326645162, 2795207.946145161], [700110.0827379032, 2795202.6963653225], [700113.5825911291, 2795201.446417742], [700115.332517742, 2795206.6961975805], [700111.8326645162, 2795207.946145161]]]}, "properties": {"id": 805, "height_m": 35.21, "interval_half_width_m": null, "coverage_nominal": null, "area_m2": null, "perimeter_m": null, "size_class": null, "confidence": null, "provenance": null, "evidence": null, "height_is_metric": false}}, {"type": "Feature", "geometry": {"type": "Polygon", "coordinates": [[[700089.2418150391, 2795207.6594140218], [700090.5619195896, 2795204.011983977], [700094.064488766, 2795205.252502022], [700097.9569036539, 2795203.1487389295], [700095.5920431128, 2795209.908495727], [700089.2418150391, 2795207.6594140218]]]}, "properties": {"id": 275, "height_m": 31.24, "interval_half_width_m": null, "coverage_nominal": null, "area_m2": 35.7, "perimeter_m": 33.2, "size_class": "small", "confidence": 0.899, "provenance": "INFERRED", "evidence": {"height": 1.0, "edge": 1.0, "texture": 0.993, "shadow": 0.0}, "height_is_metric": false}}, {"type": "Feature", "geometry": {"type": "Polygon", "coordinates": [[[700233.577558871, 2795206.1962185483], [700235.525109032, 2795206.654695415], [700237.3457724246, 2795204.3733884986], [700238.9346950473, 2795205.551592262], [700236.504041367, 2795208.455187534], [700234.3275274194, 2795207.946145161], [700233.577558871, 2795206.1962185483]]]}, "properties": {"id": 807, "height_m": 8.03, "interval_half_width_m": null, "coverage_nominal": null, "area_m2": null, "perimeter_m": null, "size_class": null, "confidence": null, "provenance": null, "evidence": null, "height_is_metric": false}}, {"type": "Feature", "geometry": {"type": "Polygon", "coordinates": [[[699919.0907475806, 2795209.196092742], [699916.8896069803, 2795210.294526901], [699911.2923075359, 2795206.597721486], [699915.3409048388, 2795203.9463129034], [699916.2630768587, 2795205.611739886], [699919.1685336252, 2795207.530665759], [699919.0907475806, 2795209.196092742]]]}, "properties": {"id": 808, "height_m": 19.94, "interval_half_width_m": null, "coverage_nominal": null, "area_m2": null, "perimeter_m": null, "size_class": null, "confidence": null, "provenance": null, "evidence": null, "height_is_metric": false}}, {"type": "Feature", "geometry": {"type": "Polygon", "coordinates": [[[699982.7829159843, 2795207.780044949], [699972.4815444065, 2795204.5646341406], [699974.1431110776, 2795199.2391128493], [699984.4454591769, 2795202.451533061], [699982.7829159843, 2795207.780044949]]]}, "properties": {"id": 81, "height_m": 8.33, "interval_half_width_m": null, "coverage_nominal": null, "area_m2": 437.1, "perimeter_m": 108.1, "size_class": "medium", "confidence": 0.9, "provenance": "INFERRED", "evidence": {"height": 1.0, "edge": 1.0, "texture": 1.0, "shadow": 0.0}, "height_is_metric": false}}, {"type": "Feature", "geometry": {"type": "Polygon", "coordinates": [[[699799.595758871, 2795204.946270968], [699814.5951298388, 2795189.9469], [699827.5945846775, 2795205.696239516], [699799.595758871, 2795204.946270968]]]}, "properties": {"id": 810, "height_m": 8.25, "interval_half_width_m": null, "coverage_nominal": null, "area_m2": null, "perimeter_m": null, "size_class": null, "confidence": null, "provenance": null, "evidence": null, "height_is_metric": false}}, {"type": "Feature", "geometry": {"type": "Polygon", "coordinates": [[[700214.8283451613, 2795207.946145161], [700216.2486042031, 2795202.6978911376], [700223.4791664517, 2795201.9262865335], [700224.0752413075, 2795207.8511784407], [700219.669816928, 2795208.201383481], [700219.9176703033, 2795210.8043321813], [700214.8283451613, 2795207.946145161]]]}, "properties": {"id": 811, "height_m": 9.4, "interval_half_width_m": null, "coverage_nominal": null, "area_m2": null, "perimeter_m": null, "size_class": null, "confidence": null, "provenance": null, "evidence": null, "height_is_metric": false}}, {"type": "Feature", "geometry": {"type": "Polygon", "coordinates": [[[699907.8371912035, 2795205.834783511], [699908.3322113373, 2795202.1424029586], [699912.8556117262, 2795200.6552216746], [699912.0894542815, 2795206.402874921], [699907.8371912035, 2795205.834783511]]]}, "properties": {"id": 812, "height_m": 18.94, "interval_half_width_m": null, "coverage_nominal": null, "area_m2": null, "perimeter_m": null, "size_class": null, "confidence": null, "provenance": null, "evidence": null, "height_is_metric": false}}, {"type": "Feature", "geometry": {"type": "Polygon", "coordinates": [[[700201.4583309117, 2795212.5064702714], [700194.4497747335, 2795210.635516019], [700192.0584260455, 2795204.7723890995], [700192.6831862218, 2795201.8405967676], [700199.915335318, 2795203.765870031], [700198.4096001245, 2795209.4062279724], [700201.4583309117, 2795212.5064702714]]]}, "properties": {"id": 813, "height_m": 37.48, "interval_half_width_m": null, "coverage_nominal": null, "area_m2": null, "perimeter_m": null, "size_class": null, "confidence": null, "provenance": null, "evidence": null, "height_is_metric": false}}, {"type": "Feature", "geometry": {"type": "Polygon", "coordinates": [[[700215.5555790674, 2795207.379274403], [700207.9047158415, 2795204.0829648874], [700209.9403055233, 2795199.0073415632], [700213.5303954433, 2795201.290021713], [700217.461138802, 2795202.972141111], [700215.5555790674, 2795207.379274403]]]}, "properties": {"id": 814, "height_m": 9.03, "interval_half_width_m": null, "coverage_nominal": null, "area_m2": null, "perimeter_m": null, "size_class": null, "confidence": null, "provenance": null, "evidence": null, "height_is_metric": false}}, {"type": "Feature", "geometry": {"type": "Polygon", "coordinates": [[[700229.650752115, 2795209.065116789], [700228.9937972439, 2795206.141014565], [700232.6687224733, 2795205.448874402], [700231.9533288911, 2795202.213872129], [700237.0272738186, 2795204.737447938], [700233.084873234, 2795205.5897986675], [700233.6644692887, 2795208.1774892192], [700229.650752115, 2795209.065116789]]]}, "properties": {"id": 815, "height_m": 8.36, "interval_half_width_m": null, "coverage_nominal": null, "area_m2": null, "perimeter_m": null, "size_class": null, "confidence": null, "provenance": null, "evidence": null, "height_is_metric": false}}, {"type": "Feature", "geometry": {"type": "Polygon", "coordinates": [[[700224.1016989382, 2795204.3473886126], [700225.0135564493, 2795200.010839518], [700232.6266099816, 2795201.530184981], [700231.8192097597, 2795205.896975727], [700224.1016989382, 2795204.3473886126]]]}, "properties": {"id": 816, "height_m": 7.45, "interval_half_width_m": null, "coverage_nominal": null, "area_m2": null, "perimeter_m": null, "size_class": null, "confidence": null, "provenance": null, "evidence": null, "height_is_metric": false}}, {"type": "Feature", "geometry": {"type": "Polygon", "coordinates": [[[699918.6608797439, 2795206.595615861], [699912.9891510478, 2795202.7084497768], [699916.8509428303, 2795201.2033554255], [699918.9730004434, 2795198.085139027], [699922.7299992574, 2795200.6394447484], [699918.6608797439, 2795206.595615861]]]}, "properties": {"id": 817, "height_m": 19.76, "interval_half_width_m": null, "coverage_nominal": null, "area_m2": null, "perimeter_m": null, "size_class": null, "confidence": null, "provenance": null, "evidence": null, "height_is_metric": false}}, {"type": "Feature", "geometry": {"type": "Polygon", "coordinates": [[[699909.4653730441, 2795202.184301836], [699908.2613372343, 2795202.2453039167], [699907.5505973875, 2795204.676903602], [699902.6195145106, 2795202.9837678205], [699903.5595843396, 2795200.141601857], [699909.4653730441, 2795202.184301836]]]}, "properties": {"id": 818, "height_m": 18.35, "interval_half_width_m": null, "coverage_nominal": null, "area_m2": null, "perimeter_m": null, "size_class": null, "confidence": null, "provenance": null, "evidence": null, "height_is_metric": false}}, {"type": "Feature", "geometry": {"type": "Polygon", "coordinates": [[[700164.3304629033, 2795202.4463758064], [700154.3308822581, 2795197.946564516], [700155.0808508064, 2795194.9466903224], [700160.8306096775, 2795197.696575], [700164.3304629033, 2795190.9468580643], [700164.3304629033, 2795202.4463758064]]]}, "properties": {"id": 819, "height_m": 38.28, "interval_half_width_m": null, "coverage_nominal": null, "area_m2": null, "perimeter_m": null, "size_class": null, "confidence": null, "provenance": null, "evidence": null, "height_is_metric": false}}, {"type": "Feature", "geometry": {"type": "Polygon", "coordinates": [[[700191.7594578705, 2795200.493119098], [700187.9087892788, 2795202.219090416], [700183.6436483228, 2795199.3273049514], [700185.7561390765, 2795196.2465015347], [700191.7594578705, 2795200.493119098]]]}, "properties": {"id": 820, "height_m": 36.4, "interval_half_width_m": null, "coverage_nominal": null, "area_m2": null, "perimeter_m": null, "size_class": null, "confidence": null, "provenance": null, "evidence": null, "height_is_metric": false}}, {"type": "Feature", "geometry": {"type": "Polygon", "coordinates": [[[699904.1733433903, 2795208.5114901047], [699903.3440782407, 2795205.6512890086], [699898.2646251213, 2795203.9544302383], [699897.9186313305, 2795199.93836331], [699899.8415548387, 2795198.6965330644], [699903.7567501434, 2795203.6759079834], [699904.1733433903, 2795208.5114901047]]]}, "properties": {"id": 821, "height_m": 18.13, "interval_half_width_m": null, "coverage_nominal": null, "area_m2": null, "perimeter_m": null, "size_class": null, "confidence": null, "provenance": null, "evidence": null, "height_is_metric": false}}, {"type": "Feature", "geometry": {"type": "Polygon", "coordinates": [[[699912.3597676523, 2795201.8720895876], [699904.0726396057, 2795199.020829767], [699905.1854164252, 2795198.79079791], [699908.9970851877, 2795200.1022053156], [699911.3410725807, 2795198.6965330644], [699912.3597676523, 2795201.8720895876]]]}, "properties": {"id": 822, "height_m": 18.62, "interval_half_width_m": null, "coverage_nominal": null, "area_m2": null, "perimeter_m": null, "size_class": null, "confidence": null, "provenance": null, "evidence": null, "height_is_metric": false}}, {"type": "Feature", "geometry": {"type": "Polygon", "coordinates": [[[699984.0307884567, 2795202.4892512057], [699975.639737156, 2795199.2527231183], [699980.7654529837, 2795185.9456945085], [699987.8469888894, 2795188.6734853857], [699985.0879798387, 2795189.1969314516], [699987.1573358047, 2795194.3724651365], [699984.0307884567, 2795202.4892512057]]]}, "properties": {"id": 823, "height_m": 8.64, "interval_half_width_m": null, "coverage_nominal": null, "area_m2": null, "perimeter_m": null, "size_class": null, "confidence": null, "provenance": null, "evidence": null, "height_is_metric": false}}, {"type": "Feature", "geometry": {"type": "Polygon", "coordinates": [[[700053.6869096294, 2795216.2274751114], [700060.9829903706, 2795192.415119244], [700064.7808352499, 2795197.6799131013], [700059.6386558792, 2795214.4625344793], [700053.6869096294, 2795216.2274751114]]]}, "properties": {"id": 824, "height_m": 22.79, "interval_half_width_m": null, "coverage_nominal": null, "area_m2": null, "perimeter_m": null, "size_class": null, "confidence": null, "provenance": null, "evidence": null, "height_is_metric": false}}, {"type": "Feature", "geometry": {"type": "Polygon", "coordinates": [[[700202.0928563034, 2795203.085570192], [700200.0532689865, 2795199.537135019], [700204.0905142264, 2795197.2167367246], [700204.7224457327, 2795198.182913247], [700202.9351671706, 2795199.210152882], [700202.0928563034, 2795203.085570192]]]}, "properties": {"id": 158, "height_m": 9.24, "interval_half_width_m": null, "coverage_nominal": null, "area_m2": 137.2, "perimeter_m": 96.2, "size_class": "medium", "confidence": 0.9, "provenance": "INFERRED", "evidence": {"height": 1.0, "edge": 1.0, "texture": 0.997, "shadow": 0.0}, "height_is_metric": false}}, {"type": "Feature", "geometry": {"type": "Polygon", "coordinates": [[[700207.9618423521, 2795202.9588054884], [700203.5412818885, 2795203.3251536503], [700203.0740163281, 2795198.766873132], [700207.4878021734, 2795198.234974052], [700207.9618423521, 2795202.9588054884]]]}, "properties": {"id": 826, "height_m": 9.13, "interval_half_width_m": null, "coverage_nominal": null, "area_m2": null, "perimeter_m": null, "size_class": null, "confidence": null, "provenance": null, "evidence": null, "height_is_metric": false}}, {"type": "Feature", "geometry": {"type": "Polygon", "coordinates": [[[699909.9238804269, 2795200.1081559937], [699905.5912679352, 2795197.7831802545], [699908.080879104, 2795192.9671285646], [699912.5186507598, 2795195.1780648967], [699909.9238804269, 2795200.1081559937]]]}, "properties": {"id": 827, "height_m": 18.21, "interval_half_width_m": null, "coverage_nominal": null, "area_m2": null, "perimeter_m": null, "size_class": null, "confidence": null, "provenance": null, "evidence": null, "height_is_metric": false}}, {"type": "Feature", "geometry": {"type": "Polygon", "coordinates": [[[700164.9907745671, 2795199.189767995], [700164.8405428303, 2795196.765614286], [700167.2587763772, 2795196.5792817683], [700167.4814538063, 2795199.0016350155], [700164.9907745671, 2795199.189767995]]]}, "properties": {"id": 828, "height_m": 37.77, "interval_half_width_m": null, "coverage_nominal": null, "area_m2": null, "perimeter_m": null, "size_class": null, "confidence": null, "provenance": null, "evidence": null, "height_is_metric": false}}, {"type": "Feature", "geometry": {"type": "Polygon", "coordinates": [[[700120.8281368802, 2795200.753667253], [700117.0985569604, 2795198.479867346], [700114.2193136943, 2795199.8620725637], [700112.3356341457, 2795195.9036204065], [700117.430726868, 2795193.483677947], [700120.8281368802, 2795200.753667253]]]}, "properties": {"id": 829, "height_m": 35.17, "interval_half_width_m": null, "coverage_nominal": null, "area_m2": null, "perimeter_m": null, "size_class": null, "confidence": null, "provenance": null, "evidence": null, "height_is_metric": false}}, {"type": "Feature", "geometry": {"type": "Polygon", "coordinates": [[[700111.9696216632, 2795202.5963328965], [700107.5414016088, 2795200.0149592184], [700108.6943073607, 2795203.075560846], [700100.3267078353, 2795205.6576363984], [700097.7696251308, 2795197.2875040206], [700100.34315612, 2795193.342875746], [700101.2336522224, 2795196.2876375047], [700109.2852554783, 2795193.8096530456], [700111.9696216632, 2795202.5963328965]]]}, "properties": {"id": 830, "height_m": 33.39, "interval_half_width_m": null, "coverage_nominal": null, "area_m2": null, "perimeter_m": null, "size_class": null, "confidence": null, "provenance": null, "evidence": null, "height_is_metric": false}}, {"type": "Feature", "geometry": {"type": "Polygon", "coordinates": [[[700180.1485861558, 2795200.937253304], [700174.484242404, 2795200.2939087017], [700169.1134654423, 2795197.8542527137], [700171.3927582828, 2795192.9416474556], [700174.2612598119, 2795198.205739438], [700180.1485861558, 2795200.937253304]]]}, "properties": {"id": 831, "height_m": 37.36, "interval_half_width_m": null, "coverage_nominal": null, "area_m2": null, "perimeter_m": null, "size_class": null, "confidence": null, "provenance": null, "evidence": null, "height_is_metric": false}}, {"type": "Feature", "geometry": {"type": "Polygon", "coordinates": [[[700179.7864492433, 2795198.3384548198], [700177.3920184091, 2795200.0414168495], [700174.6361830535, 2795197.907900366], [700172.0239879143, 2795194.235385924], [700177.5611702509, 2795195.2098628795], [700179.7864492433, 2795198.3384548198]]]}, "properties": {"id": 832, "height_m": 36.96, "interval_half_width_m": null, "coverage_nominal": null, "area_m2": null, "perimeter_m": null, "size_class": null, "confidence": null, "provenance": null, "evidence": null, "height_is_metric": false}}, {"type": "Feature", "geometry": {"type": "Polygon", "coordinates": [[[700201.9679530942, 2795197.3218653724], [700199.0155317446, 2795200.543593055], [700194.5036054838, 2795195.9742351207], [700194.829183871, 2795194.9466903224], [700197.1320047776, 2795194.8609700403], [700199.5216750691, 2795197.383905007], [700201.333275121, 2795195.595070114], [700201.9679530942, 2795197.3218653724]]]}, "properties": {"id": 35, "height_m": 8.98, "interval_half_width_m": null, "coverage_nominal": null, "area_m2": 1073.9, "perimeter_m": 315.0, "size_class": "large", "confidence": 0.887, "provenance": "INFERRED", "evidence": {"height": 1.0, "edge": 0.947, "texture": 0.999, "shadow": 0.0}, "height_is_metric": false}}, {"type": "Feature", "geometry": {"type": "Polygon", "coordinates": [[[700226.194872875, 2795200.8991384474], [700217.1956470063, 2795203.058654817], [700212.0331132646, 2795198.8901589774], [700209.3035219256, 2795202.3045055354], [700201.6445718806, 2795196.1263893843], [700208.8489206289, 2795186.900549484], [700226.194872875, 2795200.8991384474]]]}, "properties": {"id": 834, "height_m": 7.75, "interval_half_width_m": null, "coverage_nominal": null, "area_m2": null, "perimeter_m": null, "size_class": null, "confidence": null, "provenance": null, "evidence": null, "height_is_metric": false}}, {"type": "Feature", "geometry": {"type": "Polygon", "coordinates": [[[700062.6057860847, 2795200.118134823], [700065.0684513618, 2795187.906305645], [700082.6000647672, 2795180.987955645], [700079.3129711736, 2795193.5250885636], [700062.6057860847, 2795200.118134823]]]}, "properties": {"id": 835, "height_m": 24.23, "interval_half_width_m": null, "coverage_nominal": null, "area_m2": null, "perimeter_m": null, "size_class": null, "confidence": null, "provenance": null, "evidence": null, "height_is_metric": false}}, {"type": "Feature", "geometry": {"type": "Polygon", "coordinates": [[[699963.6612813695, 2795200.540083681], [699951.529298086, 2795204.2923372104], [699934.53643467, 2795196.801501453], [699940.7163360245, 2795182.7561615207], [699966.5036151728, 2795194.0932410066], [699963.6612813695, 2795200.540083681]]]}, "properties": {"id": 836, "height_m": 25.35, "interval_half_width_m": null, "coverage_nominal": null, "area_m2": null, "perimeter_m": null, "size_class": null, "confidence": null, "provenance": null, "evidence": null, "height_is_metric": false}}, {"type": "Feature", "geometry": {"type": "Polygon", "coordinates": [[[699854.6223208376, 2795199.9889593325], [699849.2410386403, 2795189.7791824243], [699856.0418017138, 2795186.1530832723], [699861.4685150504, 2795196.3658507774], [699854.6223208376, 2795199.9889593325]]]}, "properties": {"id": 421, "height_m": 12.51, "interval_half_width_m": null, "coverage_nominal": null, "area_m2": 9.9, "perimeter_m": 19.1, "size_class": "tiny", "confidence": 0.9, "provenance": "INFERRED", "evidence": {"height": 1.0, "edge": 1.0, "texture": 1.0, "shadow": 0.0}, "height_is_metric": false}}, {"type": "Feature", "geometry": {"type": "Polygon", "coordinates": [[[699993.5698323852, 2795199.8746147626], [699986.3557031632, 2795196.518493302], [699996.0289272555, 2795197.2198799034], [700007.429175479, 2795170.7834580564], [700004.8596421249, 2795183.1224486497], [699997.2814382053, 2795199.4122012937], [699993.5698323852, 2795199.8746147626]]]}, "properties": {"id": 22, "height_m": 11.33, "interval_half_width_m": null, "coverage_nominal": null, "area_m2": 1551.1, "perimeter_m": 564.8, "size_class": "large", "confidence": 0.899, "provenance": "INFERRED", "evidence": {"height": 1.0, "edge": 1.0, "texture": 0.993, "shadow": 0.0}, "height_is_metric": false}}, {"type": "Feature", "geometry": {"type": "Polygon", "coordinates": [[[700182.4919021903, 2795201.3130920343], [700179.612842022, 2795200.9691123194], [700181.3635315424, 2795198.579808223], [700177.5204309926, 2795196.04555171], [700179.2890946127, 2795193.316570697], [700185.2008034791, 2795197.2052625963], [700182.4919021903, 2795201.3130920343]]]}, "properties": {"id": 839, "height_m": 36.89, "interval_half_width_m": null, "coverage_nominal": null, "area_m2": null, "perimeter_m": null, "size_class": null, "confidence": null, "provenance": null, "evidence": null, "height_is_metric": false}}, {"type": "Feature", "geometry": {"type": "Polygon", "coordinates": [[[699827.1831410557, 2795201.597809098], [699817.9599789606, 2795192.729376084], [699827.0015919678, 2795183.0436555673], [699832.4606068062, 2795188.1788467057], [699827.8158507277, 2795188.6858139704], [699834.146296611, 2795194.1955316383], [699827.1831410557, 2795201.597809098]]]}, "properties": {"id": 840, "height_m": 8.69, "interval_half_width_m": null, "coverage_nominal": null, "area_m2": null, "perimeter_m": null, "size_class": null, "confidence": null, "provenance": null, "evidence": null, "height_is_metric": false}}, {"type": "Feature", "geometry": {"type": "Polygon", "coordinates": [[[700169.2174344708, 2795195.405380803], [700166.8295036082, 2795193.662900167], [700167.3303370968, 2795193.4467532258], [700166.6315138645, 2795191.9866398983], [700167.6989129484, 2795190.5102003515], [700171.0241213987, 2795192.9187602317], [700169.2174344708, 2795195.405380803]]]}, "properties": {"id": 841, "height_m": 36.74, "interval_half_width_m": null, "coverage_nominal": null, "area_m2": null, "perimeter_m": null, "size_class": null, "confidence": null, "provenance": null, "evidence": null, "height_is_metric": false}}, {"type": "Feature", "geometry": {"type": "Polygon", "coordinates": [[[699912.9617931864, 2795200.5497878636], [699913.3409887097, 2795185.4470887096], [699919.1070127677, 2795184.9323092727], [699914.0292838191, 2795179.4070282923], [699925.014937613, 2795169.319652257], [699935.0902597107, 2795180.27720054], [699912.9617931864, 2795200.5497878636]]]}, "properties": {"id": 21, "height_m": 19.6, "interval_half_width_m": null, "coverage_nominal": null, "area_m2": 1617.7, "perimeter_m": 436.8, "size_class": "large", "confidence": 0.899, "provenance": "INFERRED", "evidence": {"height": 1.0, "edge": 1.0, "texture": 0.989, "shadow": 0.0}, "height_is_metric": false}}, {"type": "Feature", "geometry": {"type": "Polygon", "coordinates": [[[700107.5437208475, 2795193.2136697387], [700104.3887323093, 2795190.993548001], [700104.7726273427, 2795186.537252952], [700102.0876508319, 2795186.3101506596], [700105.5447202073, 2795183.001787206], [700113.6188750078, 2795183.657918137], [700112.8736364857, 2795193.6644870145], [700107.5437208475, 2795193.2136697387]]]}, "properties": {"id": 246, "height_m": 32.65, "interval_half_width_m": null, "coverage_nominal": null, "area_m2": 52.0, "perimeter_m": 57.8, "size_class": "small", "confidence": 0.879, "provenance": "INFERRED", "evidence": {"height": 1.0, "edge": 0.922, "texture": 0.989, "shadow": 0.0}, "height_is_metric": false}}, {"type": "Feature", "geometry": {"type": "Polygon", "coordinates": [[[700121.3286346896, 2795198.04348428], [700116.7927226183, 2795191.903269371], [700124.0285336702, 2795186.375425022], [700122.7102295813, 2795190.785091167], [700125.8010728603, 2795194.626726934], [700121.3286346896, 2795198.04348428]]]}, "properties": {"id": 844, "height_m": 35.34, "interval_half_width_m": null, "coverage_nominal": null, "area_m2": null, "perimeter_m": null, "size_class": null, "confidence": null, "provenance": null, "evidence": null, "height_is_metric": false}}, {"type": "Feature", "geometry": {"type": "Polygon", "coordinates": [[[700159.3070224494, 2795195.8890946484], [700156.1473344014, 2795192.6655970206], [700161.0201464065, 2795188.1892222473], [700164.098050775, 2795191.5433601486], [700159.3070224494, 2795195.8890946484]]]}, "properties": {"id": 845, "height_m": 37.27, "interval_half_width_m": null, "coverage_nominal": null, "area_m2": null, "perimeter_m": null, "size_class": null, "confidence": null, "provenance": null, "evidence": null, "height_is_metric": false}}, {"type": "Feature", "geometry": {"type": "Polygon", "coordinates": [[[700126.5092340799, 2795194.69996605], [700124.5726697863, 2795194.4449108285], [700125.0411865149, 2795191.07179179], [700123.3016049272, 2795190.836205967], [700123.594622424, 2795189.5123784277], [700126.319605802, 2795189.88144254], [700126.9857765951, 2795191.181101171], [700126.5092340799, 2795194.69996605]]]}, "properties": {"id": 846, "height_m": 35.49, "interval_half_width_m": null, "coverage_nominal": null, "area_m2": null, "perimeter_m": null, "size_class": null, "confidence": null, "provenance": null, "evidence": null, "height_is_metric": false}}, {"type": "Feature", "geometry": {"type": "Polygon", "coordinates": [[[700178.6906089693, 2795193.2478174767], [700178.028100132, 2795194.996767568], [700170.0636514243, 2795191.9900272074], [700173.5376878616, 2795191.3024950055], [700178.6906089693, 2795193.2478174767]]]}, "properties": {"id": 847, "height_m": 36.07, "interval_half_width_m": null, "coverage_nominal": null, "area_m2": null, "perimeter_m": null, "size_class": null, "confidence": null, "provenance": null, "evidence": null, "height_is_metric": false}}, {"type": "Feature", "geometry": {"type": "Polygon", "coordinates": [[[699798.4476975815, 2795201.377206777], [699808.6537743886, 2795179.8865308883], [699817.1204374474, 2795183.9117221907], [699811.9095430019, 2795194.86212966], [699798.4476975815, 2795201.377206777]]]}, "properties": {"id": 848, "height_m": 4.24, "interval_half_width_m": null, "coverage_nominal": null, "area_m2": null, "perimeter_m": null, "size_class": null, "confidence": null, "provenance": null, "evidence": null, "height_is_metric": false}}, {"type": "Feature", "geometry": {"type": "Polygon", "coordinates": [[[699909.7271265932, 2795191.881206088], [699906.6995893753, 2795190.6258571222], [699908.0734636436, 2795187.269888243], [699911.1145195817, 2795188.510680934], [699909.7271265932, 2795191.881206088]]]}, "properties": {"id": 849, "height_m": 17.51, "interval_half_width_m": null, "coverage_nominal": null, "area_m2": null, "perimeter_m": null, "size_class": null, "confidence": null, "provenance": null, "evidence": null, "height_is_metric": false}}, {"type": "Feature", "geometry": {"type": "Polygon", "coordinates": [[[700111.8326645162, 2795190.196889516], [700113.3326016129, 2795186.69703629], [700119.8323290322, 2795188.6969524194], [700113.5825911291, 2795193.4467532258], [700111.8326645162, 2795190.196889516]]]}, "properties": {"id": 850, "height_m": 33.55, "interval_half_width_m": null, "coverage_nominal": null, "area_m2": null, "perimeter_m": null, "size_class": null, "confidence": null, "provenance": null, "evidence": null, "height_is_metric": false}}, {"type": "Feature", "geometry": {"type": "Polygon", "coordinates": [[[700165.7762640867, 2795190.583286886], [700168.6344205907, 2795188.810534082], [700173.1346896256, 2795190.280137978], [700169.9259618861, 2795192.284662068], [700168.6799509078, 2795190.2757741474], [700165.7762640867, 2795190.583286886]]]}, "properties": {"id": 851, "height_m": 36.06, "interval_half_width_m": null, "coverage_nominal": null, "area_m2": null, "perimeter_m": null, "size_class": null, "confidence": null, "provenance": null, "evidence": null, "height_is_metric": false}}, {"type": "Feature", "geometry": {"type": "Polygon", "coordinates": [[[700181.8297290322, 2795190.696868548], [700207.0786701613, 2795191.946816129], [700193.0792572581, 2795196.6966169355], [700181.8297290322, 2795190.696868548]]]}, "properties": {"id": 852, "height_m": 8.84, "interval_half_width_m": null, "coverage_nominal": null, "area_m2": null, "perimeter_m": null, "size_class": null, "confidence": null, "provenance": null, "evidence": null, "height_is_metric": false}}, {"type": "Feature", "geometry": {"type": "Polygon", "coordinates": [[[700057.9829025631, 2795189.0944272056], [700059.9305137567, 2795187.5545137576], [700064.5237659526, 2795187.867214267], [700059.9020725666, 2795191.5216020276], [700057.9829025631, 2795189.0944272056]]]}, "properties": {"id": 125, "height_m": 20.31, "interval_half_width_m": null, "coverage_nominal": null, "area_m2": 215.7, "perimeter_m": 81.1, "size_class": "medium", "confidence": 0.869, "provenance": "INFERRED", "evidence": {"height": 1.0, "edge": 0.877, "texture": 1.0, "shadow": 0.0}, "height_is_metric": false}}, {"type": "Feature", "geometry": {"type": "Polygon", "coordinates": [[[700052.2423901304, 2795188.4274629885], [700057.6569884965, 2795185.537661083], [700062.5126808584, 2795186.3564744005], [700058.439487419, 2795187.710543591], [700058.3230982571, 2795189.452871646], [700052.2423901304, 2795188.4274629885]]]}, "properties": {"id": 854, "height_m": 19.52, "interval_half_width_m": null, "coverage_nominal": null, "area_m2": null, "perimeter_m": null, "size_class": null, "confidence": null, "provenance": null, "evidence": null, "height_is_metric": false}}, {"type": "Feature", "geometry": {"type": "Polygon", "coordinates": [[[700153.8990156038, 2795190.45423346], [700155.4435675287, 2795187.3754136027], [700156.080808871, 2795187.946983871], [700158.0907038295, 2795186.4255633], [700160.257788241, 2795187.3506343686], [700157.9627489906, 2795192.378865881], [700153.8990156038, 2795190.45423346]]]}, "properties": {"id": 72, "height_m": 36.75, "interval_half_width_m": null, "coverage_nominal": null, "area_m2": 503.2, "perimeter_m": 214.8, "size_class": "medium", "confidence": 0.891, "provenance": "INFERRED", "evidence": {"height": 1.0, "edge": 0.964, "texture": 0.998, "shadow": 0.0}, "height_is_metric": false}}, {"type": "Feature", "geometry": {"type": "Polygon", "coordinates": [[[700186.3597209416, 2795189.6483895695], [700184.6837353196, 2795188.686271715], [700185.7727399428, 2795186.7262709043], [700187.5020070217, 2795187.72696136], [700187.3294983872, 2795188.9469419355], [700186.8295193549, 2795188.6969524194], [700186.3597209416, 2795189.6483895695]]]}, "properties": {"id": 856, "height_m": 8.05, "interval_half_width_m": null, "coverage_nominal": null, "area_m2": null, "perimeter_m": null, "size_class": null, "confidence": null, "provenance": null, "evidence": null, "height_is_metric": false}}, {"type": "Feature", "geometry": {"type": "Polygon", "coordinates": [[[700082.4760465306, 2795192.3113638293], [700079.0782398066, 2795187.2543249307], [700083.0151474575, 2795184.6966319005], [700085.8828860791, 2795177.4151074337], [700091.7167478683, 2795186.3079840024], [700082.4760465306, 2795192.3113638293]]]}, "properties": {"id": 857, "height_m": 26.41, "interval_half_width_m": null, "coverage_nominal": null, "area_m2": null, "perimeter_m": null, "size_class": null, "confidence": null, "provenance": null, "evidence": null, "height_is_metric": false}}, {"type": "Feature", "geometry": {"type": "Polygon", "coordinates": [[[700113.0012861617, 2795186.668991812], [700113.9177516339, 2795183.306767092], [700120.0486895876, 2795184.9466824494], [700119.1121138748, 2795188.3658505823], [700113.0012861617, 2795186.668991812]]]}, "properties": {"id": 858, "height_m": 33.34, "interval_half_width_m": null, "coverage_nominal": null, "area_m2": null, "perimeter_m": null, "size_class": null, "confidence": null, "provenance": null, "evidence": null, "height_is_metric": false}}, {"type": "Feature", "geometry": {"type": "Polygon", "coordinates": [[[700192.4723186, 2795192.330741679], [700194.7650080955, 2795184.3243940934], [700207.6179541858, 2795187.99785454], [700206.7230942529, 2795191.0924818404], [700200.3164110272, 2795189.2392575573], [700192.4723186, 2795192.330741679]]]}, "properties": {"id": 859, "height_m": 7.25, "interval_half_width_m": null, "coverage_nominal": null, "area_m2": null, "perimeter_m": null, "size_class": null, "confidence": null, "provenance": null, "evidence": null, "height_is_metric": false}}, {"type": "Feature", "geometry": {"type": "Polygon", "coordinates": [[[700153.5938831365, 2795191.3619407546], [700150.4532372586, 2795186.758648697], [700154.2352136627, 2795184.1928993636], [700156.2913408134, 2795187.224541024], [700154.3308822581, 2795187.1970153227], [700153.5938831365, 2795191.3619407546]]]}, "properties": {"id": 860, "height_m": 36.57, "interval_half_width_m": null, "coverage_nominal": null, "area_m2": null, "perimeter_m": null, "size_class": null, "confidence": null, "provenance": null, "evidence": null, "height_is_metric": false}}, {"type": "Feature", "geometry": {"type": "Polygon", "coordinates": [[[700160.5806201614, 2795189.1969314516], [700161.5805782258, 2795185.4470887096], [700166.5803685484, 2795187.1970153227], [700160.5806201614, 2795189.1969314516]]]}, "properties": {"id": 861, "height_m": 35.99, "interval_half_width_m": null, "coverage_nominal": null, "area_m2": null, "perimeter_m": null, "size_class": null, "confidence": null, "provenance": null, "evidence": null, "height_is_metric": false}}, {"type": "Feature", "geometry": {"type": "Polygon", "coordinates": [[[700069.1253796142, 2795190.774807174], [700048.0565610339, 2795178.7019797354], [700062.9310593088, 2795152.2556400914], [700079.181079732, 2795161.601470077], [700081.128416279, 2795169.90461918], [700069.1253796142, 2795190.774807174]]]}, "properties": {"id": 87, "height_m": 21.48, "interval_half_width_m": null, "coverage_nominal": null, "area_m2": 361.9, "perimeter_m": 324.7, "size_class": "medium", "confidence": 0.897, "provenance": "INFERRED", "evidence": {"height": 1.0, "edge": 1.0, "texture": 0.974, "shadow": 0.0}, "height_is_metric": false}}, {"type": "Feature", "geometry": {"type": "Polygon", "coordinates": [[[700186.2809278594, 2795186.021252863], [700188.690647359, 2795184.0706510725], [700192.8989669674, 2795183.1152773197], [700195.1001991167, 2795185.8161223056], [700189.6760491491, 2795190.2120256], [700186.2809278594, 2795186.021252863]]]}, "properties": {"id": 863, "height_m": 7.49, "interval_half_width_m": null, "coverage_nominal": null, "area_m2": null, "perimeter_m": null, "size_class": null, "confidence": null, "provenance": null, "evidence": null, "height_is_metric": false}}, {"type": "Feature", "geometry": {"type": "Polygon", "coordinates": [[[700158.080725, 2795186.197057258], [700158.5807040323, 2795185.6970782257], [700158.3307145161, 2795185.1970991935], [700158.5807040323, 2795184.447130645], [700162.3305467742, 2795184.6971201613], [700160.080641129, 2795187.447004839], [700158.080725, 2795186.197057258]]]}, "properties": {"id": 864, "height_m": 35.74, "interval_half_width_m": null, "coverage_nominal": null, "area_m2": null, "perimeter_m": null, "size_class": null, "confidence": null, "provenance": null, "evidence": null, "height_is_metric": false}}, {"type": "Feature", "geometry": {"type": "Polygon", "coordinates": [[[699942.5897620968, 2795215.695820161], [699919.0907475806, 2795199.696491129], [699931.5902233871, 2795175.4475080646], [699934.5900975807, 2795195.696658871], [699949.3394790323, 2795205.696239516], [699942.5897620968, 2795215.695820161]]]}, "properties": {"id": 327, "height_m": 23.09, "interval_half_width_m": null, "coverage_nominal": null, "area_m2": 21.5, "perimeter_m": 22.6, "size_class": "tiny", "confidence": 0.9, "provenance": "INFERRED", "evidence": {"height": 1.0, "edge": 1.0, "texture": 1.0, "shadow": 0.0}, "height_is_metric": false}}, {"type": "Feature", "geometry": {"type": "Polygon", "coordinates": [[[700144.8948155784, 2795185.5079076923], [700138.8960742292, 2795186.485894022], [700137.6074319822, 2795178.328704374], [700144.1773468878, 2795180.966289073], [700144.8948155784, 2795185.5079076923]]]}, "properties": {"id": 866, "height_m": 35.68, "interval_half_width_m": null, "coverage_nominal": null, "area_m2": null, "perimeter_m": null, "size_class": null, "confidence": null, "provenance": null, "evidence": null, "height_is_metric": false}}, {"type": "Feature", "geometry": {"type": "Polygon", "coordinates": [[[699990.8722831594, 2795188.454591978], [699979.9671161025, 2795185.4163282807], [699981.1776366256, 2795181.064368456], [699992.0847262094, 2795184.1031814464], [699990.8722831594, 2795188.454591978]]]}, "properties": {"id": 867, "height_m": 9.32, "interval_half_width_m": null, "coverage_nominal": null, "area_m2": null, "perimeter_m": null, "size_class": null, "confidence": null, "provenance": null, "evidence": null, "height_is_metric": false}}, {"type": "Feature", "geometry": {"type": "Polygon", "coordinates": [[[700052.8063923566, 2795186.8226413745], [700036.5164566152, 2795184.2504836186], [700038.7645923151, 2795170.795084766], [700051.2544554875, 2795172.921307854], [700045.585442742, 2795178.4473822583], [700052.8063923566, 2795186.8226413745]]]}, "properties": {"id": 868, "height_m": 17.18, "interval_half_width_m": null, "coverage_nominal": null, "area_m2": null, "perimeter_m": null, "size_class": null, "confidence": null, "provenance": null, "evidence": null, "height_is_metric": false}}, {"type": "Feature", "geometry": {"type": "Polygon", "coordinates": [[[700076.2363179734, 2795186.464288483], [700075.1590926413, 2795157.788122918], [700095.5509071426, 2795156.9286618913], [700096.6386605975, 2795186.109536514], [700085.8337548388, 2795176.947445161], [700076.2363179734, 2795186.464288483]]]}, "properties": {"id": 75, "height_m": 26.56, "interval_half_width_m": null, "coverage_nominal": null, "area_m2": 460.1, "perimeter_m": 199.7, "size_class": "medium", "confidence": 0.994, "provenance": "INFERRED", "evidence": {"height": 1.0, "edge": 1.0, "texture": 0.937, "shadow": 1.0}, "height_is_metric": false}}, {"type": "Feature", "geometry": {"type": "Polygon", "coordinates": [[[699902.2177674428, 2795191.367616786], [699893.4902281783, 2795186.8589557693], [699901.217275343, 2795171.6904024435], [699908.0934060445, 2795175.193185234], [699900.377848266, 2795177.1240124637], [699907.6522014028, 2795180.6995766256], [699902.2177674428, 2795191.367616786]]]}, "properties": {"id": 870, "height_m": 16.45, "interval_half_width_m": null, "coverage_nominal": null, "area_m2": null, "perimeter_m": null, "size_class": null, "confidence": null, "provenance": null, "evidence": null, "height_is_metric": false}}, {"type": "Feature", "geometry": {"type": "Polygon", "coordinates": [[[700138.5210289223, 2795182.478219075], [700135.8304679289, 2795184.9865367347], [700133.0083816895, 2795181.9014610364], [700134.0157552146, 2795180.7035742607], [700135.3947257047, 2795182.3313136147], [700136.9696413465, 2795180.782245278], [700138.5210289223, 2795182.478219075]]]}, "properties": {"id": 871, "height_m": 35.1, "interval_half_width_m": null, "coverage_nominal": null, "area_m2": null, "perimeter_m": null, "size_class": null, "confidence": null, "provenance": null, "evidence": null, "height_is_metric": false}}, {"type": "Feature", "geometry": {"type": "Polygon", "coordinates": [[[700151.3550854239, 2795185.9849079517], [700150.6470157532, 2795181.0617440543], [700152.5149794081, 2795179.83285272], [700154.8965323644, 2795181.288968412], [700152.731492545, 2795182.66507037], [700153.8406074087, 2795184.3497226206], [700151.3550854239, 2795185.9849079517]]]}, "properties": {"id": 872, "height_m": 35.72, "interval_half_width_m": null, "coverage_nominal": null, "area_m2": null, "perimeter_m": null, "size_class": null, "confidence": null, "provenance": null, "evidence": null, "height_is_metric": false}}, {"type": "Feature", "geometry": {"type": "Polygon", "coordinates": [[[700159.0790046682, 2795184.948788074], [700155.3588237682, 2795184.7306880895], [700153.3748981796, 2795182.7430395125], [700155.4787528208, 2795180.457307733], [700158.8608131349, 2795183.8577388586], [700157.8324138803, 2795183.6954837004], [700159.0790046682, 2795184.948788074]]]}, "properties": {"id": 873, "height_m": 35.5, "interval_half_width_m": null, "coverage_nominal": null, "area_m2": null, "perimeter_m": null, "size_class": null, "confidence": null, "provenance": null, "evidence": null, "height_is_metric": false}}, {"type": "Feature", "geometry": {"type": "Polygon", "coordinates": [[[700181.0797604839, 2795185.4470887096], [700181.32975, 2795179.6973298388], [700185.3295822581, 2795180.697287903], [700181.0797604839, 2795185.4470887096]]]}, "properties": {"id": 874, "height_m": 7.46, "interval_half_width_m": null, "coverage_nominal": null, "area_m2": null, "perimeter_m": null, "size_class": null, "confidence": null, "provenance": null, "evidence": null, "height_is_metric": false}}, {"type": "Feature", "geometry": {"type": "Polygon", "coordinates": [[[700150.2113345616, 2795185.7054396914], [700149.6523675246, 2795186.2427096404], [700145.0325661491, 2795186.004285801], [700145.2722106401, 2795181.2350155967], [700150.487232415, 2795181.548265399], [700150.2113345616, 2795185.7054396914]]]}, "properties": {"id": 875, "height_m": 35.87, "interval_half_width_m": null, "coverage_nominal": null, "area_m2": null, "perimeter_m": null, "size_class": null, "confidence": null, "provenance": null, "evidence": null, "height_is_metric": false}}, {"type": "Feature", "geometry": {"type": "Polygon", "coordinates": [[[699935.2560547597, 2795189.8624614025], [699937.4409454312, 2795175.869243308], [699940.5088557119, 2795176.3490510667], [699939.9004675298, 2795180.2296561473], [699944.3431217932, 2795180.9260380757], [699935.2560547597, 2795189.8624614025]]]}, "properties": {"id": 53, "height_m": 21.4, "interval_half_width_m": null, "coverage_nominal": null, "area_m2": 718.6, "perimeter_m": 287.9, "size_class": "large", "confidence": 0.896, "provenance": "INFERRED", "evidence": {"height": 1.0, "edge": 1.0, "texture": 0.959, "shadow": 0.0}, "height_is_metric": false}}, {"type": "Feature", "geometry": {"type": "Polygon", "coordinates": [[[700038.0265861556, 2795182.9796018573], [700030.9635889012, 2795180.7832217994], [700029.8229812175, 2795174.2395203942], [700039.780449371, 2795177.2871220782], [700038.0265861556, 2795182.9796018573]]]}, "properties": {"id": 877, "height_m": 15.25, "interval_half_width_m": null, "coverage_nominal": null, "area_m2": null, "perimeter_m": null, "size_class": null, "confidence": null, "provenance": null, "evidence": null, "height_is_metric": false}}, {"type": "Feature", "geometry": {"type": "Polygon", "coordinates": [[[700098.1122926451, 2795185.9655301026], [700099.5618778496, 2795174.1391217727], [700103.3960066076, 2795172.782031468], [700107.0120964139, 2795182.902761818], [700098.1122926451, 2795185.9655301026]]]}, "properties": {"id": 130, "height_m": 29.8, "interval_half_width_m": null, "coverage_nominal": null, "area_m2": 199.2, "perimeter_m": 108.4, "size_class": "medium", "confidence": 0.9, "provenance": "INFERRED", "evidence": {"height": 1.0, "edge": 1.0, "texture": 0.996, "shadow": 0.0}, "height_is_metric": false}}, {"type": "Feature", "geometry": {"type": "Polygon", "coordinates": [[[699890.7848210058, 2795187.270376504], [699882.3326608175, 2795182.3372032605], [699886.5108303232, 2795175.1182372053], [699894.9897990795, 2795180.063250772], [699890.7848210058, 2795187.270376504]]]}, "properties": {"id": 879, "height_m": 14.83, "interval_half_width_m": null, "coverage_nominal": null, "area_m2": null, "perimeter_m": null, "size_class": null, "confidence": null, "provenance": null, "evidence": null, "height_is_metric": false}}, {"type": "Feature", "geometry": {"type": "Polygon", "coordinates": [[[699917.1156412022, 2795186.8350309916], [699912.9096560905, 2795185.408149913], [699913.9467524902, 2795182.3420248358], [699909.375761934, 2795180.8376628757], [699911.5182807252, 2795174.1003355575], [699916.026728128, 2795175.4741793093], [699914.0804596514, 2795181.2140508997], [699918.5043463914, 2795182.6167630698], [699917.1156412022, 2795186.8350309916]]]}, "properties": {"id": 880, "height_m": 17.91, "interval_half_width_m": null, "coverage_nominal": null, "area_m2": null, "perimeter_m": null, "size_class": null, "confidence": null, "provenance": null, "evidence": null, "height_is_metric": false}}, {"type": "Feature", "geometry": {"type": "Polygon", "coordinates": [[[700124.3321403227, 2795182.9471935485], [700125.082108871, 2795181.1972669354], [700124.0821508064, 2795176.697455645], [700128.0819830645, 2795175.6974975807], [700129.3319306452, 2795181.1972669354], [700124.3321403227, 2795182.9471935485]]]}, "properties": {"id": 11, "height_m": 33.84, "interval_half_width_m": null, "coverage_nominal": null, "area_m2": 1982.9, "perimeter_m": 543.8, "size_class": "large", "confidence": 0.898, "provenance": "INFERRED", "evidence": {"height": 1.0, "edge": 1.0, "texture": 0.985, "shadow": 0.0}, "height_is_metric": false}}, {"type": "Feature", "geometry": {"type": "Polygon", "coordinates": [[[699861.5006792288, 2795184.123200138], [699850.5653925854, 2795191.299687506], [699824.872927576, 2795176.844605236], [699836.4366973841, 2795170.0216797004], [699861.5006792288, 2795184.123200138]]]}, "properties": {"id": 20, "height_m": 10.81, "interval_half_width_m": null, "coverage_nominal": null, "area_m2": 1621.8, "perimeter_m": 462.7, "size_class": "large", "confidence": 0.895, "provenance": "INFERRED", "evidence": {"height": 1.0, "edge": 1.0, "texture": 0.949, "shadow": 0.0}, "height_is_metric": false}}, {"type": "Feature", "geometry": {"type": "Polygon", "coordinates": [[[700030.8267538194, 2795178.2629112345], [700009.4929622205, 2795172.696799447], [700010.8033320719, 2795167.4621556923], [700032.2228744691, 2795172.868606207], [700030.8267538194, 2795178.2629112345]]]}, "properties": {"id": 883, "height_m": 13.84, "interval_half_width_m": null, "coverage_nominal": null, "area_m2": null, "perimeter_m": null, "size_class": null, "confidence": null, "provenance": null, "evidence": null, "height_is_metric": false}}, {"type": "Feature", "geometry": {"type": "Polygon", "coordinates": [[[700152.080976613, 2795179.947319355], [700142.5813750001, 2795180.697287903], [700137.5815846774, 2795172.697623387], [700152.080976613, 2795179.947319355]]]}, "properties": {"id": 884, "height_m": 34.84, "interval_half_width_m": null, "coverage_nominal": null, "area_m2": null, "perimeter_m": null, "size_class": null, "confidence": null, "provenance": null, "evidence": null, "height_is_metric": false}}, {"type": "Feature", "geometry": {"type": "Polygon", "coordinates": [[[699913.0844381894, 2795188.2469285675], [699906.016436262, 2795186.5009690733], [699907.6670323239, 2795179.943871013], [699901.14516533, 2795178.3285823087], [699902.0382095432, 2795174.5593922334], [699909.9947087554, 2795176.5400830945], [699908.8115003193, 2795181.2864050427], [699914.472258406, 2795182.6719670533], [699913.0844381894, 2795188.2469285675]]]}, "properties": {"id": 885, "height_m": 17.45, "interval_half_width_m": null, "coverage_nominal": null, "area_m2": null, "perimeter_m": null, "size_class": null, "confidence": null, "provenance": null, "evidence": null, "height_is_metric": false}}, {"type": "Feature", "geometry": {"type": "Polygon", "coordinates": [[[700006.8769220277, 2795180.7983883996], [700002.7654916665, 2795178.871741903], [700006.042850561, 2795171.8547937428], [700010.1630390998, 2795173.7649614383], [700006.8769220277, 2795180.7983883996]]]}, "properties": {"id": 886, "height_m": 11.57, "interval_half_width_m": null, "coverage_nominal": null, "area_m2": null, "perimeter_m": null, "size_class": null, "confidence": null, "provenance": null, "evidence": null, "height_is_metric": false}}, {"type": "Feature", "geometry": {"type": "Polygon", "coordinates": [[[700136.738022642, 2795178.424067806], [700136.1752410678, 2795175.7208120325], [700138.0619112136, 2795173.4515895704], [700139.1011742704, 2795178.443384623], [700137.5815846774, 2795177.6974137095], [700136.738022642, 2795178.424067806]]]}, "properties": {"id": 887, "height_m": 34.23, "interval_half_width_m": null, "coverage_nominal": null, "area_m2": null, "perimeter_m": null, "size_class": null, "confidence": null, "provenance": null, "evidence": null, "height_is_metric": false}}, {"type": "Feature", "geometry": {"type": "Polygon", "coordinates": [[[699897.8165237962, 2795180.5263356], [699891.3440779475, 2795178.082743009], [699893.3809187976, 2795172.589717756], [699897.1752390444, 2795174.0046974784], [699897.3416596774, 2795177.6974137095], [699899.4918685759, 2795176.0338787376], [699897.8165237962, 2795180.5263356]]]}, "properties": {"id": 47, "height_m": 15.03, "interval_half_width_m": null, "coverage_nominal": null, "area_m2": 903.9, "perimeter_m": 223.2, "size_class": "large", "confidence": 0.896, "provenance": "INFERRED", "evidence": {"height": 1.0, "edge": 1.0, "texture": 0.963, "shadow": 0.0}, "height_is_metric": false}}, {"type": "Feature", "geometry": {"type": "Polygon", "coordinates": [[[700160.7357955384, 2795174.34977578], [700156.8017259034, 2795177.813772355], [700151.3600595805, 2795176.3311074832], [700154.7433405466, 2795175.355196262], [700152.8246893202, 2795174.8448722046], [700153.5152426356, 2795171.992361216], [700158.3350173142, 2795173.6956284083], [700160.7357955384, 2795174.34977578]]]}, "properties": {"id": 889, "height_m": 8.57, "interval_half_width_m": null, "coverage_nominal": null, "area_m2": null, "perimeter_m": null, "size_class": null, "confidence": null, "provenance": null, "evidence": null, "height_is_metric": false}}, {"type": "Feature", "geometry": {"type": "Polygon", "coordinates": [[[700007.3370467742, 2795180.697287903], [700011.0868895162, 2795172.697623387], [700016.8366483871, 2795175.4475080646], [700007.3370467742, 2795180.697287903]]]}, "properties": {"id": 890, "height_m": 12.29, "interval_half_width_m": null, "coverage_nominal": null, "area_m2": null, "perimeter_m": null, "size_class": null, "confidence": null, "provenance": null, "evidence": null, "height_is_metric": false}}, {"type": "Feature", "geometry": {"type": "Polygon", "coordinates": [[[700160.7095820382, 2795178.129158299], [700159.7461519828, 2795175.4088439145], [700161.8210771732, 2795174.669708652], [700162.5368979838, 2795175.7482461846], [700163.0891819514, 2795177.2814460467], [700160.7095820382, 2795178.129158299]]]}, "properties": {"id": 891, "height_m": 8.3, "interval_half_width_m": null, "coverage_nominal": null, "area_m2": null, "perimeter_m": null, "size_class": null, "confidence": null, "provenance": null, "evidence": null, "height_is_metric": false}}, {"type": "Feature", "geometry": {"type": "Polygon", "coordinates": [[[700163.9530068089, 2795177.060019786], [700162.428198929, 2795175.0468595834], [700163.5804943548, 2795173.9475709675], [700163.6999961792, 2795172.0358774574], [700165.4609086595, 2795174.3593273815], [700166.3602239721, 2795175.2356028887], [700163.9530068089, 2795177.060019786]]]}, "properties": {"id": 892, "height_m": 7.85, "interval_half_width_m": null, "coverage_nominal": null, "area_m2": null, "perimeter_m": null, "size_class": null, "confidence": null, "provenance": null, "evidence": null, "height_is_metric": false}}, {"type": "Feature", "geometry": {"type": "Polygon", "coordinates": [[[699851.6049074016, 2795176.185849903], [699840.6333216212, 2795176.4754495746], [699840.4991872318, 2795172.420840561], [699848.9528122023, 2795172.205029299], [699849.0287977852, 2795175.200570178], [699851.6049074016, 2795176.185849903]]]}, "properties": {"id": 893, "height_m": 8.54, "interval_half_width_m": null, "coverage_nominal": null, "area_m2": null, "perimeter_m": null, "size_class": null, "confidence": null, "provenance": null, "evidence": null, "height_is_metric": false}}, {"type": "Feature", "geometry": {"type": "Polygon", "coordinates": [[[699871.4464901562, 2795176.799441114], [699877.815745142, 2795169.062216764], [699892.6185911484, 2795174.5831033974], [699890.6829270856, 2795176.5218953807], [699883.5958066973, 2795173.802221839], [699881.1440357384, 2795180.4162327955], [699871.4464901562, 2795176.799441114]]]}, "properties": {"id": 894, "height_m": 13.68, "interval_half_width_m": null, "coverage_nominal": null, "area_m2": null, "perimeter_m": null, "size_class": null, "confidence": null, "provenance": null, "evidence": null, "height_is_metric": false}}, {"type": "Feature", "geometry": {"type": "Polygon", "coordinates": [[[700107.54848139, 2795181.9267285313], [700108.1473027127, 2795175.0753007736], [700118.4870790519, 2795171.9999292577], [700125.805345142, 2795172.600276395], [700124.9240649618, 2795183.3849803647], [700107.54848139, 2795181.9267285313]]]}, "properties": {"id": 895, "height_m": 33.18, "interval_half_width_m": null, "coverage_nominal": null, "area_m2": null, "perimeter_m": null, "size_class": null, "confidence": null, "provenance": null, "evidence": null, "height_is_metric": false}}, {"type": "Feature", "geometry": {"type": "Polygon", "coordinates": [[[700131.7981052968, 2795176.849854039], [700125.5674705963, 2795174.9508247925], [700124.6320239865, 2795170.2020005076], [700119.3344861409, 2795171.410720569], [700118.4654735127, 2795168.205380139], [700122.911698183, 2795167.219703702], [700122.6531946197, 2795169.430243322], [700129.7946797934, 2795167.8129405417], [700131.7981052968, 2795176.849854039]]]}, "properties": {"id": 896, "height_m": 33.26, "interval_half_width_m": null, "coverage_nominal": null, "area_m2": null, "perimeter_m": null, "size_class": null, "confidence": null, "provenance": null, "evidence": null, "height_is_metric": false}}, {"type": "Feature", "geometry": {"type": "Polygon", "coordinates": [[[700108.3328112904, 2795174.44755], [700113.3326016129, 2795165.6979169357], [700114.3325596774, 2795167.6978330645], [700111.3326854839, 2795171.9476548387], [700112.3326435484, 2795174.197560484], [700108.3328112904, 2795174.44755]]]}, "properties": {"id": 282, "height_m": 30.11, "interval_half_width_m": null, "coverage_nominal": null, "area_m2": 33.6, "perimeter_m": 33.0, "size_class": "small", "confidence": 0.9, "provenance": "INFERRED", "evidence": {"height": 1.0, "edge": 1.0, "texture": 1.0, "shadow": 0.0}, "height_is_metric": false}}, {"type": "Feature", "geometry": {"type": "Polygon", "coordinates": [[[700153.6176248166, 2795176.546277903], [700150.3112754388, 2795174.2605461236], [700148.4196616525, 2795173.314785005], [700149.754078347, 2795170.863715921], [700152.3024944226, 2795172.252665241], [700152.3309661291, 2795174.44755], [700153.6176248166, 2795176.546277903]]]}, "properties": {"id": 898, "height_m": 8.4, "interval_half_width_m": null, "coverage_nominal": null, "area_m2": null, "perimeter_m": null, "size_class": null, "confidence": null, "provenance": null, "evidence": null, "height_is_metric": false}}, {"type": "Feature", "geometry": {"type": "Polygon", "coordinates": [[[700163.7546203533, 2795172.2779937685], [700167.1240774362, 2795172.238963423], [700168.5365548219, 2795170.65638819], [700169.7954436779, 2795171.415999889], [700166.6910206462, 2795174.8988555362], [700163.7546203533, 2795172.2779937685]]]}, "properties": {"id": 899, "height_m": 7.16, "interval_half_width_m": null, "coverage_nominal": null, "area_m2": null, "perimeter_m": null, "size_class": null, "confidence": null, "provenance": null, "evidence": null, "height_is_metric": false}}, {"type": "Feature", "geometry": {"type": "Polygon", "coordinates": [[[699901.3414919355, 2795172.947612903], [699897.3416596774, 2795175.1975185485], [699890.3419532258, 2795166.447885484], [699901.3414919355, 2795172.947612903]]]}, "properties": {"id": 900, "height_m": 14.8, "interval_half_width_m": null, "coverage_nominal": null, "area_m2": null, "perimeter_m": null, "size_class": null, "confidence": null, "provenance": null, "evidence": null, "height_is_metric": false}}, {"type": "Feature", "geometry": {"type": "Polygon", "coordinates": [[[700107.552875737, 2795173.2496632244], [700089.8696878777, 2795171.0444029234], [700091.7490035957, 2795155.0575855738], [700109.6610942088, 2795157.4402981494], [700107.552875737, 2795173.2496632244]]]}, "properties": {"id": 390, "height_m": 28.5, "interval_half_width_m": null, "coverage_nominal": null, "area_m2": 12.9, "perimeter_m": 29.4, "size_class": "tiny", "confidence": 0.9, "provenance": "INFERRED", "evidence": {"height": 1.0, "edge": 1.0, "texture": 1.0, "shadow": 0.0}, "height_is_metric": false}}, {"type": "Feature", "geometry": {"type": "Polygon", "coordinates": [[[700162.0093932503, 2795174.44144674], [700157.022724936, 2795171.4160914375], [700158.5826875917, 2795168.819032382], [700160.3306306452, 2795168.697791129], [700158.5387746383, 2795169.821462267], [700161.8724971359, 2795171.8239417654], [700163.7076862864, 2795171.6141116978], [700162.0093932503, 2795174.44144674]]]}, "properties": {"id": 902, "height_m": 7.53, "interval_half_width_m": null, "coverage_nominal": null, "area_m2": null, "perimeter_m": null, "size_class": null, "confidence": null, "provenance": null, "evidence": null, "height_is_metric": false}}, {"type": "Feature", "geometry": {"type": "Polygon", "coordinates": [[[699890.912196035, 2795173.4087446877], [699887.1620633883, 2795171.4307392607], [699889.1238188862, 2795167.6009438173], [699892.919771755, 2795169.600432718], [699890.912196035, 2795173.4087446877]]]}, "properties": {"id": 903, "height_m": 13.6, "interval_half_width_m": null, "coverage_nominal": null, "area_m2": null, "perimeter_m": null, "size_class": null, "confidence": null, "provenance": null, "evidence": null, "height_is_metric": false}}, {"type": "Feature", "geometry": {"type": "Polygon", "coordinates": [[[700033.1186804074, 2795174.1080256645], [700025.8035574959, 2795171.5372106256], [700030.6025200591, 2795166.646149874], [700032.3195501023, 2795167.249579158], [700033.1186804074, 2795174.1080256645]]]}, "properties": {"id": 58, "height_m": 13.78, "interval_half_width_m": null, "coverage_nominal": null, "area_m2": 644.0, "perimeter_m": 368.2, "size_class": "large", "confidence": 0.895, "provenance": "INFERRED", "evidence": {"height": 1.0, "edge": 1.0, "texture": 0.949, "shadow": 0.0}, "height_is_metric": false}}, {"type": "Feature", "geometry": {"type": "Polygon", "coordinates": [[[699834.0943120968, 2795170.9476967743], [699837.0941862904, 2795169.197770161], [699845.8438193549, 2795170.9476967743], [699840.5940395162, 2795170.9476967743], [699839.5940814517, 2795175.6974975807], [699834.0943120968, 2795170.9476967743]]]}, "properties": {"id": 905, "height_m": 7.17, "interval_half_width_m": null, "coverage_nominal": null, "area_m2": null, "perimeter_m": null, "size_class": null, "confidence": null, "provenance": null, "evidence": null, "height_is_metric": false}}, {"type": "Feature", "geometry": {"type": "Polygon", "coordinates": [[[700163.4565981835, 2795170.816476691], [700161.5501839927, 2795172.161787704], [700159.5184698808, 2795169.294171148], [700160.8306096775, 2795168.697791129], [700158.080725, 2795167.9478225806], [700161.2971123304, 2795167.7685088115], [700163.4565981835, 2795170.816476691]]]}, "properties": {"id": 906, "height_m": 7.13, "interval_half_width_m": null, "coverage_nominal": null, "area_m2": null, "perimeter_m": null, "size_class": null, "confidence": null, "provenance": null, "evidence": null, "height_is_metric": false}}, {"type": "Feature", "geometry": {"type": "Polygon", "coordinates": [[[699867.0962087279, 2795166.991106111], [699880.8390711108, 2795165.904664857], [699884.8389033689, 2795170.9044551793], [699871.096040986, 2795171.9908964336], [699867.0962087279, 2795166.991106111]]]}, "properties": {"id": 907, "height_m": 12.24, "interval_half_width_m": null, "coverage_nominal": null, "area_m2": null, "perimeter_m": null, "size_class": null, "confidence": null, "provenance": null, "evidence": null, "height_is_metric": false}}, {"type": "Feature", "geometry": {"type": "Polygon", "coordinates": [[[700114.0163497939, 2795176.233180682], [700111.5029053962, 2795172.0291638714], [700113.6623607329, 2795168.616282096], [700118.6486018191, 2795168.912076576], [700114.0163497939, 2795176.233180682]]]}, "properties": {"id": 908, "height_m": 30.91, "interval_half_width_m": null, "coverage_nominal": null, "area_m2": null, "perimeter_m": null, "size_class": null, "confidence": null, "provenance": null, "evidence": null, "height_is_metric": false}}, {"type": "Feature", "geometry": {"type": "Polygon", "coordinates": [[[700158.1137741512, 2795173.3004118283], [700151.163107391, 2795170.3648354756], [700148.8124979612, 2795169.4683581786], [700149.8737632692, 2795166.6594549804], [700155.1916249695, 2795168.6956855045], [700157.6295110126, 2795166.5357724233], [700159.7818865682, 2795167.359956609], [700157.5807459678, 2795167.9478225806], [700158.1137741512, 2795173.3004118283]]]}, "properties": {"id": 909, "height_m": 7.64, "interval_half_width_m": null, "coverage_nominal": null, "area_m2": null, "perimeter_m": null, "size_class": null, "confidence": null, "provenance": null, "evidence": null, "height_is_metric": false}}, {"type": "Feature", "geometry": {"type": "Polygon", "coordinates": [[[699886.5927208099, 2795170.753674149], [699881.9869569317, 2795168.2997670495], [699883.8332234984, 2795164.8300944427], [699881.958256353, 2795162.9301802237], [699888.8397884393, 2795166.4256696184], [699886.5927208099, 2795170.753674149]]]}, "properties": {"id": 447, "height_m": 12.79, "interval_half_width_m": null, "coverage_nominal": null, "area_m2": 8.5, "perimeter_m": 21.6, "size_class": "tiny", "confidence": 0.9, "provenance": "INFERRED", "evidence": {"height": 1.0, "edge": 1.0, "texture": 1.0, "shadow": 0.0}, "height_is_metric": false}}, {"type": "Feature", "geometry": {"type": "Polygon", "coordinates": [[[700008.0870153226, 2795170.9476967743], [699997.5874556452, 2795167.6978330645], [700000.0873508065, 2795160.4481370966], [700008.0870153226, 2795170.9476967743]]]}, "properties": {"id": 911, "height_m": 10.86, "interval_half_width_m": null, "coverage_nominal": null, "area_m2": null, "perimeter_m": null, "size_class": null, "confidence": null, "provenance": null, "evidence": null, "height_is_metric": false}}, {"type": "Feature", "geometry": {"type": "Polygon", "coordinates": [[[699866.4325402713, 2795170.8823003466], [699862.3271673954, 2795169.0544045917], [699864.1266982512, 2795165.0109035107], [699868.2356110178, 2795166.8436818733], [699866.4325402713, 2795170.8823003466]]]}, "properties": {"id": 45, "height_m": 10.14, "interval_half_width_m": null, "coverage_nominal": null, "area_m2": 940.0, "perimeter_m": 386.3, "size_class": "large", "confidence": 0.892, "provenance": "INFERRED", "evidence": {"height": 1.0, "edge": 1.0, "texture": 0.924, "shadow": 0.0}, "height_is_metric": false}}, {"type": "Feature", "geometry": {"type": "Polygon", "coordinates": [[[700143.3944512535, 2795168.1503287363], [700139.1316600525, 2795169.2203827384], [700135.8723668066, 2795166.159933693], [700139.5381676628, 2795165.225555153], [700142.4707534185, 2795164.4831851632], [700143.3944512535, 2795168.1503287363]]]}, "properties": {"id": 913, "height_m": 33.01, "interval_half_width_m": null, "coverage_nominal": null, "area_m2": null, "perimeter_m": null, "size_class": null, "confidence": null, "provenance": null, "evidence": null, "height_is_metric": false}}, {"type": "Feature", "geometry": {"type": "Polygon", "coordinates": [[[699903.6835415435, 2795168.614115439], [699892.3456533758, 2795163.998983057], [699895.897811537, 2795155.568123245], [699907.1892081242, 2795160.361013065], [699903.6835415435, 2795168.614115439]]]}, "properties": {"id": 914, "height_m": 14.88, "interval_half_width_m": null, "coverage_nominal": null, "area_m2": null, "perimeter_m": null, "size_class": null, "confidence": null, "provenance": null, "evidence": null, "height_is_metric": false}}, {"type": "Feature", "geometry": {"type": "Polygon", "coordinates": [[[699908.3677628249, 2795172.489868428], [699903.1226977542, 2795170.066843822], [699905.6857311368, 2795164.520292982], [699910.9388219939, 2795166.964221252], [699908.3677628249, 2795172.489868428]]]}, "properties": {"id": 915, "height_m": 15.85, "interval_half_width_m": null, "coverage_nominal": null, "area_m2": null, "perimeter_m": null, "size_class": null, "confidence": null, "provenance": null, "evidence": null, "height_is_metric": false}}, {"type": "Feature", "geometry": {"type": "Polygon", "coordinates": [[[700127.567966535, 2795167.4280995033], [700124.900262249, 2795166.4730003974], [700129.7014830182, 2795163.3414483764], [700125.1131134301, 2795156.9594528363], [700128.4630400821, 2795154.5210785326], [700134.2459396531, 2795162.7153759995], [700127.567966535, 2795167.4280995033]]]}, "properties": {"id": 916, "height_m": 32.01, "interval_half_width_m": null, "coverage_nominal": null, "area_m2": null, "perimeter_m": null, "size_class": null, "confidence": null, "provenance": null, "evidence": null, "height_is_metric": false}}, {"type": "Feature", "geometry": {"type": "Polygon", "coordinates": [[[699835.08175085, 2795170.2587303063], [699854.3386718445, 2795158.7195413765], [699851.0935991936, 2795161.6980846776], [699858.3606131607, 2795161.865741221], [699835.08175085, 2795170.2587303063]]]}, "properties": {"id": 917, "height_m": 7.91, "interval_half_width_m": null, "coverage_nominal": null, "area_m2": null, "perimeter_m": null, "size_class": null, "confidence": null, "provenance": null, "evidence": null, "height_is_metric": false}}, {"type": "Feature", "geometry": {"type": "Polygon", "coordinates": [[[699882.0137349835, 2795167.233222422], [699878.4907809198, 2795164.7995781447], [699880.0387506702, 2795162.528036444], [699883.5761084267, 2795164.980967022], [699882.0137349835, 2795167.233222422]]]}, "properties": {"id": 918, "height_m": 11.92, "interval_half_width_m": null, "coverage_nominal": null, "area_m2": null, "perimeter_m": null, "size_class": null, "confidence": null, "provenance": null, "evidence": null, "height_is_metric": false}}, {"type": "Feature", "geometry": {"type": "Polygon", "coordinates": [[[699992.9483374528, 2795168.499770869], [699999.9766681923, 2795155.6463670344], [699999.3650605407, 2795151.7665553777], [700004.986589926, 2795154.839943334], [699997.6603285656, 2795168.2381851594], [699992.9483374528, 2795168.499770869]]]}, "properties": {"id": 919, "height_m": 9.99, "interval_half_width_m": null, "coverage_nominal": null, "area_m2": null, "perimeter_m": null, "size_class": null, "confidence": null, "provenance": null, "evidence": null, "height_is_metric": false}}, {"type": "Feature", "geometry": {"type": "Polygon", "coordinates": [[[699911.7443607216, 2795166.897634689], [699906.2801581125, 2795164.427981179], [699907.5187078557, 2795161.663265581], [699906.6780753849, 2795159.988103899], [699913.4845373771, 2795163.0131540387], [699911.7443607216, 2795166.897634689]]]}, "properties": {"id": 920, "height_m": 15.98, "interval_half_width_m": null, "coverage_nominal": null, "area_m2": null, "perimeter_m": null, "size_class": null, "confidence": null, "provenance": null, "evidence": null, "height_is_metric": false}}, {"type": "Feature", "geometry": {"type": "Polygon", "coordinates": [[[700114.3325596774, 2795169.447759677], [700113.8325806452, 2795163.4480112903], [700114.5825491935, 2795164.1979798386], [700125.082108871, 2795161.9480741937], [700125.8320774194, 2795166.947864516], [700114.3325596774, 2795169.447759677]]]}, "properties": {"id": 921, "height_m": 31.49, "interval_half_width_m": null, "coverage_nominal": null, "area_m2": null, "perimeter_m": null, "size_class": null, "confidence": null, "provenance": null, "evidence": null, "height_is_metric": false}}, {"type": "Feature", "geometry": {"type": "Polygon", "coordinates": [[[700132.4912524977, 2795165.834690985], [700133.9132814847, 2795163.3290587594], [700134.9077466156, 2795162.7166882004], [700137.7555275781, 2795164.17933438], [700135.0327108573, 2795166.2841045107], [700136.8895970959, 2795168.0937820356], [700132.4912524977, 2795165.834690985]]]}, "properties": {"id": 922, "height_m": 32.62, "interval_half_width_m": null, "coverage_nominal": null, "area_m2": null, "perimeter_m": null, "size_class": null, "confidence": null, "provenance": null, "evidence": null, "height_is_metric": false}}, {"type": "Feature", "geometry": {"type": "Polygon", "coordinates": [[[700138.2333517778, 2795165.5954432054], [700136.5272770856, 2795163.0208136295], [700139.2035564514, 2795161.2555678347], [700140.5518885779, 2795163.334612726], [700142.3313854838, 2795164.1979798386], [700140.6415454624, 2795164.0336190555], [700138.2333517778, 2795165.5954432054]]]}, "properties": {"id": 923, "height_m": 32.5, "interval_half_width_m": null, "coverage_nominal": null, "area_m2": null, "perimeter_m": null, "size_class": null, "confidence": null, "provenance": null, "evidence": null, "height_is_metric": false}}, {"type": "Feature", "geometry": {"type": "Polygon", "coordinates": [[[700144.917184025, 2795163.760345604], [700142.7444540984, 2795165.0623539896], [700140.3656170927, 2795161.0023130747], [700135.7762099504, 2795160.8594967984], [700138.8869803722, 2795159.0368193304], [700142.5482343, 2795159.7172107184], [700144.917184025, 2795163.760345604]]]}, "properties": {"id": 924, "height_m": 32.5, "interval_half_width_m": null, "coverage_nominal": null, "area_m2": null, "perimeter_m": null, "size_class": null, "confidence": null, "provenance": null, "evidence": null, "height_is_metric": false}}, {"type": "Feature", "geometry": {"type": "Polygon", "coordinates": [[[699948.0895314517, 2795187.1970153227], [699928.8403387098, 2795172.197644355], [699961.8389548387, 2795143.44885], [699948.0895314517, 2795187.1970153227]]]}, "properties": {"id": 925, "height_m": 23.45, "interval_half_width_m": null, "coverage_nominal": null, "area_m2": null, "perimeter_m": null, "size_class": null, "confidence": null, "provenance": null, "evidence": null, "height_is_metric": false}}, {"type": "Feature", "geometry": {"type": "Polygon", "coordinates": [[[700001.9632181827, 2795164.8614346813], [700000.5439051462, 2795159.513544943], [700002.5940511023, 2795159.6335655446], [700007.4518490887, 2795158.2181891105], [700007.9677271124, 2795160.0006460976], [700005.187478718, 2795160.7602883126], [700006.1519768438, 2795163.6491442127], [700001.9632181827, 2795164.8614346813]]]}, "properties": {"id": 926, "height_m": 10.52, "interval_half_width_m": null, "coverage_nominal": null, "area_m2": null, "perimeter_m": null, "size_class": null, "confidence": null, "provenance": null, "evidence": null, "height_is_metric": false}}, {"type": "Feature", "geometry": {"type": "Polygon", "coordinates": [[[699893.5885211753, 2795163.7365428912], [699890.9293156784, 2795162.2394743264], [699892.4468911956, 2795159.501338424], [699893.3418274194, 2795159.9481580644], [699893.3584130275, 2795161.1666128254], [699894.6360694071, 2795161.84645492], [699893.5885211753, 2795163.7365428912]]]}, "properties": {"id": 927, "height_m": 13.23, "interval_half_width_m": null, "coverage_nominal": null, "area_m2": null, "perimeter_m": null, "size_class": null, "confidence": null, "provenance": null, "evidence": null, "height_is_metric": false}}, {"type": "Feature", "geometry": {"type": "Polygon", "coordinates": [[[700007.8210047499, 2795168.427355693], [700004.1235890085, 2795167.3967287485], [700004.9948903591, 2795164.170179491], [700005.815687236, 2795164.378819423], [700006.8771051255, 2795160.4368460663], [700009.0683584451, 2795161.0285876077], [700009.4088287859, 2795162.547414293], [700007.8210047499, 2795168.427355693]]]}, "properties": {"id": 928, "height_m": 10.91, "interval_half_width_m": null, "coverage_nominal": null, "area_m2": null, "perimeter_m": null, "size_class": null, "confidence": null, "provenance": null, "evidence": null, "height_is_metric": false}}, {"type": "Feature", "geometry": {"type": "Polygon", "coordinates": [[[699862.1046425478, 2795169.4462643787], [699854.5781332377, 2795163.377884837], [699860.2072154067, 2795156.4487930993], [699867.732717679, 2795162.5192172336], [699862.1046425478, 2795169.4462643787]]]}, "properties": {"id": 929, "height_m": 9.48, "interval_half_width_m": null, "coverage_nominal": null, "area_m2": null, "perimeter_m": null, "size_class": null, "confidence": null, "provenance": null, "evidence": null, "height_is_metric": false}}, {"type": "Feature", "geometry": {"type": "Polygon", "coordinates": [[[699939.089908871, 2795161.9480741937], [699934.8400870968, 2795159.6981685483], [699940.3398564516, 2795150.4485564516], [699939.3398983871, 2795153.4484306453], [699942.5897620968, 2795155.198357258], [699939.089908871, 2795161.9480741937]]]}, "properties": {"id": 930, "height_m": 20.55, "interval_half_width_m": null, "coverage_nominal": null, "area_m2": null, "perimeter_m": null, "size_class": null, "confidence": null, "provenance": null, "evidence": null, "height_is_metric": false}}, {"type": "Feature", "geometry": {"type": "Polygon", "coordinates": [[[700138.359902867, 2795158.9223832116], [700137.8315741936, 2795160.4481370966], [700135.3316790323, 2795160.948116129], [700137.4743198887, 2795161.2845888347], [700135.9685236627, 2795162.568653637], [700132.9110041815, 2795159.127391704], [700136.1944663357, 2795156.3378663547], [700138.359902867, 2795158.9223832116]]]}, "properties": {"id": 931, "height_m": 32.06, "interval_half_width_m": null, "coverage_nominal": null, "area_m2": null, "perimeter_m": null, "size_class": null, "confidence": null, "provenance": null, "evidence": null, "height_is_metric": false}}, {"type": "Feature", "geometry": {"type": "Polygon", "coordinates": [[[700032.4242210056, 2795161.512484551], [700028.3765086755, 2795154.26471111], [700031.1135459912, 2795152.701055982], [700033.1859993616, 2795156.7455946174], [700038.6732265177, 2795153.70650698], [700036.4921961579, 2795159.259466243], [700032.4242210056, 2795161.512484551]]]}, "properties": {"id": 932, "height_m": 12.99, "interval_half_width_m": null, "coverage_nominal": null, "area_m2": null, "perimeter_m": null, "size_class": null, "confidence": null, "provenance": null, "evidence": null, "height_is_metric": false}}, {"type": "Feature", "geometry": {"type": "Polygon", "coordinates": [[[699924.5330700038, 2795160.0626246994], [699915.6386218455, 2795155.6483200775], [699918.0546277026, 2795150.9698663764], [699924.1364191578, 2795154.1126178787], [699924.5330700038, 2795160.0626246994]]]}, "properties": {"id": 115, "height_m": 17.53, "interval_half_width_m": null, "coverage_nominal": null, "area_m2": 237.6, "perimeter_m": 88.6, "size_class": "medium", "confidence": 0.859, "provenance": "INFERRED", "evidence": {"height": 1.0, "edge": 0.837, "texture": 0.994, "shadow": 0.0}, "height_is_metric": false}}, {"type": "Feature", "geometry": {"type": "Polygon", "coordinates": [[[700064.4586441718, 2795147.040069023], [700079.0257212571, 2795142.166555143], [700089.960840061, 2795154.0578716397], [700069.141522736, 2795161.029625162], [700064.4586441718, 2795147.040069023]]]}, "properties": {"id": 355, "height_m": 21.9, "interval_half_width_m": null, "coverage_nominal": null, "area_m2": 17.5, "perimeter_m": 34.0, "size_class": "tiny", "confidence": 0.9, "provenance": "INFERRED", "evidence": {"height": 1.0, "edge": 1.0, "texture": 0.996, "shadow": 0.0}, "height_is_metric": false}}, {"type": "Feature", "geometry": {"type": "Polygon", "coordinates": [[[700142.1165812598, 2795159.50500038], [700136.9780028122, 2795157.160616275], [700131.185460091, 2795158.4858780797], [700127.73519585, 2795156.025409976], [700140.6430712774, 2795153.064566128], [700142.1165812598, 2795159.50500038]]]}, "properties": {"id": 935, "height_m": 31.84, "interval_half_width_m": null, "coverage_nominal": null, "area_m2": null, "perimeter_m": null, "size_class": null, "confidence": null, "provenance": null, "evidence": null, "height_is_metric": false}}, {"type": "Feature", "geometry": {"type": "Polygon", "coordinates": [[[700104.0599802271, 2795157.5523234806], [700108.3328112904, 2795156.4483048385], [700103.3330209678, 2795151.198525], [700105.8636460415, 2795145.0740870177], [700117.6575239974, 2795143.837932804], [700118.9995392502, 2795156.0798510523], [700104.0599802271, 2795157.5523234806]]]}, "properties": {"id": 121, "height_m": 29.49, "interval_half_width_m": null, "coverage_nominal": null, "area_m2": 223.8, "perimeter_m": 111.8, "size_class": "medium", "confidence": 0.893, "provenance": "INFERRED", "evidence": {"height": 1.0, "edge": 1.0, "texture": 0.926, "shadow": 0.0}, "height_is_metric": false}}, {"type": "Feature", "geometry": {"type": "Polygon", "coordinates": [[[699864.5096930538, 2795157.2507919366], [699841.6430525302, 2795161.2619762574], [699839.6283665128, 2795149.3322092253], [699843.2370408586, 2795145.155626567], [699863.4499688189, 2795141.742073433], [699858.0933056452, 2795152.4484725804], [699864.5096930538, 2795157.2507919366]]]}, "properties": {"id": 937, "height_m": 7.9, "interval_half_width_m": null, "coverage_nominal": null, "area_m2": null, "perimeter_m": null, "size_class": null, "confidence": null, "provenance": null, "evidence": null, "height_is_metric": false}}, {"type": "Feature", "geometry": {"type": "Polygon", "coordinates": [[[699898.8631717971, 2795156.7501110295], [699895.8252437796, 2795153.038047465], [699890.3305706466, 2795149.2338551953], [699896.8728225277, 2795146.1528991973], [699903.3165677977, 2795150.3177330806], [699898.8631717971, 2795156.7501110295]]]}, "properties": {"id": 192, "height_m": 13.83, "interval_half_width_m": null, "coverage_nominal": null, "area_m2": 88.5, "perimeter_m": 42.2, "size_class": "small", "confidence": 0.9, "provenance": "INFERRED", "evidence": {"height": 1.0, "edge": 1.0, "texture": 0.997, "shadow": 0.0}, "height_is_metric": false}}, {"type": "Feature", "geometry": {"type": "Polygon", "coordinates": [[[699914.5936827572, 2795155.353532635], [699912.1330162975, 2795153.338236292], [699913.5505288724, 2795151.037948238], [699915.0734142255, 2795149.1442593434], [699917.8540135572, 2795151.3684397493], [699914.5936827572, 2795155.353532635]]]}, "properties": {"id": 939, "height_m": 16.28, "interval_half_width_m": null, "coverage_nominal": null, "area_m2": null, "perimeter_m": null, "size_class": null, "confidence": null, "provenance": null, "evidence": null, "height_is_metric": false}}, {"type": "Feature", "geometry": {"type": "Polygon", "coordinates": [[[700033.3999491293, 2795157.079412405], [700031.5576801975, 2795153.149767633], [700034.3768368723, 2795151.833935364], [700033.5918661297, 2795150.220508154], [700035.6770753126, 2795149.24230821], [700037.1620899395, 2795152.414965685], [700033.3999491293, 2795157.079412405]]]}, "properties": {"id": 940, "height_m": 12.72, "interval_half_width_m": null, "coverage_nominal": null, "area_m2": null, "perimeter_m": null, "size_class": null, "confidence": null, "provenance": null, "evidence": null, "height_is_metric": false}}, {"type": "Feature", "geometry": {"type": "Polygon", "coordinates": [[[699912.1866486918, 2795151.9892022903], [699909.9059215853, 2795153.6494415025], [699904.8365388443, 2795146.731793377], [699901.8434697853, 2795148.9912506235], [699890.591942742, 2795145.198776613], [699904.9337485128, 2795142.381450916], [699912.1866486918, 2795151.9892022903]]]}, "properties": {"id": 941, "height_m": 15.19, "interval_half_width_m": null, "coverage_nominal": null, "area_m2": null, "perimeter_m": null, "size_class": null, "confidence": null, "provenance": null, "evidence": null, "height_is_metric": false}}, {"type": "Feature", "geometry": {"type": "Polygon", "coordinates": [[[699941.5898040322, 2795158.1982314517], [699942.0897830646, 2795143.698839516], [699949.3394790323, 2795143.44885], [699941.5898040322, 2795158.1982314517]]]}, "properties": {"id": 142, "height_m": 21.66, "interval_half_width_m": null, "coverage_nominal": null, "area_m2": 172.5, "perimeter_m": 117.6, "size_class": "medium", "confidence": 0.899, "provenance": "INFERRED", "evidence": {"height": 1.0, "edge": 1.0, "texture": 0.988, "shadow": 0.0}, "height_is_metric": false}}, {"type": "Feature", "geometry": {"type": "Polygon", "coordinates": [[[699983.7305385971, 2795148.1194915287], [699987.9542841944, 2795142.789758988], [700004.8484731596, 2795146.2530842046], [700003.5669412102, 2795152.3823742783], [699983.7305385971, 2795148.1194915287]]]}, "properties": {"id": 235, "height_m": 11.19, "interval_half_width_m": null, "coverage_nominal": null, "area_m2": 60.7, "perimeter_m": 46.4, "size_class": "small", "confidence": 0.897, "provenance": "INFERRED", "evidence": {"height": 1.0, "edge": 1.0, "texture": 0.968, "shadow": 0.0}, "height_is_metric": false}}, {"type": "Feature", "geometry": {"type": "Polygon", "coordinates": [[[700049.2693397632, 2795151.8140997705], [700042.3028045278, 2795152.0879225153], [700036.0907847694, 2795143.700243266], [700048.9290830365, 2795143.192421545], [700049.2693397632, 2795151.8140997705]]]}, "properties": {"id": 944, "height_m": 13.87, "interval_half_width_m": null, "coverage_nominal": null, "area_m2": null, "perimeter_m": null, "size_class": null, "confidence": null, "provenance": null, "evidence": null, "height_is_metric": false}}, {"type": "Feature", "geometry": {"type": "Polygon", "coordinates": [[[699906.2964385577, 2795151.4148245226], [699903.0582931065, 2795150.539739151], [699903.9193562391, 2795147.391189552], [699904.5913556452, 2795149.448598387], [699906.2964385577, 2795151.4148245226]]]}, "properties": {"id": 945, "height_m": 14.46, "interval_half_width_m": null, "coverage_nominal": null, "area_m2": null, "perimeter_m": null, "size_class": null, "confidence": null, "provenance": null, "evidence": null, "height_is_metric": false}}, {"type": "Feature", "geometry": {"type": "Polygon", "coordinates": [[[699902.2407004411, 2795157.533525441], [699901.9252382067, 2795151.508936787], [699906.3582645782, 2795151.302829708], [699904.9850921847, 2795148.9099246883], [699908.0263159625, 2795148.6791604403], [699908.2623595303, 2795153.756584226], [699902.2407004411, 2795157.533525441]]]}, "properties": {"id": 946, "height_m": 7.62, "interval_half_width_m": null, "coverage_nominal": null, "area_m2": null, "perimeter_m": null, "size_class": null, "confidence": null, "provenance": null, "evidence": null, "height_is_metric": false}}, {"type": "Feature", "geometry": {"type": "Polygon", "coordinates": [[[699969.3472001443, 2795153.315562682], [699960.1347721571, 2795150.987413248], [699962.0926673432, 2795147.654972435], [699962.6345910276, 2795144.5878098034], [699970.9848725537, 2795146.4474119926], [699969.3472001443, 2795153.315562682]]]}, "properties": {"id": 123, "height_m": 2.64, "interval_half_width_m": null, "coverage_nominal": null, "area_m2": 217.4, "perimeter_m": 118.9, "size_class": "medium", "confidence": 0.724, "provenance": "INFERRED", "evidence": {"height": 0.682, "edge": 1.0, "texture": 0.991, "shadow": 0.0}, "height_is_metric": false}}, {"type": "Feature", "geometry": {"type": "Polygon", "coordinates": [[[700103.0498602353, 2795145.499575766], [700093.616601055, 2795146.647904073], [700090.3478477567, 2795144.092713379], [700097.0777596146, 2795143.238257025], [700097.175686416, 2795144.6649244893], [700102.2319013742, 2795144.0494412677], [700103.0498602353, 2795145.499575766]]]}, "properties": {"id": 207, "height_m": 26.03, "interval_half_width_m": null, "coverage_nominal": null, "area_m2": 76.2, "perimeter_m": 66.6, "size_class": "small", "confidence": 0.898, "provenance": "INFERRED", "evidence": {"height": 1.0, "edge": 1.0, "texture": 0.981, "shadow": 0.0}, "height_is_metric": false}}, {"type": "Feature", "geometry": {"type": "Polygon", "coordinates": [[[699941.5898040322, 2795143.698839516], [699940.5898459678, 2795145.198776613], [699939.8398774194, 2795144.698797581], [699939.3398983871, 2795144.698797581], [699938.8399193549, 2795144.1988185486], [699939.089908871, 2795143.948829032], [699939.8398774194, 2795143.948829032], [699941.089825, 2795143.44885], [699941.5898040322, 2795143.698839516]]]}, "properties": {"id": 500, "height_m": 20.45, "interval_half_width_m": null, "coverage_nominal": null, "area_m2": 6.3, "perimeter_m": 17.4, "size_class": "tiny", "confidence": 0.311, "provenance": "INFERRED", "evidence": {"height": 0.012, "edge": 0.819, "texture": 1.0, "shadow": 0.0}, "height_is_metric": false}}, {"type": "Feature", "geometry": {"type": "Polygon", "coordinates": [[[699980.2416712388, 2795145.7053166493], [699980.1858264128, 2795143.535607836], [699987.3367563809, 2795143.35553116], [699986.8371588023, 2795144.389026636], [699982.0888532945, 2795144.508589493], [699980.2416712388, 2795145.7053166493]]]}, "properties": {"id": 241, "height_m": 8.98, "interval_half_width_m": null, "coverage_nominal": null, "area_m2": 55.2, "perimeter_m": 39.1, "size_class": "small", "confidence": 0.825, "provenance": "INFERRED", "evidence": {"height": 1.0, "edge": 0.718, "texture": 0.953, "shadow": 0.0}, "height_is_metric": false}}]}